age_norm,gender_enc,marital_enc,education_enc,income_enc,physiological_risk,behavioral_risk,textual_risk,composite_risk,risk_tier_enc,interaction_count_norm,last_reward_norm,escalation_count_norm,risk_tier
0.05882353,2.0,3.0,4.0,0.33333334,0.43788,0.75,0.7037,0.63641,0.0,0.0,0.5,0.0,2
0.9411765,2.0,1.0,5.0,0.854,0.0409665,0.15201789,0.11040131,0.09977145,0.0,0.0,0.0,0.0,0
0.0,2.0,3.0,3.0,0.0,0.1489143,0.020656604,0.0,0.048658706,0.0,0.0,0.0,0.0,0
0.47058824,1.0,1.0,2.0,0.292,0.065360375,0.11934485,0.053319015,0.072396085,0.0,0.0,0.0,0.0,0
1.0,2.0,1.0,4.0,0.368,0.076252066,0.09480675,0.12188417,0.102091804,0.0,0.0,0.0,0.0,0
0.0,2.0,3.0,4.0,0.5,0.20255,0.625,0.2963,0.34607,0.0,0.0,0.5,0.0,1
0.7058824,2.0,1.0,4.0,0.828,0.07714459,0.091310844,0.060267016,0.07253544,0.0,0.0,0.0,0.0,0
0.8235294,1.0,1.0,5.0,0.198,0.13649005,0.09236373,0.113076136,0.115089074,0.0,0.0,0.0,0.0,0
0.23529412,1.0,3.0,4.0,0.6666667,0.1307,0.575,0.18519,0.26088,0.0,0.0,0.5,0.0,0
0.88235295,2.0,1.0,5.0,1.0,0.019251896,0.017100172,0.0,0.009685893,0.0,0.0,0.0,0.0,0
0.1764706,1.0,3.0,4.0,0.5,0.37552,0.625,0.2963,0.39694,0.0,0.0,0.5,0.0,2
0.05882353,2.0,3.0,4.0,0.8333333,0.77864,0.9,0.85185,0.84165,0.0,0.0,0.5,0.0,2
0.11764706,1.0,3.0,4.0,0.16666667,0.15705,0.5,0.03704,0.18127,0.0,0.0,0.5,0.0,0
1.0,1.0,1.0,4.0,1.0,0.022249674,0.15728828,0.0155605925,0.050875664,0.0,0.0,0.0,0.0,0
0.9411765,2.0,3.0,4.0,0.076,0.058737528,0.13822031,0.06735931,0.08149666,0.0,0.0,0.0,0.0,0
0.11764706,2.0,3.0,3.0,0.016,0.008993434,0.037146106,0.06233435,0.0407192,0.0,0.0,0.0,0.0,0
0.05882353,2.0,3.0,4.0,0.5,0.31012,0.675,0.37037,0.42433,0.0,0.0,0.5,0.0,1
0.23529412,2.0,3.0,4.0,0.6666667,0.6571,0.65,0.51852,0.59021,0.0,0.0,0.5,0.0,2
0.5882353,2.0,1.0,4.0,0.922,0.04924994,0.067261875,0.075074814,0.06564093,0.0,0.0,0.0,0.0,0
0.3529412,2.0,1.0,4.0,0.126,0.16198726,0.054339472,0.07458204,0.0955265,0.0,0.0,0.0,0.0,0
0.0,1.0,3.0,4.0,0.8333333,0.49704,0.475,0.33333,0.41481,0.0,0.0,0.5,0.0,2
0.8235294,1.0,1.0,2.0,0.478,0.002846558,0.017414976,0.07503047,0.04024332,0.0,0.0,0.0,0.0,0
0.1764706,2.0,3.0,4.0,0.8333333,0.0,0.575,0.03704,0.15272,0.0,0.0,0.5,0.0,0
0.3529412,2.0,1.0,2.0,0.24,0.09214537,0.0,0.09195615,0.07037506,0.0,0.0,0.0,0.0,0
0.9411765,1.0,3.0,4.0,0.33333334,0.0,0.4,0.0,0.09412,0.0,0.0,0.5,0.0,0
0.05882353,1.0,3.0,3.0,0.368,0.17436655,0.2115156,0.2338925,0.21111971,0.0,0.0,0.0,0.0,0
0.88235295,2.0,1.0,4.0,0.294,0.053818386,0.13573398,0.17547682,0.13034368,0.0,0.0,0.0,0.0,0
0.11764706,1.0,3.0,4.0,0.5,0.27336,0.55,0.59259,0.48868,0.0,0.0,0.5,0.0,1
0.23529412,2.0,3.0,4.0,0.5,0.30936,0.7,0.2963,0.39513,0.0,0.0,0.5,0.0,1
0.1764706,2.0,3.0,4.0,1.0,0.49892,0.575,0.33333,0.4389,0.0,0.0,0.5,0.0,2
0.0,1.0,3.0,4.0,0.6666667,0.20143,0.45,0.18519,0.25227,0.0,0.0,0.5,0.0,0
0.11764706,2.0,3.0,4.0,0.33333334,0.66556,0.65,0.74074,0.69728,0.0,0.0,0.5,0.0,2
0.64705884,2.0,3.0,2.0,0.034,0.032787483,0.18002604,0.12694812,0.111742735,0.0,0.0,0.0,0.0,0
0.11764706,2.0,3.0,4.0,0.5,0.0,0.475,0.07407,0.14662,0.0,0.0,0.5,0.0,0
0.11764706,1.0,3.0,4.0,0.33333334,0.29419,0.675,0.2963,0.38478,0.0,0.0,0.5,0.0,1
0.7647059,2.0,1.0,5.0,1.0,0.043844376,0.07405632,0.08186067,0.06884309,0.0,0.0,0.0,0.0,0
0.1764706,1.0,3.0,4.0,0.8333333,0.20386,0.45,0.07407,0.2007,0.0,0.0,0.5,0.0,0
0.11764706,1.0,3.0,3.0,0.53,0.044175792,0.08376997,0.12893976,0.093380995,0.0,0.0,0.0,0.0,0
0.23529412,1.0,3.0,4.0,0.33333334,0.28239,0.525,0.22222,0.31116,0.0,0.0,0.5,0.0,1
0.4117647,2.0,2.0,5.0,0.962,0.09022213,0.023182781,0.047724333,0.0544492,0.0,0.0,0.0,0.0,0
0.29411766,2.0,1.0,2.0,0.108,0.0,0.0,0.028744595,0.013526869,0.0,0.0,0.0,0.0,0
0.4117647,1.0,3.0,4.0,0.646,0.07705904,0.13961388,0.09429051,0.09988675,0.0,0.0,0.0,0.0,0
0.0,1.0,3.0,4.0,0.8333333,0.31095,0.575,0.48148,0.45333,0.0,0.0,0.5,0.0,1
0.23529412,1.0,3.0,4.0,0.22,0.09945976,0.12994,0.0,0.059826985,0.0,0.0,0.0,0.0,0
0.29411766,2.0,3.0,5.0,1.0,0.07621809,0.1143962,0.115270115,0.1035786,0.0,0.0,0.0,0.0,0
0.0,2.0,3.0,3.0,0.058,0.083236344,0.024454426,0.17106572,0.11073677,0.0,0.0,0.0,0.0,0
0.23529412,1.0,3.0,4.0,0.8333333,0.70636,0.6,0.44444,0.55808,0.0,0.0,0.5,0.0,2
0.9411765,2.0,2.0,4.0,0.166,0.17702132,0.16062851,0.057963833,0.117137134,0.0,0.0,0.0,0.0,0
0.0,2.0,3.0,4.0,0.5,0.64632,0.85,0.48148,0.61667,0.0,0.0,0.5,0.0,2
0.3529412,1.0,1.0,2.0,0.288,0.0,0.04688026,0.0043827076,0.0130931,0.0,0.0,0.0,0.0,0
0.8235294,1.0,3.0,4.0,0.42,0.13472383,0.120691836,0.024745032,0.07966746,0.0,0.0,0.0,0.0,0
0.64705884,2.0,1.0,1.0,0.368,0.20179982,0.0,0.0,0.05935289,0.0,0.0,0.0,0.0,0
0.11764706,1.0,3.0,4.0,1.0,0.00651,0.475,0.0,0.11368,0.0,0.0,0.5,0.0,0
0.11764706,1.0,3.0,4.0,1.0,0.67505,0.625,0.44444,0.55475,0.0,0.0,0.5,0.0,2
0.23529412,2.0,3.0,4.0,0.5,0.95781,0.85,0.88889,0.90001,0.0,0.0,0.5,0.0,2
0.05882353,1.0,3.0,3.0,0.228,0.11906785,0.15947571,0.11645365,0.12734537,0.0,0.0,0.0,0.0,0
0.11764706,2.0,3.0,4.0,0.5,0.51659,0.6,0.59259,0.57198,0.0,0.0,0.5,0.0,2
0.1764706,1.0,3.0,4.0,0.5,0.39784,0.625,0.44444,0.47322,0.0,0.0,0.5,0.0,2
0.23529412,2.0,3.0,4.0,0.33333334,0.77725,0.825,0.92593,0.85845,0.0,0.0,0.5,0.0,2
0.7058824,2.0,1.0,5.0,0.784,0.118983544,0.10997081,0.04677736,0.082883514,0.0,0.0,0.0,0.0,0
0.1764706,2.0,3.0,4.0,0.6666667,0.71998,0.8,0.81481,0.78344,0.0,0.0,0.5,0.0,2
0.1764706,2.0,3.0,4.0,0.5,0.17954,0.525,0.18519,0.26348,0.0,0.0,0.5,0.0,0
0.23529412,1.0,3.0,4.0,0.244,0.04239348,0.1248301,0.029834224,0.055880092,0.0,0.0,0.0,0.0,0
0.1764706,1.0,3.0,4.0,0.8333333,0.58216,0.625,0.74074,0.66687,0.0,0.0,0.5,0.0,2
0.5294118,2.0,3.0,3.0,0.218,0.14269368,0.07468591,0.052588943,0.084289625,0.0,0.0,0.0,0.0,0
0.11764706,2.0,3.0,4.0,0.33333334,0.83454,0.7,0.77778,0.77617,0.0,0.0,0.5,0.0,2
0.23529412,2.0,3.0,4.0,0.8333333,0.78294,0.75,0.85185,0.80762,0.0,0.0,0.5,0.0,2
0.11764706,1.0,3.0,4.0,0.8333333,0.15878,0.5,0.07407,0.19921,0.0,0.0,0.5,0.0,0
1.0,1.0,3.0,4.0,0.5,0.04561,0.45,0.03704,0.13673,0.0,0.0,0.5,0.0,0
0.23529412,2.0,3.0,4.0,0.6666667,0.23112,0.725,0.59259,0.51743,0.0,0.0,0.5,0.0,1
0.8235294,2.0,3.0,4.0,0.8333333,0.0492,0.625,0.07407,0.19639,0.0,0.0,0.5,0.0,0
0.23529412,2.0,1.0,3.0,0.078,0.09216396,0.00021465187,0.11681049,0.0821272,0.0,0.0,0.0,0.0,0
0.11764706,1.0,3.0,4.0,0.16666667,0.01563,0.525,0.18519,0.21527,0.0,0.0,0.5,0.0,0
0.0,1.0,3.0,3.0,0.368,0.0,0.0058490117,0.051321283,0.02552743,0.0,0.0,0.0,0.0,0
0.0,1.0,3.0,3.0,0.128,0.06010215,0.06443294,0.10781788,0.08357562,0.0,0.0,0.0,0.0,0
0.3529412,1.0,3.0,3.0,0.088,0.0720656,0.0,0.11176197,0.073789634,0.0,0.0,0.0,0.0,0
0.11764706,2.0,3.0,4.0,1.0,0.23067,0.65,0.22222,0.32536,0.0,0.0,0.5,0.0,1
0.1764706,2.0,3.0,4.0,0.6666667,0.58034,0.775,0.48148,0.57962,0.0,0.0,0.5,0.0,2
0.0,2.0,3.0,4.0,0.8333333,0.59947,0.675,0.51852,0.57915,0.0,0.0,0.5,0.0,2
0.1764706,2.0,3.0,4.0,0.6666667,0.21318,0.75,0.22222,0.34374,0.0,0.0,0.5,0.0,1
0.1764706,1.0,3.0,3.0,0.368,0.10365409,0.048719127,0.077320375,0.07833588,0.0,0.0,0.0,0.0,0
0.1764706,1.0,3.0,4.0,0.368,0.0155008305,0.07191011,0.12982874,0.08257497,0.0,0.0,0.0,0.0,0
0.5294118,2.0,3.0,5.0,0.962,0.06582643,0.13875756,0.091606006,0.09511826,0.0,0.0,0.0,0.0,0
0.3529412,2.0,3.0,4.0,0.6666667,0.21948,0.65,0.03704,0.23492,0.0,0.0,0.5,0.0,1
0.11764706,2.0,3.0,4.0,1.0,0.6675,0.8,0.55556,0.646,0.0,0.0,0.5,0.0,2
0.05882353,1.0,3.0,3.0,0.118,0.029316634,0.13969262,0.022329956,0.051999606,0.0,0.0,0.0,0.0,0
0.29411766,1.0,3.0,2.0,0.16,0.6699137,0.5461201,0.4867454,0.554589,2.0,0.0,0.0,0.0,2
0.0,2.0,3.0,4.0,0.8333333,0.18095,0.55,0.22222,0.28721,0.0,0.0,0.5,0.0,0
0.0,1.0,3.0,4.0,0.33333334,0.5296,0.65,0.81481,0.69215,0.0,0.0,0.5,0.0,2
0.05882353,2.0,3.0,3.0,0.048,0.25004277,0.3294246,0.2925744,0.28873572,1.0,0.0,0.0,0.0,1
0.11764706,2.0,3.0,4.0,0.8333333,0.38379,0.55,0.2963,0.38172,0.0,0.0,0.5,0.0,2
0.11764706,1.0,3.0,3.0,1.0,0.15650673,0.0,0.0,0.046031393,0.0,0.0,0.0,0.0,0
0.5882353,1.0,3.0,4.0,0.658,0.09932772,0.1106651,0.15589125,0.12861347,0.0,0.0,0.0,0.0,0
0.0,2.0,3.0,4.0,0.33333334,0.23403,0.675,0.22222,0.33223,0.0,0.0,0.5,0.0,1
0.1764706,2.0,3.0,4.0,0.8333333,0.30454,0.75,0.48148,0.49262,0.0,0.0,0.5,0.0,1
0.1764706,2.0,3.0,4.0,0.8333333,0.16152,0.575,0.18519,0.26995,0.0,0.0,0.5,0.0,0
0.1764706,1.0,3.0,4.0,0.5,0.62666,0.7,0.66667,0.66274,0.0,0.0,0.5,0.0,2
0.88235295,1.0,1.0,5.0,0.496,0.049613316,0.031477954,0.028958634,0.035626322,0.0,0.0,0.0,0.0,0
0.88235295,1.0,3.0,4.0,0.338,0.06643407,0.036471523,0.019307144,0.037206683,0.0,0.0,0.0,0.0,0
0.4117647,1.0,3.0,4.0,1.0,0.22753,0.6,0.07407,0.24295,0.0,0.0,0.5,0.0,1
0.1764706,1.0,3.0,4.0,0.368,0.07346125,0.11167357,0.060716346,0.07645478,0.0,0.0,0.0,0.0,0
0.0,1.0,3.0,4.0,0.6666667,0.392,0.55,0.40741,0.43643,0.0,0.0,0.5,0.0,1
0.11764706,1.0,3.0,4.0,0.33333334,0.50712,0.675,0.59259,0.58684,0.0,0.0,0.5,0.0,2
0.11764706,1.0,3.0,4.0,0.8333333,0.02303,0.675,0.22222,0.27017,0.0,0.0,0.5,0.0,0
0.47058824,1.0,3.0,4.0,0.49,0.06690648,0.09141225,0.062120017,0.070420094,0.0,0.0,0.0,0.0,0
0.7058824,1.0,3.0,4.0,0.368,0.25226042,0.24833272,0.2900209,0.2691059,1.0,0.0,0.0,0.0,1
0.3529412,1.0,3.0,2.0,0.368,0.05478718,0.0019772202,0.0,0.016579105,0.0,0.0,0.0,0.0,0
0.3529412,1.0,3.0,4.0,0.8333333,0.58058,0.625,0.37037,0.49211,0.0,0.0,0.5,0.0,2
0.5294118,2.0,3.0,5.0,0.972,0.076374225,0.13281612,0.16843069,0.13297535,0.0,0.0,0.0,0.0,0
0.8235294,1.0,1.0,4.0,0.264,0.10608413,0.1426787,0.015662095,0.07214307,0.0,0.0,0.0,0.0,0
0.11764706,2.0,3.0,4.0,0.16666667,0.64717,0.725,0.81481,0.74438,0.0,0.0,0.5,0.0,2
0.05882353,1.0,3.0,4.0,1.0,0.10195,0.6,0.14815,0.24088,0.0,0.0,0.5,0.0,0
0.23529412,1.0,3.0,2.0,0.24,0.018369634,0.027517907,0.059570264,0.0399107,0.0,0.0,0.0,0.0,0
0.11764706,1.0,3.0,4.0,1.0,0.22164,0.575,0.33333,0.35734,0.0,0.0,0.5,0.0,1
0.23529412,1.0,3.0,4.0,0.5,0.6343,0.625,0.51852,0.57763,0.0,0.0,0.5,0.0,2
0.5294118,2.0,1.0,5.0,0.824,0.045257986,0.063912965,0.0,0.028349519,0.0,0.0,0.0,0.0,0
1.0,1.0,1.0,5.0,0.482,0.05853951,0.07825078,0.08712683,0.07663031,0.0,0.0,0.0,0.0,0
0.05882353,1.0,3.0,3.0,1.0,0.0,0.13141523,0.10726012,0.08139658,0.0,0.0,0.0,0.0,0
0.1764706,1.0,3.0,4.0,0.5,0.52135,0.625,0.74074,0.64898,0.0,0.0,0.5,0.0,2
0.29411766,2.0,1.0,3.0,0.096,0.088017195,0.0008346369,0.09447111,0.070540786,0.0,0.0,0.0,0.0,0
0.1764706,2.0,3.0,4.0,0.8333333,0.08227,0.475,0.11111,0.18825,0.0,0.0,0.5,0.0,0
0.7058824,2.0,3.0,5.0,1.0,0.12624207,0.08386734,0.0,0.05686351,0.0,0.0,0.0,0.0,0
0.5882353,1.0,3.0,5.0,0.368,0.112872,0.12849309,0.02791122,0.076566,0.0,0.0,0.0,0.0,0
0.64705884,1.0,1.0,5.0,1.0,0.018437538,0.06449649,0.0,0.020598449,0.0,0.0,0.0,0.0,0
0.7647059,1.0,1.0,1.0,0.278,0.0,0.0,0.009720294,0.004574256,0.0,0.0,0.0,0.0,0
0.8235294,2.0,1.0,3.0,0.334,0.031191923,0.08359942,0.09804021,0.074981116,0.0,0.0,0.0,0.0,0
0.4117647,1.0,3.0,3.0,0.008,0.0,0.046178356,0.0,0.010865496,0.0,0.0,0.0,0.0,0
0.0,2.0,3.0,3.0,0.386,0.18210939,0.20954978,0.1619766,0.1790917,1.0,0.0,0.0,0.0,1
0.88235295,1.0,1.0,4.0,0.236,0.08449942,0.050691616,0.053131986,0.061783496,0.0,0.0,0.0,0.0,0
0.1764706,1.0,3.0,3.0,1.0,0.1099742,0.06365135,0.01163464,0.052797265,0.0,0.0,0.0,0.0,0
0.11764706,2.0,3.0,4.0,0.33333334,0.38179,0.65,0.33333,0.4221,0.0,0.0,0.5,0.0,1
0.9411765,2.0,3.0,5.0,0.656,0.04985336,0.0,0.106968254,0.06500075,0.0,0.0,0.0,0.0,0
0.0,1.0,3.0,4.0,0.33333334,0.24493,0.55,0.44444,0.4106,0.0,0.0,0.5,0.0,1
0.0,2.0,3.0,4.0,1.0,0.0,0.4,0.0,0.09412,0.0,0.0,0.5,0.0,0
0.0,2.0,3.0,3.0,0.368,0.112916455,0.027402459,0.0,0.03965836,0.0,0.0,0.0,0.0,0
0.05882353,1.0,3.0,3.0,0.544,0.12821558,0.09984042,0.097997315,0.107318714,0.0,0.0,0.0,0.0,0
0.05882353,2.0,3.0,3.0,0.368,0.010393997,0.0,0.026248269,0.015409185,0.0,0.0,0.0,0.0,0
0.1764706,2.0,3.0,4.0,0.8333333,0.32543,0.675,0.03704,0.27197,0.0,0.0,0.5,0.0,1
0.8235294,2.0,2.0,4.0,0.364,0.0,0.032281905,0.0,0.0075957426,0.0,0.0,0.0,0.0,0
1.0,2.0,1.0,5.0,0.368,0.12835434,0.035426497,0.0688699,0.07849629,0.0,0.0,0.0,0.0,0
0.64705884,2.0,1.0,3.0,0.962,0.02870624,0.08154823,0.064604886,0.05803313,0.0,0.0,0.0,0.0,0
0.7647059,2.0,1.0,4.0,0.368,0.026360765,0.021562763,0.03616901,0.02984747,0.0,0.0,0.0,0.0,0
0.64705884,2.0,1.0,4.0,0.24,0.06278052,0.12940095,0.1269567,0.10865647,0.0,0.0,0.0,0.0,0
0.05882353,2.0,3.0,3.0,1.0,0.07934858,0.078154154,0.015890991,0.049205147,0.0,0.0,0.0,0.0,0
0.05882353,2.0,3.0,3.0,0.012,0.30020493,0.29769176,0.2251756,0.26430568,1.0,0.0,0.0,0.0,1
0.4117647,1.0,3.0,5.0,0.384,0.15608156,0.080282256,0.0932752,0.10869049,0.0,0.0,0.0,0.0,0
0.29411766,1.0,3.0,4.0,0.732,0.06729057,0.005639082,0.031181376,0.035791777,0.0,0.0,0.0,0.0,0
0.64705884,1.0,1.0,5.0,0.828,0.050843094,0.09628689,0.044256054,0.05843597,0.0,0.0,0.0,0.0,0
0.05882353,2.0,3.0,4.0,0.5,0.55491,0.75,0.51852,0.58369,0.0,0.0,0.5,0.0,2
0.29411766,2.0,1.0,4.0,0.622,0.280398,0.24278656,0.26046014,0.26216573,1.0,0.0,0.0,0.0,1
0.23529412,2.0,1.0,3.0,0.244,0.018187076,0.011432629,0.08522761,0.04814628,0.0,0.0,0.0,0.0,0
0.1764706,1.0,3.0,4.0,0.388,0.0075700684,0.06774402,0.0029363981,0.019548094,0.0,0.0,0.0,0.0,0
1.0,2.0,1.0,3.0,0.004,0.05940915,0.0,0.0,0.01747328,0.0,0.0,0.0,0.0,0
0.4117647,2.0,1.0,4.0,0.112,0.0,0.0,0.0,0.0,0.0,0.0,0.0,0.0,0
0.1764706,2.0,3.0,4.0,0.33333334,0.8912,0.75,0.92593,0.87432,0.0,0.0,0.5,0.0,2
0.1764706,2.0,3.0,4.0,0.6666667,0.61713,0.725,0.85185,0.75297,0.0,0.0,0.5,0.0,2
0.5294118,1.0,3.0,3.0,0.368,0.08084995,0.06993826,0.052441776,0.06491394,0.0,0.0,0.0,0.0,0
0.5294118,1.0,3.0,5.0,0.368,0.1329648,0.11468518,0.24736598,0.18249957,0.0,0.0,0.0,0.0,0
0.11764706,1.0,3.0,4.0,0.6666667,0.15265,0.65,0.48148,0.42442,0.0,0.0,0.5,0.0,0
0.11764706,1.0,3.0,4.0,0.5,0.29138,0.675,0.11111,0.29681,0.0,0.0,0.5,0.0,1
0.05882353,2.0,3.0,4.0,0.33333334,0.57291,0.8,0.51852,0.60075,0.0,0.0,0.5,0.0,2
0.11764706,2.0,3.0,4.0,0.5,0.33146,0.65,0.07407,0.28529,0.0,0.0,0.5,0.0,1
0.11764706,1.0,3.0,4.0,0.922,0.0,0.0,0.03918799,0.018441407,0.0,0.0,0.0,0.0,0
0.3529412,2.0,3.0,5.0,0.104,0.0,0.0,0.13055514,0.06143771,0.0,0.0,0.0,0.0,0
0.9411765,1.0,1.0,4.0,0.22,0.0,0.01659641,0.09925653,0.050613992,0.0,0.0,0.0,0.0,0
0.88235295,2.0,1.0,5.0,0.478,0.02049926,0.0071925176,0.0,0.007721551,0.0,0.0,0.0,0.0,0
0.4117647,1.0,1.0,4.0,0.464,0.037458446,0.013321352,0.11465749,0.0681081,0.0,0.0,0.0,0.0,0
0.0,2.0,3.0,4.0,0.33333334,0.61025,0.525,0.59259,0.58188,0.0,0.0,0.5,0.0,2
0.4117647,1.0,3.0,4.0,1.0,0.37976,0.575,0.22222,0.35156,0.0,0.0,0.5,0.0,1
0.64705884,1.0,1.0,5.0,1.0,0.047598485,0.035156105,0.030471416,0.03661107,0.0,0.0,0.0,0.0,0
0.7647059,2.0,1.0,4.0,1.0,0.062251624,0.06258016,0.09267611,0.07664633,0.0,0.0,0.0,0.0,0
0.05882353,2.0,3.0,4.0,0.6666667,0.6164,0.625,0.44444,0.5375,0.0,0.0,0.5,0.0,2
1.0,2.0,1.0,5.0,0.478,0.09533207,0.0,0.0,0.028038844,0.0,0.0,0.0,0.0,0
0.05882353,2.0,3.0,3.0,0.368,0.0859041,0.08049043,0.023581354,0.055301942,0.0,0.0,0.0,0.0,0
0.05882353,2.0,3.0,4.0,0.8333333,0.60005,0.575,0.2963,0.45121,0.0,0.0,0.5,0.0,2
0.8235294,1.0,3.0,3.0,0.368,0.08804216,0.1284437,0.15544392,0.12926689,0.0,0.0,0.0,0.0,0
0.05882353,2.0,3.0,3.0,0.304,0.07978237,0.13323112,0.06205861,0.084017955,0.0,0.0,0.0,0.0,0
0.7058824,2.0,3.0,5.0,1.0,0.0,0.0,0.010261554,0.0048289667,0.0,0.0,0.0,0.0,0
0.3529412,1.0,3.0,4.0,0.8333333,0.18122,0.55,0.2963,0.32214,0.0,0.0,0.5,0.0,0
0.11764706,2.0,3.0,4.0,0.228,0.4491251,0.37822044,0.41643637,0.41705874,2.0,0.0,0.0,0.0,2
0.1764706,1.0,1.0,4.0,0.042,0.07952262,0.07642804,0.0,0.041372072,0.0,0.0,0.0,0.0,0
0.0,2.0,3.0,4.0,0.33333334,0.44577,0.675,0.37037,0.46422,0.0,0.0,0.5,0.0,2
0.47058824,1.0,3.0,4.0,0.248,0.10270806,0.14554012,0.02620591,0.07678518,0.0,0.0,0.0,0.0,0
0.11764706,1.0,3.0,4.0,0.33333334,0.17876,0.375,0.22222,0.24539,0.0,0.0,0.5,0.0,0
0.11764706,2.0,3.0,4.0,0.33333334,0.38212,0.6,0.22222,0.35814,0.0,0.0,0.5,0.0,1
0.29411766,1.0,3.0,4.0,0.6666667,0.34255,0.55,0.55556,0.4916,0.0,0.0,0.5,0.0,1
0.5882353,1.0,1.0,4.0,1.0,0.16269106,0.15767951,0.07047314,0.1181152,0.0,0.0,0.0,0.0,0
0.29411766,2.0,3.0,4.0,0.6666667,0.76135,0.725,0.77778,0.76053,0.0,0.0,0.5,0.0,2
0.11764706,1.0,3.0,3.0,0.368,0.027113926,0.09404691,0.0,0.030103369,0.0,0.0,0.0,0.0,0
0.1764706,2.0,3.0,4.0,0.5,0.14803,0.5,0.07407,0.19604,0.0,0.0,0.5,0.0,0
0.7058824,1.0,3.0,5.0,0.368,0.11182718,0.023218198,0.083229,0.07752004,0.0,0.0,0.0,0.0,0
0.05882353,1.0,3.0,3.0,0.816,0.08221364,0.0,0.044383686,0.045066923,0.0,0.0,0.0,0.0,0
0.7647059,1.0,1.0,4.0,0.122,0.565631,0.43015343,0.55327255,0.5279382,2.0,0.0,0.0,0.0,2
0.64705884,1.0,1.0,3.0,0.174,0.055449862,0.0,0.08189699,0.054848544,0.0,0.0,0.0,0.0,0
0.23529412,1.0,1.0,3.0,0.376,0.036456384,0.10433337,0.048514687,0.058101937,0.0,0.0,0.0,0.0,0
0.11764706,2.0,3.0,3.0,0.368,0.0,0.006814033,0.0026330661,0.0028423918,0.0,0.0,0.0,0.0,0
0.23529412,2.0,3.0,4.0,1.0,0.27395,0.55,0.22222,0.31456,0.0,0.0,0.5,0.0,1
0.23529412,2.0,3.0,4.0,0.8333333,0.30163,0.6,0.48148,0.45647,0.0,0.0,0.5,0.0,1
0.1764706,2.0,3.0,3.0,0.308,0.09343368,0.22587502,0.10679053,0.13088192,0.0,0.0,0.0,0.0,0
0.05882353,1.0,3.0,4.0,0.6666667,0.16803,0.625,0.2963,0.33591,0.0,0.0,0.5,0.0,0
0.05882353,2.0,3.0,4.0,0.8333333,0.5689,0.625,0.66667,0.62811,0.0,0.0,0.5,0.0,2
0.11764706,2.0,3.0,4.0,0.5,0.44366,0.7,0.51852,0.5392,0.0,0.0,0.5,0.0,2
0.1764706,1.0,3.0,4.0,0.5,0.08101,0.375,0.33333,0.26893,0.0,0.0,0.5,0.0,0
0.1764706,1.0,3.0,4.0,0.33333334,0.24333,0.55,0.14815,0.2707,0.0,0.0,0.5,0.0,0
0.23529412,1.0,1.0,2.0,0.398,0.034723848,0.039317675,0.0,0.019464113,0.0,0.0,0.0,0.0,0
0.29411766,1.0,3.0,4.0,0.368,0.0,0.014256192,0.0,0.003354398,0.0,0.0,0.0,0.0,0
0.23529412,2.0,3.0,4.0,0.33333334,0.66605,0.625,0.7037,0.67411,0.0,0.0,0.5,0.0,2
0.05882353,1.0,3.0,3.0,0.182,0.095112965,0.0,0.0013237717,0.028597353,0.0,0.0,0.0,0.0,0
0.29411766,2.0,3.0,4.0,0.6666667,0.08081,0.625,0.25926,0.29283,0.0,0.0,0.5,0.0,0
0.3529412,2.0,3.0,2.0,0.368,0.070306286,0.0,0.08197927,0.059256796,0.0,0.0,0.0,0.0,0
0.23529412,2.0,3.0,4.0,0.5,0.32195,0.6,0.40741,0.42759,0.0,0.0,0.5,0.0,1
0.3529412,1.0,3.0,4.0,1.0,0.07785,0.5,0.25926,0.26255,0.0,0.0,0.5,0.0,0
0.88235295,1.0,1.0,5.0,0.962,0.06310626,0.018063793,0.11019619,0.074668,0.0,0.0,0.0,0.0,0
0.1764706,2.0,3.0,4.0,0.33333334,0.42206,0.625,0.40741,0.46291,0.0,0.0,0.5,0.0,1
0.05882353,2.0,3.0,4.0,0.8333333,0.50269,0.725,0.74074,0.66702,0.0,0.0,0.5,0.0,2
0.0,2.0,3.0,4.0,0.6666667,0.16825,0.575,0.33333,0.34164,0.0,0.0,0.5,0.0,1
0.11764706,1.0,3.0,4.0,0.8333333,0.28444,0.6,0.62963,0.52113,0.0,0.0,0.5,0.0,1
0.23529412,2.0,3.0,4.0,1.0,0.20404,0.625,0.0,0.20707,0.0,0.0,0.5,0.0,0
0.5294118,2.0,1.0,3.0,0.342,0.009625843,0.0,0.09722721,0.04858511,0.0,0.0,0.0,0.0,0
0.11764706,1.0,3.0,4.0,0.98,0.07958005,0.06401408,0.0,0.038468033,0.0,0.0,0.0,0.0,0
0.47058824,2.0,1.0,4.0,0.572,0.12023855,0.15141581,0.11122217,0.123331375,0.0,0.0,0.0,0.0,0
0.64705884,1.0,3.0,4.0,0.6666667,0.17503,0.4,0.07407,0.18046,0.0,0.0,0.5,0.0,0
0.1764706,1.0,3.0,4.0,0.8333333,0.36285,0.575,0.37037,0.41631,0.0,0.0,0.5,0.0,1
0.1764706,2.0,3.0,4.0,0.33333334,0.31515,0.65,0.37037,0.41993,0.0,0.0,0.5,0.0,1
0.88235295,1.0,3.0,4.0,0.298,0.0,0.029033687,0.09637045,0.052182253,0.0,0.0,0.0,0.0,0
0.0,1.0,3.0,4.0,0.8333333,0.05286,0.425,0.03704,0.13298,0.0,0.0,0.5,0.0,0
0.11764706,1.0,3.0,4.0,0.33333334,0.35664,0.55,0.48148,0.46089,0.0,0.0,0.5,0.0,1
0.3529412,2.0,3.0,4.0,0.322,0.0355955,0.06759754,0.050422568,0.050102834,0.0,0.0,0.0,0.0,0
0.05882353,2.0,3.0,4.0,0.5,0.20913,0.5,0.25926,0.30116,0.0,0.0,0.5,0.0,0
0.9411765,2.0,1.0,4.0,0.518,0.09288045,0.08405403,0.122191824,0.10459723,0.0,0.0,0.0,0.0,0
0.9411765,2.0,2.0,4.0,0.396,0.096801095,0.096218385,0.01382451,0.05761618,0.0,0.0,0.0,0.0,0
0.0,2.0,3.0,4.0,0.8333333,0.0,0.525,0.11111,0.17582,0.0,0.0,0.5,0.0,0
0.11764706,2.0,3.0,4.0,0.5,0.69137,0.675,0.66667,0.67589,0.0,0.0,0.5,0.0,2
0.1764706,1.0,3.0,4.0,0.8333333,0.32942,0.675,0.14815,0.32543,0.0,0.0,0.5,0.0,1
0.05882353,1.0,3.0,4.0,0.5,0.15401,0.6,0.40741,0.3782,0.0,0.0,0.5,0.0,0
0.0,2.0,3.0,3.0,0.528,0.0,0.12527633,0.06412985,0.059655536,0.0,0.0,0.0,0.0,0
0.05882353,1.0,3.0,4.0,0.5,0.10614,0.5,0.0,0.14887,0.0,0.0,0.5,0.0,0
0.9411765,2.0,1.0,5.0,1.0,0.0,0.099895164,0.04401205,0.044216298,0.0,0.0,0.0,0.0,0
0.29411766,2.0,3.0,5.0,0.194,0.09144351,0.0578107,0.0023470053,0.041602142,0.0,0.0,0.0,0.0,0
0.5294118,2.0,1.0,3.0,0.198,0.4148697,0.35181573,0.3436892,0.36653677,1.0,0.0,0.0,0.0,1
0.5294118,1.0,3.0,3.0,0.116,0.0,0.03606127,0.0,0.008485004,0.0,0.0,0.0,0.0,0
0.64705884,2.0,1.0,5.0,0.844,0.099621475,0.17244111,0.119093746,0.12591892,0.0,0.0,0.0,0.0,0
0.0,2.0,3.0,4.0,0.6666667,0.14223,0.575,0.14815,0.24684,0.0,0.0,0.5,0.0,0
0.0,1.0,3.0,3.0,1.0,0.15939486,0.12749995,0.04028753,0.095839664,0.0,0.0,0.0,0.0,0
0.47058824,1.0,3.0,3.0,0.236,0.056418374,0.05110905,0.039746966,0.047323752,0.0,0.0,0.0,0.0,0
0.0,1.0,3.0,4.0,0.5,0.08935,0.525,0.33333,0.30667,0.0,0.0,0.5,0.0,0
0.0,1.0,3.0,4.0,0.16666667,0.54002,0.575,0.44444,0.50327,0.0,0.0,0.5,0.0,2
0.64705884,2.0,1.0,5.0,1.0,0.19152717,0.112125225,0.13069622,0.14421803,0.0,0.0,0.0,0.0,0
0.23529412,2.0,3.0,4.0,0.8333333,0.57005,0.575,0.55556,0.5644,0.0,0.0,0.5,0.0,2
0.7058824,1.0,1.0,1.0,0.024,0.07607176,0.0,0.090757184,0.06508331,0.0,0.0,0.0,0.0,0
0.8235294,1.0,3.0,5.0,0.944,0.21567659,0.2835145,0.13634112,0.19430411,1.0,0.0,0.0,0.0,1
1.0,2.0,1.0,4.0,0.738,0.04635312,0.014923007,0.0,0.017144566,0.0,0.0,0.0,0.0,0
0.4117647,1.0,3.0,3.0,0.08,0.22041711,0.09955727,0.09052975,0.13085604,0.0,0.0,0.0,0.0,0
0.23529412,2.0,3.0,4.0,0.33333334,0.12421,0.4,0.14815,0.20037,0.0,0.0,0.5,0.0,0
0.11764706,1.0,3.0,4.0,0.16666667,0.34234,0.625,0.18519,0.33489,0.0,0.0,0.5,0.0,1
0.1764706,1.0,3.0,4.0,0.6666667,0.19007,0.525,0.11111,0.23172,0.0,0.0,0.5,0.0,0
0.05882353,2.0,3.0,4.0,0.5,0.38843,0.5,0.48148,0.45847,0.0,0.0,0.5,0.0,1
0.0,2.0,3.0,3.0,0.368,0.056670852,0.0,0.0,0.016667897,0.0,0.0,0.0,0.0,0
0.7058824,1.0,1.0,3.0,0.156,0.033032224,0.06269175,0.09317444,0.06831316,0.0,0.0,0.0,0.0,0
0.5294118,1.0,3.0,4.0,0.368,0.12075044,0.08956749,0.0,0.05658954,0.0,0.0,0.0,0.0,0
0.1764706,2.0,1.0,3.0,0.298,0.08937603,0.005350456,0.0814777,0.06588845,0.0,0.0,0.0,0.0,0
0.05882353,1.0,3.0,4.0,0.16666667,0.40566,0.5,0.55556,0.4984,0.0,0.0,0.5,0.0,1
0.8235294,1.0,1.0,5.0,0.97,0.07194967,0.020264665,0.02738437,0.038816586,0.0,0.0,0.0,0.0,0
0.05882353,2.0,3.0,4.0,0.5,0.61519,0.6,0.40741,0.51384,0.0,0.0,0.5,0.0,2
0.05882353,2.0,3.0,4.0,0.8333333,0.32594,0.675,0.25926,0.37669,0.0,0.0,0.5,0.0,1
0.05882353,2.0,3.0,4.0,0.6666667,0.68478,0.75,0.77778,0.74389,0.0,0.0,0.5,0.0,2
0.05882353,1.0,3.0,3.0,0.492,0.07707073,0.086190745,0.103204094,0.09151467,0.0,0.0,0.0,0.0,0
0.11764706,2.0,3.0,4.0,0.5,0.42494,0.6,0.33333,0.42302,0.0,0.0,0.5,0.0,2
0.05882353,2.0,3.0,3.0,0.66,0.0,0.07734295,0.07289463,0.0525017,0.0,0.0,0.0,0.0,0
0.5882353,2.0,1.0,5.0,0.85,0.0,0.0,0.111052714,0.0522601,0.0,0.0,0.0,0.0,0
0.8235294,1.0,3.0,4.0,0.362,0.11982302,0.10500517,0.10000995,0.107012674,0.0,0.0,0.0,0.0,0
0.05882353,1.0,3.0,4.0,0.6666667,0.19204,0.7,0.44444,0.43034,0.0,0.0,0.5,0.0,0
0.1764706,2.0,3.0,4.0,0.16666667,0.22028,0.725,0.11111,0.28766,0.0,0.0,0.5,0.0,1
0.05882353,2.0,3.0,3.0,0.082,0.1834896,0.047112007,0.0306025,0.079453886,0.0,0.0,0.0,0.0,0
0.11764706,1.0,3.0,4.0,0.8333333,0.37183,0.6,0.11111,0.30283,0.0,0.0,0.5,0.0,1
0.7058824,1.0,1.0,2.0,0.482,0.09225249,0.037130926,0.0149388015,0.0428998,0.0,0.0,0.0,0.0,0
0.23529412,2.0,3.0,4.0,0.33333334,0.25348,0.675,0.48148,0.45996,0.0,0.0,0.5,0.0,1
0.88235295,2.0,1.0,3.0,0.384,0.053006962,0.1583235,0.0,0.05284287,0.0,0.0,0.0,0.0,0
0.9411765,2.0,3.0,4.0,0.236,0.08359259,0.1313138,0.15352508,0.12773052,0.0,0.0,0.0,0.0,0
0.23529412,1.0,3.0,4.0,0.8333333,0.31906,0.5,0.44444,0.42064,0.0,0.0,0.5,0.0,1
0.29411766,1.0,3.0,4.0,0.948,0.12954147,0.07531058,0.03251986,0.07112403,0.0,0.0,0.0,0.0,0
0.0,1.0,3.0,3.0,0.066,0.00031616175,0.015879765,0.08999109,0.046178155,0.0,0.0,0.0,0.0,0
0.0,1.0,3.0,4.0,1.0,0.40531,0.55,0.92593,0.68435,0.0,0.0,0.5,0.0,2
0.5882353,1.0,1.0,3.0,0.156,0.16511364,0.05794682,0.073505364,0.09678814,0.0,0.0,0.0,0.0,0
0.11764706,2.0,3.0,4.0,0.8333333,0.2075,0.425,0.14815,0.23075,0.0,0.0,0.5,0.0,1
0.1764706,2.0,3.0,4.0,0.5,0.47276,0.575,0.66667,0.58807,0.0,0.0,0.5,0.0,2
0.23529412,1.0,3.0,3.0,0.104,0.09743433,0.086152375,0.04707278,0.0710802,0.0,0.0,0.0,0.0,0
0.05882353,2.0,3.0,4.0,0.6666667,0.57308,0.725,0.77778,0.70516,0.0,0.0,0.5,0.0,2
0.0,2.0,3.0,4.0,0.33333334,0.85111,0.75,0.44444,0.63595,0.0,0.0,0.5,0.0,2
0.4117647,2.0,3.0,4.0,0.6666667,0.23825,0.575,0.2963,0.3448,0.0,0.0,0.5,0.0,1
0.5294118,1.0,1.0,4.0,0.816,0.08030262,0.100548565,0.0,0.047276903,0.0,0.0,0.0,0.0,0
0.11764706,1.0,3.0,4.0,0.5,0.21722,0.625,0.48148,0.43753,0.0,0.0,0.5,0.0,1
0.1764706,2.0,3.0,4.0,0.6666667,0.23342,0.6,0.18519,0.29698,0.0,0.0,0.5,0.0,0
0.05882353,1.0,3.0,4.0,0.33333334,0.48955,0.6,0.51852,0.52917,0.0,0.0,0.5,0.0,2
0.23529412,2.0,1.0,3.0,0.402,0.046012107,0.15097581,0.04734084,0.071334735,0.0,0.0,0.0,0.0,0
0.11764706,1.0,3.0,4.0,1.0,0.13793,0.6,0.11111,0.23403,0.0,0.0,0.5,0.0,0
0.11764706,2.0,3.0,4.0,0.8333333,0.24612,0.5,0.11111,0.24232,0.0,0.0,0.5,0.0,1
0.05882353,2.0,3.0,3.0,0.368,0.0,0.051619507,0.02197158,0.022485334,0.0,0.0,0.0,0.0,0
0.11764706,1.0,3.0,4.0,1.0,0.056837343,0.10042265,0.10665739,0.09053744,0.0,0.0,0.0,0.0,0
0.11764706,1.0,3.0,4.0,0.078,0.0,0.0,0.0,0.0,0.0,0.0,0.0,0.0,0
0.1764706,2.0,3.0,4.0,0.8333333,0.67165,0.75,0.85185,0.77489,0.0,0.0,0.5,0.0,2
0.64705884,1.0,2.0,3.0,0.048,0.0,0.0,0.09345855,0.043980494,0.0,0.0,0.0,0.0,0
0.23529412,1.0,3.0,4.0,0.6666667,0.22687,0.525,0.18519,0.2774,0.0,0.0,0.5,0.0,0
0.1764706,1.0,3.0,4.0,0.6666667,0.23027,0.5,0.0,0.18537,0.0,0.0,0.5,0.0,1
0.05882353,1.0,3.0,3.0,0.368,0.12745903,0.14602125,0.09059033,0.114476636,0.0,0.0,0.0,0.0,0
0.64705884,1.0,3.0,2.0,0.578,0.0,0.0,0.05902554,0.027776726,0.0,0.0,0.0,0.0,0
0.4117647,1.0,1.0,3.0,0.662,0.08054328,0.07310721,0.07514075,0.07625125,0.0,0.0,0.0,0.0,0
0.9411765,2.0,2.0,4.0,0.368,0.0,0.04693462,0.079402596,0.04840937,0.0,0.0,0.0,0.0,0
0.88235295,1.0,1.0,5.0,0.666,0.07793724,0.18219492,0.10431741,0.114882655,0.0,0.0,0.0,0.0,0
0.47058824,2.0,1.0,5.0,1.0,0.1328045,0.11456227,0.09580052,0.11109857,0.0,0.0,0.0,0.0,0
0.11764706,2.0,3.0,4.0,0.5,0.20469,0.525,0.33333,0.34059,0.0,0.0,0.5,0.0,0
0.9411765,1.0,1.0,1.0,0.196,0.06553468,0.0,0.10478191,0.06858404,0.0,0.0,0.0,0.0,0
1.0,2.0,1.0,5.0,0.772,0.17251913,0.17642723,0.05885224,0.11994838,0.0,0.0,0.0,0.0,0
0.23529412,2.0,3.0,4.0,0.5,0.60836,0.7,0.51852,0.58765,0.0,0.0,0.5,0.0,2
0.47058824,1.0,3.0,4.0,0.33333334,0.14165,0.475,0.18519,0.24057,0.0,0.0,0.5,0.0,0
0.05882353,1.0,3.0,3.0,1.0,0.015223314,0.058606505,0.051918305,0.042699356,0.0,0.0,0.0,0.0,0
0.3529412,1.0,3.0,4.0,0.4,0.094651334,0.14006698,0.0,0.060795564,0.0,0.0,0.0,0.0,0
0.47058824,1.0,2.0,3.0,0.116,0.030514853,0.035735514,0.10940526,0.06886814,0.0,0.0,0.0,0.0,0
0.05882353,2.0,3.0,4.0,0.33333334,0.06679,0.475,0.07407,0.16627,0.0,0.0,0.5,0.0,0
0.47058824,2.0,1.0,5.0,0.956,0.23503378,0.17274922,0.0797349,0.14729677,0.0,0.0,0.0,0.0,0
0.29411766,1.0,3.0,4.0,0.348,0.1259428,0.15162645,0.12752412,0.13273017,0.0,0.0,0.0,0.0,0
0.1764706,1.0,3.0,4.0,1.0,0.18502004,0.07163882,0.071755916,0.10504135,0.0,0.0,0.0,0.0,0
0.11764706,1.0,3.0,2.0,0.492,0.13580155,0.05974448,0.03934695,0.07251537,0.0,0.0,0.0,0.0,0
0.0,1.0,3.0,3.0,0.244,0.0,0.0,0.02317834,0.010907454,0.0,0.0,0.0,0.0,0
0.7647059,1.0,3.0,3.0,0.434,0.015550691,0.009290615,0.08822595,0.048277855,0.0,0.0,0.0,0.0,0
0.88235295,1.0,3.0,2.0,0.368,0.04615868,0.046191208,0.026796713,0.037054818,0.0,0.0,0.0,0.0,0
0.11764706,2.0,3.0,4.0,0.8333333,0.40072,0.6,0.66667,0.57276,0.0,0.0,0.5,0.0,2
0.1764706,2.0,1.0,2.0,0.278,0.038147412,0.010050284,0.024308527,0.025023907,0.0,0.0,0.0,0.0,0
0.05882353,2.0,3.0,4.0,0.33333334,0.25611,0.625,0.55556,0.48382,0.0,0.0,0.5,0.0,1
0.4117647,1.0,3.0,4.0,0.286,0.051388398,0.002647287,0.0,0.015737126,0.0,0.0,0.0,0.0,0
0.05882353,1.0,3.0,4.0,0.6666667,0.24577,0.475,0.44444,0.3932,0.0,0.0,0.5,0.0,1
0.23529412,2.0,3.0,4.0,0.33333334,0.38211,0.625,0.44444,0.46859,0.0,0.0,0.5,0.0,1
0.0,1.0,3.0,4.0,0.8333333,0.33415,0.575,0.33333,0.39044,0.0,0.0,0.5,0.0,1
0.9411765,1.0,1.0,5.0,1.0,0.08604854,0.0911116,0.054856572,0.07256128,0.0,0.0,0.0,0.0,0
0.1764706,2.0,3.0,4.0,0.5,0.07541,0.55,0.22222,0.25617,0.0,0.0,0.5,0.0,0
0.05882353,2.0,3.0,4.0,0.6666667,0.12136,0.575,0.18519,0.25813,0.0,0.0,0.5,0.0,0
0.29411766,2.0,1.0,5.0,0.69,0.05811305,0.10413037,0.11356776,0.09503699,0.0,0.0,0.0,0.0,0
0.5294118,2.0,3.0,1.0,0.036,0.13170634,0.080669925,0.084148966,0.09731783,0.0,0.0,0.0,0.0,0
0.88235295,1.0,2.0,5.0,0.32,0.1468412,0.17268781,0.149719,0.15427701,0.0,0.0,0.0,0.0,0
0.5882353,1.0,3.0,4.0,0.368,0.09747809,0.06810442,0.0,0.0446946,0.0,0.0,0.0,0.0,0
0.0,1.0,3.0,4.0,0.8333333,0.0,0.5,0.0,0.11765,0.0,0.0,0.5,0.0,0
0.0,2.0,3.0,4.0,0.6666667,0.58577,0.75,0.88889,0.76706,0.0,0.0,0.5,0.0,2
0.11764706,1.0,3.0,4.0,0.33333334,0.95197,0.525,0.96296,0.85668,0.0,0.0,0.5,0.0,2
0.7058824,2.0,1.0,3.0,0.79,0.0,0.0,0.024307765,0.011438948,0.0,0.0,0.0,0.0,0
0.0,1.0,3.0,4.0,0.16666667,0.76943,0.8,0.59259,0.69341,0.0,0.0,0.5,0.0,2
0.11764706,1.0,1.0,3.0,1.0,0.056681715,0.07768217,0.08380642,0.074387565,0.0,0.0,0.0,0.0,0
0.29411766,1.0,3.0,4.0,0.8333333,0.32665,0.55,0.07407,0.26034,0.0,0.0,0.5,0.0,1
0.7058824,2.0,3.0,2.0,0.368,0.0,0.0,0.055923805,0.026317086,0.0,0.0,0.0,0.0,0
0.7647059,1.0,1.0,4.0,1.0,0.07309558,0.10684269,0.13216464,0.10883328,0.0,0.0,0.0,0.0,0
0.05882353,1.0,3.0,4.0,0.33333334,0.21638,0.5,0.07407,0.21615,0.0,0.0,0.5,0.0,1
0.11764706,1.0,3.0,4.0,0.8333333,0.66009,0.65,0.81481,0.73053,0.0,0.0,0.5,0.0,2
0.1764706,2.0,3.0,3.0,0.368,0.02208928,0.030338723,0.043921653,0.034304384,0.0,0.0,0.0,0.0,0
0.11764706,1.0,3.0,4.0,1.0,0.31262,0.55,0.40741,0.41308,0.0,0.0,0.5,0.0,1
0.11764706,1.0,3.0,4.0,0.33333334,0.21119,0.625,0.11111,0.26146,0.0,0.0,0.5,0.0,1
0.88235295,1.0,1.0,5.0,1.0,0.02817106,0.15942928,0.08915963,0.08775585,0.0,0.0,0.0,0.0,0
0.1764706,2.0,3.0,4.0,1.0,0.78761,0.625,0.48148,0.60529,0.0,0.0,0.5,0.0,2
0.0,2.0,3.0,4.0,0.8333333,0.25838,0.55,0.22222,0.30998,0.0,0.0,0.5,0.0,1
0.7647059,2.0,3.0,4.0,0.288,0.020857757,0.21079756,0.020755611,0.06550141,0.0,0.0,0.0,0.0,0
0.29411766,2.0,3.0,4.0,0.6666667,0.04344,0.45,0.0,0.11866,0.0,0.0,0.5,0.0,0
0.64705884,2.0,3.0,5.0,0.504,0.045806617,0.074202366,0.093148194,0.07476636,0.0,0.0,0.0,0.0,0
0.23529412,1.0,3.0,4.0,0.8333333,0.50481,0.65,0.74074,0.65,0.0,0.0,0.5,0.0,2
0.5882353,1.0,3.0,5.0,0.248,0.044802804,0.04617147,0.004645455,0.026227267,0.0,0.0,0.0,0.0,0
0.8235294,1.0,3.0,3.0,0.498,0.025043944,0.0,0.0,0.007365866,0.0,0.0,0.0,0.0,0
0.3529412,1.0,3.0,5.0,0.368,0.0119098155,0.0070034387,0.04677361,0.027161865,0.0,0.0,0.0,0.0,0
0.29411766,1.0,3.0,4.0,0.5,0.59075,0.7,0.66667,0.65218,0.0,0.0,0.5,0.0,2
0.7058824,1.0,1.0,5.0,1.0,0.05187836,0.01560158,0.0,0.0189293,0.0,0.0,0.0,0.0,0
0.11764706,2.0,3.0,4.0,0.33333334,0.14678,0.65,0.22222,0.30069,0.0,0.0,0.5,0.0,0
0.5294118,2.0,3.0,3.0,0.112,0.054318655,0.037161484,0.19870788,0.11822954,0.0,0.0,0.0,0.0,0
0.47058824,1.0,3.0,5.0,0.986,0.00014062773,0.12672955,0.15822983,0.104321174,0.0,0.0,0.0,0.0,0
0.05882353,1.0,3.0,4.0,0.5,0.02067,0.475,0.03704,0.13527,0.0,0.0,0.5,0.0,0
0.05882353,1.0,3.0,4.0,0.8333333,0.32907,0.5,0.03704,0.23186,0.0,0.0,0.5,0.0,1
0.11764706,2.0,3.0,4.0,0.8333333,0.77846,0.625,0.44444,0.58517,0.0,0.0,0.5,0.0,2
0.11764706,1.0,3.0,4.0,0.5,0.22707,0.45,0.11111,0.22496,0.0,0.0,0.5,0.0,1
0.05882353,1.0,3.0,4.0,1.0,0.10154,0.575,0.0,0.16516,0.0,0.0,0.5,0.0,0
0.05882353,1.0,3.0,3.0,0.608,0.11947152,0.0,0.040358733,0.054131027,0.0,0.0,0.0,0.0,0
0.11764706,1.0,3.0,4.0,0.33333334,0.14027,0.5,0.11111,0.21119,0.0,0.0,0.5,0.0,0
0.4117647,2.0,1.0,5.0,1.0,0.3118413,0.18178555,0.17529224,0.21698156,1.0,0.0,0.0,0.0,1
0.1764706,1.0,3.0,4.0,0.33333334,0.0,0.475,0.18519,0.19891,0.0,0.0,0.5,0.0,0
0.05882353,1.0,3.0,3.0,0.576,0.26491433,0.22590628,0.13199566,0.193186,1.0,0.0,0.0,0.0,1
1.0,1.0,1.0,3.0,0.304,0.16099113,0.1346422,0.20537463,0.17567773,0.0,0.0,0.0,0.0,0
0.0,2.0,3.0,4.0,0.33333334,0.29068,0.6,0.2963,0.3661,0.0,0.0,0.5,0.0,1
0.23529412,1.0,3.0,4.0,1.0,0.291,0.925,0.33333,0.4601,0.0,0.0,0.5,0.0,1
0.0,2.0,3.0,4.0,0.5,0.28555,0.575,0.11111,0.27157,0.0,0.0,0.5,0.0,1
0.4117647,1.0,1.0,3.0,0.24,0.39909986,0.3821671,0.2897864,0.34367406,1.0,0.0,0.0,0.0,1
0.05882353,1.0,3.0,4.0,0.5,0.28228,0.575,0.22222,0.32289,0.0,0.0,0.5,0.0,1
1.0,2.0,1.0,4.0,0.288,0.011677109,0.076856695,0.022302626,0.032013725,0.0,0.0,0.0,0.0,0
0.0,2.0,3.0,4.0,0.5,0.3194,0.55,0.22222,0.32793,0.0,0.0,0.5,0.0,1
0.29411766,2.0,3.0,4.0,1.0,0.26931,0.6,0.51852,0.46439,0.0,0.0,0.5,0.0,1
0.11764706,1.0,3.0,4.0,0.33333334,0.31658,0.5,0.22222,0.31533,0.0,0.0,0.5,0.0,1
0.8235294,2.0,3.0,5.0,0.518,0.116764925,0.20692897,0.063336916,0.1128374,0.0,0.0,0.0,0.0,0
0.0,1.0,3.0,4.0,0.33333334,0.49563,0.65,0.77778,0.66473,0.0,0.0,0.5,0.0,2
0.5882353,1.0,3.0,4.0,0.37,0.17654063,0.087638974,0.07121963,0.106059775,0.0,0.0,0.0,0.0,0
0.29411766,1.0,1.0,4.0,0.192,0.0,0.07034607,0.0,0.016552018,0.0,0.0,0.0,0.0,0
0.4117647,1.0,3.0,4.0,0.432,0.073574595,0.116551235,0.029941708,0.063153625,0.0,0.0,0.0,0.0,0
0.23529412,1.0,3.0,4.0,1.0,0.48461,0.65,0.40741,0.48719,0.0,0.0,0.5,0.0,2
0.0,2.0,3.0,4.0,0.8333333,0.42117,0.6,0.33333,0.42191,0.0,0.0,0.5,0.0,1
0.23529412,2.0,3.0,4.0,0.16666667,0.34483,0.525,0.33333,0.38181,0.0,0.0,0.5,0.0,1
0.0,1.0,3.0,3.0,0.23,0.07946383,0.033924453,0.19835274,0.124696404,0.0,0.0,0.0,0.0,0
0.0,2.0,3.0,4.0,0.5,0.19772,0.5,0.03704,0.19323,0.0,0.0,0.5,0.0,0
0.11764706,2.0,3.0,4.0,0.33333334,0.33477,0.625,0.48148,0.4721,0.0,0.0,0.5,0.0,1
0.11764706,2.0,3.0,4.0,0.5,0.1567,0.5,0.07407,0.19859,0.0,0.0,0.5,0.0,0
0.29411766,2.0,3.0,4.0,0.8333333,0.34237,0.675,0.18519,0.34667,0.0,0.0,0.5,0.0,1
0.1764706,1.0,3.0,3.0,0.368,0.10644464,0.09184183,0.049077347,0.07601231,0.0,0.0,0.0,0.0,0
0.05882353,2.0,3.0,3.0,0.368,0.011831212,0.094593756,0.008239927,0.029614735,0.0,0.0,0.0,0.0,0
0.0,1.0,3.0,3.0,0.976,0.04232521,0.0018023271,0.005183916,0.015312158,0.0,0.0,0.0,0.0,0
0.0,2.0,3.0,3.0,0.174,0.11972502,0.0,0.06278208,0.06475775,0.0,0.0,0.0,0.0,0
0.23529412,2.0,3.0,4.0,0.33333334,0.40856,0.6,0.62963,0.55764,0.0,0.0,0.5,0.0,1
0.88235295,2.0,3.0,2.0,0.072,0.089320764,0.118349195,0.06340974,0.08395756,0.0,0.0,0.0,0.0,0
0.05882353,2.0,3.0,4.0,0.8333333,0.29063,0.525,0.14815,0.27873,0.0,0.0,0.5,0.0,1
0.64705884,2.0,1.0,5.0,1.0,0.0,0.0,0.0,0.0,0.0,0.0,0.0,0.0,0
0.5294118,2.0,3.0,4.0,0.608,0.05530282,0.0,0.022622926,0.026911618,0.0,0.0,0.0,0.0,0
0.11764706,1.0,3.0,4.0,1.0,0.32031,0.525,0.2963,0.35717,0.0,0.0,0.5,0.0,1
0.64705884,1.0,1.0,5.0,0.548,0.06662739,0.04735555,0.044200037,0.05153879,0.0,0.0,0.0,0.0,0
0.9411765,2.0,1.0,3.0,0.504,0.11563164,0.084145285,0.09210224,0.09715042,0.0,0.0,0.0,0.0,0
0.1764706,1.0,3.0,4.0,0.8333333,0.27714,0.625,0.44444,0.43772,0.0,0.0,0.5,0.0,1
0.3529412,2.0,1.0,5.0,0.498,0.0,0.06561691,0.0,0.015439274,0.0,0.0,0.0,0.0,0
0.9411765,1.0,1.0,4.0,0.928,0.07620707,0.11341402,0.09853185,0.095467426,0.0,0.0,0.0,0.0,0
0.88235295,2.0,2.0,4.0,0.368,0.6845526,0.5942777,0.5481412,0.5991178,2.0,0.0,0.0,0.0,2
0.5882353,2.0,2.0,5.0,0.764,0.13585217,0.04009075,0.13286932,0.11191638,0.0,0.0,0.0,0.0,0
0.3529412,2.0,1.0,4.0,0.228,0.28858268,0.24765596,0.2529703,0.2621941,1.0,0.0,0.0,0.0,1
0.0,2.0,3.0,4.0,0.33333334,0.35337,0.55,0.25926,0.35535,0.0,0.0,0.5,0.0,1
0.0,2.0,3.0,4.0,0.8333333,0.25313,0.575,0.37037,0.38404,0.0,0.0,0.5,0.0,1
1.0,2.0,1.0,5.0,0.638,0.007426332,0.0186108,0.13266005,0.06899148,0.0,0.0,0.0,0.0,0
0.11764706,1.0,3.0,4.0,0.5,0.4951,0.55,0.59259,0.5539,0.0,0.0,0.5,0.0,2
0.0,1.0,3.0,4.0,0.8333333,0.1895,0.525,0.22222,0.28384,0.0,0.0,0.5,0.0,1
0.11764706,2.0,3.0,4.0,0.5,0.81012,0.75,0.81481,0.79818,0.0,0.0,0.5,0.0,2
0.11764706,2.0,3.0,4.0,0.5,0.22069,0.575,0.14815,0.26992,0.0,0.0,0.5,0.0,1
0.0,2.0,3.0,4.0,0.33333334,0.24093,0.65,0.18519,0.31095,0.0,0.0,0.5,0.0,1
0.11764706,2.0,3.0,4.0,0.5,0.85875,0.65,0.81481,0.78896,0.0,0.0,0.5,0.0,2
0.0,1.0,3.0,4.0,0.5,0.40204,0.475,0.37037,0.4043,0.0,0.0,0.5,0.0,1
0.23529412,1.0,3.0,4.0,0.6666667,0.36353,0.625,0.25926,0.37598,0.0,0.0,0.5,0.0,1
0.05882353,2.0,3.0,3.0,0.62,0.0,0.004927766,0.0894563,0.043256555,0.0,0.0,0.0,0.0,0
0.23529412,1.0,2.0,2.0,0.368,0.06968727,0.12891716,0.07031491,0.08391907,0.0,0.0,0.0,0.0,0
0.8235294,2.0,2.0,4.0,0.364,0.019247549,0.0,0.0,0.005661044,0.0,0.0,0.0,0.0,0
0.5294118,1.0,1.0,2.0,0.368,0.055714533,0.043435268,0.055617083,0.052779436,0.0,0.0,0.0,0.0,0
0.7058824,2.0,3.0,5.0,0.68,0.010181659,0.0,0.028064026,0.016201206,0.0,0.0,0.0,0.0,0
0.1764706,1.0,3.0,4.0,0.8333333,0.52123,0.525,0.14815,0.34655,0.0,0.0,0.5,0.0,2
0.3529412,2.0,1.0,4.0,0.946,0.037000712,0.0,0.0,0.010882562,0.0,0.0,0.0,0.0,0
0.05882353,2.0,3.0,4.0,1.0,0.26181,0.55,0.22222,0.31099,0.0,0.0,0.5,0.0,1
0.5882353,2.0,1.0,5.0,1.0,0.0,0.0,0.10251672,0.04824316,0.0,0.0,0.0,0.0,0
0.64705884,2.0,1.0,4.0,0.156,0.068166666,0.027268432,0.13572843,0.09033733,0.0,0.0,0.0,0.0,0
0.0,2.0,3.0,4.0,0.8333333,0.02541,0.55,0.0,0.13689,0.0,0.0,0.5,0.0,0
0.5294118,2.0,2.0,4.0,1.0,0.03938763,7.476466e-05,0.06852665,0.043850023,0.0,0.0,0.0,0.0,0
0.88235295,2.0,1.0,5.0,0.272,0.08988538,0.05320815,0.08207561,0.07758026,0.0,0.0,0.0,0.0,0
0.7058824,2.0,3.0,4.0,0.414,0.030024437,0.12764017,0.06779982,0.070769496,0.0,0.0,0.0,0.0,0
0.5882353,2.0,3.0,4.0,0.332,0.0,0.00031820216,0.039596315,0.01870843,0.0,0.0,0.0,0.0,0
0.3529412,1.0,3.0,3.0,0.368,0.017601723,0.0,0.063553594,0.03508455,0.0,0.0,0.0,0.0,0
0.23529412,1.0,3.0,4.0,0.8333333,0.31462,0.6,0.33333,0.39057,0.0,0.0,0.5,0.0,1
0.64705884,2.0,3.0,4.0,0.018,0.10118386,0.08640786,0.0,0.050091222,0.0,0.0,0.0,0.0,0
0.5294118,2.0,2.0,4.0,0.808,0.08406712,0.06819002,0.08319828,0.07992247,0.0,0.0,0.0,0.0,0
0.11764706,1.0,3.0,4.0,0.6666667,0.32272,0.525,0.18519,0.30559,0.0,0.0,0.5,0.0,1
0.47058824,2.0,1.0,4.0,0.476,0.10795063,0.07293819,0.14429212,0.116814286,0.0,0.0,0.0,0.0,0
0.11764706,2.0,3.0,4.0,0.5,0.42201,0.7,0.85185,0.6897,0.0,0.0,0.5,0.0,2
0.5882353,1.0,1.0,5.0,0.24,0.07575154,0.036527503,0.06874793,0.06322654,0.0,0.0,0.0,0.0,0
0.05882353,2.0,3.0,4.0,0.8333333,0.58296,0.65,0.59259,0.60327,0.0,0.0,0.5,0.0,2
0.05882353,2.0,3.0,4.0,0.6666667,0.61858,0.575,0.40741,0.50895,0.0,0.0,0.5,0.0,2
0.5294118,2.0,1.0,4.0,1.0,0.001633082,0.0,0.10051192,0.047780044,0.0,0.0,0.0,0.0,0
0.64705884,1.0,1.0,2.0,0.02,0.003528854,0.062351365,0.19612233,0.10800167,0.0,0.0,0.0,0.0,0
0.64705884,2.0,3.0,4.0,0.8333333,0.34307,0.575,0.18519,0.32334,0.0,0.0,0.5,0.0,1
0.23529412,1.0,1.0,4.0,0.048,0.11842433,0.13237636,0.16265057,0.1425195,0.0,0.0,0.0,0.0,0
0.0,1.0,3.0,4.0,0.33333334,0.43512,0.575,0.25926,0.38528,0.0,0.0,0.5,0.0,1
0.05882353,2.0,3.0,4.0,0.5,0.60751,0.675,0.96296,0.79066,0.0,0.0,0.5,0.0,2
0.0,1.0,3.0,4.0,0.5,0.48275,0.7,0.66667,0.62042,0.0,0.0,0.5,0.0,2
0.1764706,1.0,3.0,4.0,0.6666667,0.73011,0.675,0.44444,0.58271,0.0,0.0,0.5,0.0,2
0.0,1.0,3.0,4.0,0.5,0.19937,0.575,0.11111,0.24622,0.0,0.0,0.5,0.0,0
0.88235295,1.0,3.0,4.0,0.34,0.0,0.0,0.0,0.0,0.0,0.0,0.0,0.0,0
0.7647059,2.0,1.0,4.0,0.834,0.09406565,0.067755535,0.11212647,0.09637424,0.0,0.0,0.0,0.0,0
0.11764706,1.0,1.0,3.0,0.214,0.018346036,0.0,0.0075254366,0.008937275,0.0,0.0,0.0,0.0,0
0.05882353,1.0,3.0,3.0,0.124,0.06682396,0.09695446,0.09733781,0.08827295,0.0,0.0,0.0,0.0,0
0.8235294,2.0,1.0,3.0,0.142,0.0,0.06512571,0.037675682,0.03305343,0.0,0.0,0.0,0.0,0
0.29411766,2.0,1.0,4.0,0.868,0.05340037,0.06337004,0.07207275,0.064533174,0.0,0.0,0.0,0.0,0
0.1764706,2.0,3.0,4.0,0.16666667,0.06271,0.6,0.03704,0.17705,0.0,0.0,0.5,0.0,0
0.8235294,1.0,3.0,2.0,0.368,0.0,0.0,0.0,0.0,0.0,0.0,0.0,0.0,0
0.0,1.0,3.0,4.0,0.33333334,0.0,0.425,0.03704,0.11743,0.0,0.0,0.5,0.0,0
0.9411765,1.0,3.0,5.0,0.368,0.0,0.036786668,0.0016157735,0.00941605,0.0,0.0,0.0,0.0,0
0.0,2.0,3.0,3.0,0.114,0.0,0.016026122,0.06605095,0.03485365,0.0,0.0,0.0,0.0,0
0.23529412,1.0,3.0,3.0,0.216,0.24796642,0.20796184,0.23802559,0.23387554,1.0,0.0,0.0,0.0,1
0.05882353,1.0,3.0,4.0,0.33333334,0.08169,0.6,0.18519,0.25235,0.0,0.0,0.5,0.0,0
0.7058824,2.0,3.0,4.0,0.344,0.070660904,0.081126116,0.0,0.039871115,0.0,0.0,0.0,0.0,0
0.29411766,2.0,1.0,5.0,0.674,0.0,0.08326409,0.026591491,0.032105193,0.0,0.0,0.0,0.0,0
0.0,1.0,3.0,4.0,0.33333334,0.31389,0.475,0.37037,0.37838,0.0,0.0,0.5,0.0,2
0.88235295,2.0,3.0,3.0,0.346,0.14701597,0.075202584,0.10864901,0.11206366,0.0,0.0,0.0,0.0,0
0.23529412,1.0,3.0,4.0,0.704,0.117278695,0.10812844,0.063372396,0.08975802,0.0,0.0,0.0,0.0,0
0.23529412,1.0,3.0,4.0,0.8333333,0.00145,0.45,0.14815,0.17603,0.0,0.0,0.5,0.0,0
0.11764706,1.0,3.0,4.0,1.0,0.0,0.65,0.07407,0.1878,0.0,0.0,0.5,0.0,0
0.0,1.0,3.0,4.0,0.5,0.50954,0.625,0.40741,0.48864,0.0,0.0,0.5,0.0,2
0.0,2.0,3.0,4.0,0.6666667,0.25412,0.575,0.2963,0.34947,0.0,0.0,0.5,0.0,1
0.05882353,2.0,3.0,4.0,0.5,0.28467,0.575,0.2963,0.35845,0.0,0.0,0.5,0.0,1
0.1764706,1.0,3.0,4.0,1.0,0.46978,0.425,0.55556,0.49961,0.0,0.0,0.5,0.0,2
0.05882353,1.0,3.0,4.0,0.8333333,0.51902,0.7,0.40741,0.50908,0.0,0.0,0.5,0.0,2
0.11764706,1.0,3.0,4.0,1.0,0.46484,0.65,0.59259,0.56853,0.0,0.0,0.5,0.0,2
0.0,2.0,3.0,4.0,0.5,0.2432,0.575,0.14815,0.27654,0.0,0.0,0.5,0.0,0
0.8235294,2.0,3.0,3.0,0.236,0.050994795,0.12572761,0.05939788,0.072533384,0.0,0.0,0.0,0.0,0
0.0,1.0,3.0,3.0,0.368,0.026667558,0.062379684,0.0,0.022520972,0.0,0.0,0.0,0.0,0
0.05882353,1.0,3.0,4.0,0.6666667,0.30346,0.6,0.37037,0.40472,0.0,0.0,0.5,0.0,1
0.1764706,2.0,3.0,4.0,1.0,0.07416,0.675,0.2963,0.32007,0.0,0.0,0.5,0.0,0
0.11764706,1.0,3.0,4.0,0.5,0.14993,0.475,0.03704,0.17329,0.0,0.0,0.5,0.0,1
0.9411765,2.0,1.0,4.0,0.666,0.13328058,0.22811265,0.2031879,0.18849157,0.0,0.0,0.0,0.0,0
0.1764706,1.0,3.0,4.0,0.8333333,0.35023,0.75,0.59259,0.55835,0.0,0.0,0.5,0.0,2
0.0,2.0,3.0,4.0,0.5,0.58522,0.7,0.48148,0.56341,0.0,0.0,0.5,0.0,2
0.11764706,1.0,3.0,4.0,0.33333334,0.06036,0.5,0.0,0.1354,0.0,0.0,0.5,0.0,0
0.3529412,2.0,3.0,4.0,0.6666667,0.01346,0.6,0.0,0.14514,0.0,0.0,0.5,0.0,0
0.8235294,2.0,1.0,3.0,0.382,0.055240437,0.0,0.0,0.016247187,0.0,0.0,0.0,0.0,0
0.4117647,1.0,3.0,4.0,0.8333333,0.12911,0.5,0.07407,0.19048,0.0,0.0,0.5,0.0,0
0.1764706,1.0,3.0,4.0,0.6666667,0.25601,0.475,0.37037,0.36135,0.0,0.0,0.5,0.0,1
0.7058824,2.0,1.0,4.0,0.69,0.0248841,0.102340244,0.0,0.03139891,0.0,0.0,0.0,0.0,0
0.1764706,2.0,3.0,4.0,0.6666667,0.26632,0.55,0.22222,0.31232,0.0,0.0,0.5,0.0,1
0.3529412,2.0,3.0,5.0,1.0,0.03655919,0.0,0.10026258,0.057935096,0.0,0.0,0.0,0.0,0
0.23529412,1.0,3.0,4.0,0.5,0.08238,0.55,0.07407,0.1885,0.0,0.0,0.5,0.0,0
0.7058824,1.0,1.0,5.0,0.146,0.06732634,0.0,0.0094676595,0.024257233,0.0,0.0,0.0,0.0,0
0.05882353,1.0,3.0,3.0,0.29,0.08000379,0.009608238,0.095487274,0.07072648,0.0,0.0,0.0,0.0,0
0.23529412,2.0,3.0,4.0,0.33333334,0.49516,0.65,0.40741,0.4903,0.0,0.0,0.5,0.0,2
0.23529412,2.0,3.0,4.0,0.6666667,0.41399,0.6,0.11111,0.31523,0.0,0.0,0.5,0.0,1
0.88235295,1.0,1.0,1.0,0.32,0.0451697,0.16791238,0.18209144,0.13848409,0.0,0.0,0.0,0.0,0
0.3529412,2.0,3.0,4.0,0.696,0.1172487,0.1138994,0.09265963,0.1048893,0.0,0.0,0.0,0.0,0
0.11764706,2.0,3.0,2.0,0.368,0.14045821,0.041162845,0.13915798,0.11648272,0.0,0.0,0.0,0.0,0
0.05882353,2.0,3.0,4.0,0.33333334,0.35858,0.625,0.48148,0.4791,0.0,0.0,0.5,0.0,1
0.7058824,1.0,1.0,2.0,0.368,0.027893908,0.04991145,0.0038858193,0.021776583,0.0,0.0,0.0,0.0,0
0.1764706,1.0,3.0,4.0,0.8333333,0.2902,0.525,0.2963,0.34832,0.0,0.0,0.5,0.0,1
0.8235294,2.0,3.0,1.0,0.036,0.0,0.06782975,0.032564037,0.031284194,0.0,0.0,0.0,0.0,0
0.1764706,2.0,3.0,4.0,0.33333334,0.21245,0.575,0.03704,0.21521,0.0,0.0,0.5,0.0,1
0.23529412,1.0,3.0,4.0,0.216,0.17105266,0.03705378,0.12719871,0.11888636,0.0,0.0,0.0,0.0,0
0.5294118,2.0,3.0,4.0,0.97,0.104516506,0.008360484,0.0607492,0.061295178,0.0,0.0,0.0,0.0,0
0.11764706,2.0,3.0,4.0,0.8333333,0.3137,0.5,0.33333,0.36677,0.0,0.0,0.5,0.0,1
0.11764706,1.0,3.0,4.0,1.0,0.04363,0.45,0.07407,0.15357,0.0,0.0,0.5,0.0,0
0.11764706,2.0,3.0,4.0,0.5,0.0,0.525,0.03704,0.14096,0.0,0.0,0.5,0.0,0
0.05882353,2.0,3.0,4.0,0.16666667,0.61773,0.65,0.40741,0.52635,0.0,0.0,0.5,0.0,2
0.0,1.0,3.0,4.0,0.16666667,0.25923,0.6,0.37037,0.39171,0.0,0.0,0.5,0.0,1
0.23529412,2.0,3.0,5.0,0.68,0.051922854,0.0,0.05569582,0.041481227,0.0,0.0,0.0,0.0,0
0.0,2.0,3.0,3.0,0.204,0.025659991,0.0,0.0,0.007547056,0.0,0.0,0.0,0.0,0
0.0,1.0,3.0,4.0,0.6666667,0.2614,0.575,0.14815,0.28189,0.0,0.0,0.5,0.0,1
0.0,2.0,3.0,3.0,0.08,0.0,0.0,0.028026413,0.0131889,0.0,0.0,0.0,0.0,0
0.23529412,2.0,3.0,4.0,0.6666667,0.24954,0.625,0.2963,0.35989,0.0,0.0,0.5,0.0,1
0.29411766,2.0,3.0,4.0,0.8333333,0.57588,0.525,0.66667,0.60663,0.0,0.0,0.5,0.0,2
0.88235295,1.0,1.0,2.0,0.05,0.22843626,0.103428535,0.03364998,0.107358545,0.0,0.0,0.0,0.0,0
0.05882353,2.0,3.0,4.0,1.0,0.14719,0.65,0.18519,0.28338,0.0,0.0,0.5,0.0,0
1.0,2.0,1.0,1.0,0.514,0.00016918173,0.0,0.025657477,0.012123866,0.0,0.0,0.0,0.0,0
0.23529412,2.0,3.0,4.0,0.8333333,0.42455,0.725,0.37037,0.46975,0.0,0.0,0.5,0.0,2
0.9411765,1.0,3.0,3.0,0.02,0.0,0.06769675,0.06746837,0.047678467,0.0,0.0,0.0,0.0,0
0.05882353,2.0,3.0,3.0,0.368,0.109581105,0.15744033,0.1684696,0.14855433,0.0,0.0,0.0,0.0,0
0.05882353,2.0,3.0,4.0,0.8333333,0.5052,0.7,0.77778,0.67931,0.0,0.0,0.5,0.0,2
0.64705884,2.0,3.0,3.0,0.212,0.04087183,0.11817381,0.020708531,0.04957192,0.0,0.0,0.0,0.0,0
0.11764706,2.0,3.0,4.0,0.8333333,0.15787,0.625,0.40741,0.38521,0.0,0.0,0.5,0.0,0
0.23529412,1.0,3.0,4.0,0.33333334,0.18852,0.625,0.33333,0.35937,0.0,0.0,0.5,0.0,1
0.05882353,1.0,3.0,4.0,1.0,0.20503,0.5,0.2963,0.31738,0.0,0.0,0.5,0.0,0
0.05882353,1.0,3.0,4.0,0.16666667,0.73588,0.4,1.0,0.78114,0.0,0.0,0.5,0.0,2
0.3529412,1.0,3.0,4.0,0.8333333,0.74059,0.725,0.59259,0.66728,0.0,0.0,0.5,0.0,2
0.1764706,2.0,3.0,4.0,0.16666667,0.58672,0.55,0.40741,0.4937,0.0,0.0,0.5,0.0,2
0.11764706,1.0,3.0,4.0,0.6666667,0.1262,0.625,0.11111,0.23646,0.0,0.0,0.5,0.0,0
0.88235295,2.0,3.0,4.0,0.188,0.03769275,0.0,0.0,0.0110861035,0.0,0.0,0.0,0.0,0
0.11764706,2.0,3.0,4.0,0.33333334,0.36303,0.45,0.66667,0.52638,0.0,0.0,0.5,0.0,1
0.0,1.0,3.0,4.0,0.5,0.25383,0.725,0.22222,0.34982,0.0,0.0,0.5,0.0,1
0.1764706,1.0,3.0,4.0,0.5,0.24671,0.525,0.2963,0.33552,0.0,0.0,0.5,0.0,1
0.05882353,2.0,3.0,4.0,0.5,0.62547,0.7,0.55556,0.61011,0.0,0.0,0.5,0.0,2
0.05882353,2.0,3.0,4.0,0.6666667,0.67245,0.65,0.74074,0.69931,0.0,0.0,0.5,0.0,2
0.64705884,2.0,1.0,5.0,0.75,0.1379909,0.07974021,0.14240174,0.12636055,0.0,0.0,0.0,0.0,0
0.8235294,2.0,1.0,3.0,1.0,0.0,0.03410292,0.0049034236,0.01033171,0.0,0.0,0.0,0.0,0
0.64705884,1.0,1.0,2.0,0.16,0.05600679,0.11518396,0.031125197,0.058221843,0.0,0.0,0.0,0.0,0
0.1764706,2.0,3.0,4.0,0.5,0.14924,0.525,0.14815,0.23714,0.0,0.0,0.5,0.0,1
0.23529412,1.0,3.0,4.0,0.5,0.4419,0.625,0.66667,0.59076,0.0,0.0,0.5,0.0,2
0.05882353,2.0,3.0,4.0,0.5,0.70549,0.6,0.48148,0.57525,0.0,0.0,0.5,0.0,2
0.0,1.0,3.0,4.0,0.6666667,0.4126,0.65,0.25926,0.3963,0.0,0.0,0.5,0.0,1
0.23529412,2.0,3.0,4.0,0.5,0.48707,0.5,0.2963,0.40034,0.0,0.0,0.5,0.0,2
0.0,2.0,3.0,4.0,0.5,0.09514,0.575,0.07407,0.19813,0.0,0.0,0.5,0.0,0
0.47058824,2.0,3.0,4.0,1.0,0.16081575,0.03965485,0.04434586,0.077497944,0.0,0.0,0.0,0.0,0
0.88235295,1.0,1.0,1.0,0.112,0.057640135,0.05578182,0.04887851,0.053079765,0.0,0.0,0.0,0.0,0
0.05882353,1.0,3.0,3.0,0.26,0.13669938,0.09700448,0.09325627,0.106915586,0.0,0.0,0.0,0.0,0
0.1764706,2.0,3.0,3.0,0.118,0.20534812,0.07594906,0.1404242,0.14434886,0.0,0.0,0.0,0.0,0
0.11764706,1.0,3.0,4.0,0.8333333,0.48234,0.6,0.2963,0.42248,0.0,0.0,0.5,0.0,2
0.0,2.0,3.0,4.0,0.33333334,0.39982,0.55,0.48148,0.47359,0.0,0.0,0.5,0.0,1
0.8235294,1.0,1.0,5.0,1.0,0.14641498,0.06852443,0.049413577,0.08244007,0.0,0.0,0.0,0.0,0
0.88235295,1.0,1.0,3.0,0.144,0.1962251,0.1342347,0.10057918,0.13662928,0.0,0.0,0.0,0.0,0
0.0,2.0,3.0,4.0,0.5,0.30849,0.625,0.2963,0.37722,0.0,0.0,0.5,0.0,1
0.1764706,1.0,3.0,4.0,0.5,0.12337,0.575,0.07407,0.20644,0.0,0.0,0.5,0.0,0
0.05882353,1.0,3.0,3.0,1.0,0.13553728,0.0,0.0,0.039863903,0.0,0.0,0.0,0.0,0
0.05882353,2.0,3.0,4.0,0.8333333,0.18391,0.575,0.18519,0.27653,0.0,0.0,0.5,0.0,1
0.5294118,1.0,1.0,3.0,0.318,0.07310681,0.042880006,0.03500752,0.048065547,0.0,0.0,0.0,0.0,0
0.0,1.0,3.0,3.0,0.22,0.18849742,0.1495181,0.07085202,0.123963274,0.0,0.0,0.0,0.0,0
0.7647059,2.0,1.0,4.0,0.104,0.0722201,0.046375845,0.117856696,0.08761515,0.0,0.0,0.0,0.0,0
0.3529412,2.0,1.0,4.0,0.242,0.031470202,0.017510625,0.0,0.013376088,0.0,0.0,0.0,0.0,0
0.0,2.0,3.0,4.0,0.33333334,0.23909,0.6,0.51852,0.45551,0.0,0.0,0.5,0.0,1
0.23529412,1.0,3.0,4.0,0.758,0.053739496,0.20814253,0.033632077,0.08060731,0.0,0.0,0.0,0.0,0
0.0,2.0,3.0,4.0,0.33333334,0.68788,0.675,0.62963,0.65744,0.0,0.0,0.5,0.0,2
0.8235294,2.0,2.0,2.0,0.284,0.038426444,0.06600617,0.0,0.02683276,0.0,0.0,0.0,0.0,0
0.7647059,1.0,3.0,5.0,1.0,0.11662382,0.11134175,0.023155738,0.071396,0.0,0.0,0.0,0.0,0
0.23529412,1.0,3.0,4.0,0.8333333,0.32528,0.625,0.48148,0.46931,0.0,0.0,0.5,0.0,1
0.47058824,1.0,3.0,5.0,0.878,0.08174551,0.040420897,0.009984343,0.03825211,0.0,0.0,0.0,0.0,0
0.1764706,2.0,3.0,4.0,0.16666667,0.53284,0.675,0.48148,0.54212,0.0,0.0,0.5,0.0,2
0.5882353,1.0,2.0,4.0,0.64,0.1446108,0.0,0.032347154,0.05775478,0.0,0.0,0.0,0.0,0
0.29411766,1.0,3.0,4.0,0.742,0.08677966,0.047077574,0.086033806,0.077087,0.0,0.0,0.0,0.0,0
0.1764706,1.0,3.0,4.0,0.33333334,0.25665,0.575,0.2963,0.35021,0.0,0.0,0.5,0.0,1
0.05882353,1.0,3.0,4.0,0.5,0.45119,0.675,0.33333,0.44839,0.0,0.0,0.5,0.0,2
0.7647059,1.0,2.0,4.0,0.576,0.046415456,0.046544183,0.0043108547,0.026631813,0.0,0.0,0.0,0.0,0
0.1764706,2.0,3.0,4.0,0.5,0.80725,0.625,0.66667,0.69821,0.0,0.0,0.5,0.0,2
0.47058824,1.0,3.0,2.0,0.098,0.085718505,0.082146674,0.11391208,0.09814564,0.0,0.0,0.0,0.0,0
0.0,1.0,3.0,4.0,0.6666667,0.14794,0.575,0.48148,0.40538,0.0,0.0,0.5,0.0,0
0.88235295,1.0,3.0,3.0,0.232,0.08749993,0.06758775,0.0,0.041638274,0.0,0.0,0.0,0.0,0
0.0,2.0,3.0,3.0,0.012,0.14796166,0.14355664,0.00886454,0.08146772,0.0,0.0,0.0,0.0,0
0.8235294,1.0,3.0,5.0,0.368,0.042555004,0.023994887,0.061597154,0.047148928,0.0,0.0,0.0,0.0,0
0.9411765,2.0,2.0,4.0,0.104,0.101418145,0.10624507,0.055198725,0.08080358,0.0,0.0,0.0,0.0,0
0.11764706,1.0,3.0,4.0,0.33333334,0.38815,0.55,0.37037,0.41786,0.0,0.0,0.5,0.0,1
0.05882353,2.0,3.0,4.0,0.6666667,0.04364,0.525,0.0,0.13636,0.0,0.0,0.5,0.0,0
0.0,1.0,3.0,4.0,0.33333334,0.41854,0.675,0.51852,0.52593,0.0,0.0,0.5,0.0,1
0.1764706,1.0,3.0,4.0,0.6666667,0.35848,0.65,0.59259,0.53724,0.0,0.0,0.5,0.0,1
0.05882353,2.0,3.0,4.0,0.5,0.25014,0.55,0.2963,0.34242,0.0,0.0,0.5,0.0,1
0.05882353,1.0,3.0,4.0,0.8333333,0.26773,0.6,0.11111,0.27221,0.0,0.0,0.5,0.0,1
0.64705884,1.0,3.0,5.0,0.34,0.07301615,0.085262045,0.0015089759,0.0422471,0.0,0.0,0.0,0.0,0
0.5882353,2.0,3.0,5.0,0.368,0.089041576,0.15125227,0.0,0.06177747,0.0,0.0,0.0,0.0,0
0.0,2.0,3.0,4.0,0.8333333,0.33041,0.525,0.37037,0.395,0.0,0.0,0.5,0.0,1
0.11764706,1.0,3.0,4.0,0.33333334,0.13219,0.55,0.22222,0.27287,0.0,0.0,0.5,0.0,0
0.11764706,2.0,3.0,4.0,0.16666667,0.84078,0.775,1.0,0.90023,0.0,0.0,0.5,0.0,2
0.05882353,2.0,3.0,4.0,0.16666667,0.48804,0.625,0.62963,0.5869,0.0,0.0,0.5,0.0,2
0.11764706,2.0,1.0,3.0,0.042,0.0,0.0,0.018791499,0.008843058,0.0,0.0,0.0,0.0,0
0.29411766,1.0,3.0,4.0,0.498,0.016308317,0.03532257,0.0,0.013107757,0.0,0.0,0.0,0.0,0
0.05882353,2.0,3.0,4.0,0.5,0.04952,0.475,0.03704,0.14376,0.0,0.0,0.5,0.0,0
0.05882353,2.0,3.0,4.0,0.8333333,0.03441,0.575,0.11111,0.1977,0.0,0.0,0.5,0.0,0
0.11764706,2.0,3.0,4.0,0.5,0.20239,0.55,0.11111,0.24123,0.0,0.0,0.5,0.0,1
0.1764706,2.0,3.0,4.0,0.8333333,0.34667,0.55,0.18519,0.31852,0.0,0.0,0.5,0.0,1
0.5882353,1.0,3.0,5.0,1.0,0.084835544,0.06295205,0.0669747,0.07128138,0.0,0.0,0.0,0.0,0
0.64705884,1.0,1.0,5.0,0.244,0.07061443,0.0055742157,0.019862805,0.03142773,0.0,0.0,0.0,0.0,0
0.11764706,1.0,3.0,4.0,0.33333334,7e-05,0.575,0.11111,0.1876,0.0,0.0,0.5,0.0,0
0.1764706,2.0,3.0,4.0,0.16666667,0.51386,0.625,0.48148,0.52477,0.0,0.0,0.5,0.0,2
0.11764706,2.0,3.0,4.0,0.8333333,0.69057,0.75,0.66667,0.69331,0.0,0.0,0.5,0.0,2
0.1764706,1.0,1.0,4.0,0.688,0.087924905,0.0284249,0.113848895,0.08612443,0.0,0.0,0.0,0.0,0
0.0,1.0,3.0,3.0,0.862,0.090254284,0.02808662,0.13042685,0.09453134,0.0,0.0,0.0,0.0,0
0.7058824,1.0,3.0,2.0,0.186,0.033895813,0.08171267,0.05705273,0.056044213,0.0,0.0,0.0,0.0,0
0.0,1.0,3.0,4.0,0.8333333,0.0,0.6,0.03704,0.15861,0.0,0.0,0.5,0.0,0
0.0,2.0,3.0,4.0,0.16666667,0.32607,0.725,0.40741,0.45821,0.0,0.0,0.5,0.0,1
0.1764706,1.0,3.0,4.0,1.0,0.11841,0.5,0.07407,0.18733,0.0,0.0,0.5,0.0,0
0.05882353,2.0,3.0,3.0,0.368,0.12386066,0.020218732,0.0,0.041186955,0.0,0.0,0.0,0.0,0
0.7058824,1.0,3.0,4.0,0.368,0.026270278,0.12700664,0.043289453,0.05798197,0.0,0.0,0.0,0.0,0
0.11764706,2.0,3.0,4.0,0.6666667,0.55463,0.6,0.51852,0.54831,0.0,0.0,0.5,0.0,2
0.1764706,1.0,3.0,4.0,1.0,0.44203,0.6,0.40741,0.46291,0.0,0.0,0.5,0.0,2
0.5294118,1.0,1.0,2.0,0.002,0.067650765,0.07300276,0.09023334,0.07953715,0.0,0.0,0.0,0.0,0
0.47058824,2.0,3.0,5.0,0.368,0.11636256,0.023373153,0.021027323,0.049619056,0.0,0.0,0.0,0.0,0
0.5294118,1.0,1.0,3.0,0.426,0.09689996,0.03335301,0.0,0.036347754,0.0,0.0,0.0,0.0,0
0.0,2.0,3.0,4.0,0.8333333,0.12489,0.55,0.11111,0.21843,0.0,0.0,0.5,0.0,0
0.3529412,1.0,3.0,5.0,0.608,0.117809206,0.1336438,0.08026477,0.103867024,0.0,0.0,0.0,0.0,0
0.5294118,1.0,3.0,5.0,0.68,0.04948373,0.019310776,0.12936862,0.0799771,0.0,0.0,0.0,0.0,0
0.0,2.0,3.0,4.0,0.6666667,0.42275,0.6,0.25926,0.38752,0.0,0.0,0.5,0.0,1
0.11764706,2.0,3.0,4.0,0.6666667,0.40874,0.75,0.44444,0.50584,0.0,0.0,0.5,0.0,1
0.1764706,1.0,3.0,4.0,1.0,0.49916,0.675,0.55556,0.56707,0.0,0.0,0.5,0.0,2
0.7647059,2.0,1.0,4.0,0.464,0.0,0.0017203748,0.07086667,0.033753816,0.0,0.0,0.0,0.0,0
0.0,2.0,3.0,3.0,0.31,0.09436464,0.053906497,0.04431931,0.061294332,0.0,0.0,0.0,0.0,0
0.9411765,2.0,3.0,5.0,0.518,0.12746985,0.20088683,0.089285664,0.1267754,0.0,0.0,0.0,0.0,0
0.9411765,1.0,1.0,5.0,1.0,0.057351418,0.060391657,0.0,0.031077866,0.0,0.0,0.0,0.0,0
0.1764706,2.0,3.0,4.0,0.8333333,0.57616,0.65,0.59259,0.60127,0.0,0.0,0.5,0.0,2
0.4117647,2.0,3.0,4.0,0.8333333,0.43921,0.775,0.11111,0.36382,0.0,0.0,0.5,0.0,1
0.0,1.0,3.0,4.0,0.5,0.15015,0.525,0.07407,0.20255,0.0,0.0,0.5,0.0,0
0.05882353,2.0,3.0,4.0,1.0,0.57865,0.775,0.48148,0.57912,0.0,0.0,0.5,0.0,2
0.7058824,1.0,1.0,5.0,0.972,0.041341096,0.025086114,0.0032208785,0.019577468,0.0,0.0,0.0,0.0,0
0.05882353,1.0,3.0,4.0,0.8333333,0.51821,0.55,0.51852,0.52583,0.0,0.0,0.5,0.0,2
0.0,1.0,3.0,3.0,1.0,0.0,0.0,0.0,0.0,0.0,0.0,0.0,0.0,0
0.11764706,1.0,3.0,4.0,0.8333333,0.18569,0.6,0.07407,0.23065,0.0,0.0,0.5,0.0,1
0.8235294,2.0,1.0,5.0,1.0,0.0,0.097672775,0.026395164,0.035403084,0.0,0.0,0.0,0.0,0
0.1764706,2.0,3.0,4.0,1.0,0.05379,0.525,0.14815,0.20907,0.0,0.0,0.5,0.0,0
0.7058824,1.0,1.0,4.0,0.528,0.22619273,0.04227298,0.07511842,0.1118237,0.0,0.0,0.0,0.0,0
0.1764706,2.0,3.0,4.0,0.8333333,0.42369,0.6,0.37037,0.44008,0.0,0.0,0.5,0.0,2
0.3529412,1.0,3.0,4.0,0.308,0.10288961,0.16385752,0.17031702,0.14896555,0.0,0.0,0.0,0.0,0
0.05882353,1.0,3.0,4.0,0.8333333,0.44797,0.425,0.51852,0.47576,0.0,0.0,0.5,0.0,2
0.9411765,2.0,3.0,2.0,0.368,0.0896345,0.009411753,0.023728596,0.039744016,0.0,0.0,0.0,0.0,0
0.0,2.0,3.0,4.0,0.8333333,0.29561,0.45,0.22222,0.2974,0.0,0.0,0.5,0.0,1
0.1764706,2.0,3.0,4.0,0.5,0.31588,0.6,0.25926,0.35609,0.0,0.0,0.5,0.0,1
0.0,1.0,3.0,4.0,0.33333334,0.30888,0.425,0.11111,0.24314,0.0,0.0,0.5,0.0,1
0.4117647,2.0,1.0,4.0,0.478,0.08626356,0.0,0.04771924,0.04782775,0.0,0.0,0.0,0.0,0
0.5294118,2.0,1.0,4.0,0.502,0.059061605,0.09811626,0.0063630664,0.043451622,0.0,0.0,0.0,0.0,0
0.5882353,2.0,3.0,4.0,0.272,0.29525173,0.3100755,0.26378453,0.28393158,1.0,0.0,0.0,0.0,1
0.0,1.0,3.0,4.0,0.8333333,0.15681,0.75,0.33333,0.37945,0.0,0.0,0.5,0.0,0
0.3529412,1.0,3.0,4.0,0.5,0.00565,0.6,0.22222,0.24741,0.0,0.0,0.5,0.0,0
0.47058824,1.0,3.0,4.0,0.368,0.07452135,0.12111824,0.0,0.05041645,0.0,0.0,0.0,0.0,0
0.5882353,2.0,1.0,5.0,0.24,0.09717485,0.11524954,0.06393179,0.08578393,0.0,0.0,0.0,0.0,0
0.29411766,2.0,3.0,4.0,0.5,0.56904,0.75,0.62963,0.64013,0.0,0.0,0.5,0.0,2
0.11764706,2.0,3.0,4.0,0.5,0.88951,0.85,0.62963,0.75792,0.0,0.0,0.5,0.0,2
0.11764706,1.0,3.0,4.0,0.16666667,0.57169,0.575,0.55556,0.56488,0.0,0.0,0.5,0.0,2
0.3529412,2.0,1.0,5.0,0.368,0.66403294,0.5474537,0.6740295,0.6413068,2.0,0.0,0.0,0.0,2
0.0,2.0,3.0,4.0,0.8333333,0.51709,0.775,0.37037,0.50873,0.0,0.0,0.5,0.0,2
0.1764706,2.0,3.0,4.0,0.5,0.05778,0.5,0.11111,0.18693,0.0,0.0,0.5,0.0,0
0.9411765,2.0,1.0,4.0,0.526,0.10802507,0.12136855,0.15387696,0.13274208,0.0,0.0,0.0,0.0,0
0.3529412,1.0,3.0,4.0,1.0,0.32139,0.625,0.62963,0.53788,0.0,0.0,0.5,0.0,1
0.47058824,2.0,1.0,4.0,0.192,0.103887,0.039164685,0.046637308,0.06171719,0.0,0.0,0.0,0.0,0
0.7647059,1.0,1.0,4.0,0.162,0.07559012,0.034529436,0.10487104,0.07970804,0.0,0.0,0.0,0.0,0
0.5882353,2.0,2.0,3.0,0.368,0.06429789,0.012968958,0.024501344,0.03349271,0.0,0.0,0.0,0.0,0
0.05882353,2.0,3.0,4.0,0.8333333,0.05557,0.55,0.22222,0.25033,0.0,0.0,0.5,0.0,0
0.0,1.0,3.0,3.0,1.0,0.10223886,0.015784975,0.06614841,0.06491303,0.0,0.0,0.0,0.0,0
0.29411766,1.0,3.0,4.0,0.368,0.0,0.027869828,0.0,0.0065576066,0.0,0.0,0.0,0.0,0
0.0,2.0,3.0,4.0,0.33333334,0.41975,0.575,0.48148,0.48533,0.0,0.0,0.5,0.0,2
0.05882353,2.0,3.0,4.0,0.6666667,0.69827,0.7,0.85185,0.77095,0.0,0.0,0.5,0.0,2
0.11764706,1.0,3.0,4.0,0.8333333,0.21441,0.55,0.07407,0.22733,0.0,0.0,0.5,0.0,1
0.05882353,1.0,3.0,4.0,0.8333333,0.31343,0.55,0.2963,0.36103,0.0,0.0,0.5,0.0,1
0.05882353,2.0,3.0,3.0,0.206,0.21468942,0.06482592,0.12596309,0.13767385,0.0,0.0,0.0,0.0,0
0.23529412,2.0,3.0,4.0,0.33333334,0.45783,0.55,0.44444,0.47322,0.0,0.0,0.5,0.0,2
1.0,1.0,1.0,5.0,0.528,0.0,0.0,0.048494883,0.022821123,0.0,0.0,0.0,0.0,0
0.3529412,1.0,1.0,2.0,0.368,0.19398376,0.11410126,0.06406491,0.1140496,0.0,0.0,0.0,0.0,0
0.05882353,2.0,3.0,3.0,0.182,0.082397446,0.088186935,0.0,0.04498441,0.0,0.0,0.0,0.0,0
0.0,1.0,3.0,4.0,0.8333333,0.00897,0.5,0.14815,0.19,0.0,0.0,0.5,0.0,0
0.29411766,2.0,3.0,4.0,0.6666667,0.02318,0.5,0.14815,0.19418,0.0,0.0,0.5,0.0,0
0.8235294,1.0,3.0,5.0,1.0,0.046806578,0.08603557,0.09068187,0.076684125,0.0,0.0,0.0,0.0,0
0.47058824,2.0,3.0,3.0,0.116,0.13696589,0.074438885,0.0,0.057799116,0.0,0.0,0.0,0.0,0
0.0,2.0,3.0,4.0,0.33333334,0.26066,0.575,0.22222,0.31653,0.0,0.0,0.5,0.0,1
0.0,1.0,3.0,4.0,1.0,0.02803,0.5,0.03704,0.14332,0.0,0.0,0.5,0.0,0
0.0,1.0,3.0,4.0,0.5,0.17113,0.5,0.33333,0.32484,0.0,0.0,0.5,0.0,0
0.0,2.0,3.0,3.0,0.346,0.040070385,0.0,0.10453583,0.06097874,0.0,0.0,0.0,0.0,0
0.3529412,1.0,3.0,4.0,1.0,0.18439,0.6,0.33333,0.35227,0.0,0.0,0.5,0.0,0
0.4117647,1.0,3.0,4.0,0.8333333,0.67808,0.725,0.62963,0.66632,0.0,0.0,0.5,0.0,2
0.29411766,2.0,3.0,4.0,0.8333333,0.04589,0.4,0.0,0.10761,0.0,0.0,0.5,0.0,0
0.05882353,1.0,3.0,4.0,0.16666667,0.20742,0.6,0.18519,0.28933,0.0,0.0,0.5,0.0,1
0.29411766,2.0,3.0,4.0,0.8333333,0.42387,0.7,0.37037,0.46367,0.0,0.0,0.5,0.0,2
0.8235294,1.0,1.0,4.0,0.422,0.0642003,0.055801913,0.098516755,0.078373134,0.0,0.0,0.0,0.0,0
0.0,1.0,3.0,4.0,0.8333333,0.45461,0.525,0.40741,0.44896,0.0,0.0,0.5,0.0,1
0.5294118,2.0,3.0,4.0,0.33333334,0.48778,0.625,0.44444,0.49967,0.0,0.0,0.5,0.0,2
0.23529412,2.0,3.0,4.0,0.172,0.04738639,0.039097104,0.0015605054,0.023870846,0.0,0.0,0.0,0.0,0
0.0,2.0,3.0,4.0,0.33333334,0.46312,0.55,0.37037,0.43992,0.0,0.0,0.5,0.0,2
0.64705884,1.0,1.0,2.0,0.146,0.043525934,0.0,0.09176451,0.05598504,0.0,0.0,0.0,0.0,0
0.05882353,1.0,3.0,4.0,0.8333333,0.6078,0.75,0.48148,0.58181,0.0,0.0,0.5,0.0,2
0.05882353,2.0,3.0,3.0,0.446,0.04937026,0.0,0.013991013,0.021104671,0.0,0.0,0.0,0.0,0
0.11764706,2.0,3.0,4.0,0.16666667,0.58572,0.675,0.48148,0.55767,0.0,0.0,0.5,0.0,2
0.64705884,1.0,3.0,4.0,0.746,0.15927638,0.072697654,0.072796434,0.09820847,0.0,0.0,0.0,0.0,0
0.1764706,1.0,3.0,4.0,0.5,0.3366,0.65,0.22222,0.35652,0.0,0.0,0.5,0.0,1
0.11764706,2.0,3.0,4.0,0.6666667,0.15664,0.45,0.11111,0.20424,0.0,0.0,0.5,0.0,0
0.0,2.0,3.0,4.0,0.5,0.31739,0.65,0.59259,0.52516,0.0,0.0,0.5,0.0,1
0.1764706,1.0,3.0,4.0,0.5,0.22303,0.525,0.48148,0.41571,0.0,0.0,0.5,0.0,1
0.0,1.0,3.0,4.0,0.33333334,0.16474,0.525,0.14815,0.2417,0.0,0.0,0.5,0.0,1
0.05882353,2.0,3.0,3.0,0.066,0.038880475,0.10608375,0.0,0.036396317,0.0,0.0,0.0,0.0,0
0.11764706,2.0,3.0,2.0,0.368,0.07026317,0.15623423,0.1326484,0.119849406,0.0,0.0,0.0,0.0,0
0.0,1.0,3.0,4.0,0.8333333,0.07626,0.45,0.03704,0.14574,0.0,0.0,0.5,0.0,0
0.1764706,2.0,3.0,4.0,0.33333334,0.2519,0.625,0.40741,0.41287,0.0,0.0,0.5,0.0,1
1.0,2.0,3.0,4.0,0.056,0.15835048,0.14880869,0.0,0.08158748,0.0,0.0,0.0,0.0,0
0.7058824,2.0,1.0,5.0,0.368,0.0,0.05947705,0.0,0.0139946,0.0,0.0,0.0,0.0,0
0.9411765,2.0,1.0,5.0,0.368,0.059863575,0.004378505,0.05107819,0.042673964,0.0,0.0,0.0,0.0,0
0.05882353,1.0,3.0,4.0,0.16666667,0.07771,0.45,0.11111,0.18103,0.0,0.0,0.5,0.0,0
0.88235295,2.0,1.0,3.0,0.208,0.03602939,0.072271824,0.1281087,0.08788846,0.0,0.0,0.0,0.0,0
0.7647059,2.0,1.0,4.0,0.244,0.0,0.052137956,0.03326496,0.027921854,0.0,0.0,0.0,0.0,0
0.4117647,2.0,3.0,4.0,0.5,0.13837,0.55,0.37037,0.3444,0.0,0.0,0.5,0.0,1
0.05882353,2.0,3.0,4.0,0.6666667,0.64182,0.625,0.77778,0.70184,0.0,0.0,0.5,0.0,2
1.0,1.0,1.0,3.0,0.384,0.090761125,0.08025987,0.13101214,0.1072319,0.0,0.0,0.0,0.0,0
0.5882353,2.0,3.0,4.0,0.042,0.0,0.0,0.0780511,0.036729928,0.0,0.0,0.0,0.0,0
0.5294118,2.0,2.0,2.0,0.0,0.06340627,0.0,0.013026399,0.024778973,0.0,0.0,0.0,0.0,0
0.29411766,1.0,3.0,4.0,0.33333334,0.39253,0.6,0.37037,0.43092,0.0,0.0,0.5,0.0,2
0.7058824,2.0,1.0,5.0,0.542,0.014683572,0.07794242,0.0010490743,0.023151774,0.0,0.0,0.0,0.0,0
0.0,1.0,3.0,3.0,1.0,0.15222579,0.07718504,0.13855033,0.12813362,0.0,0.0,0.0,0.0,0
0.3529412,1.0,1.0,5.0,0.16,0.06419137,0.08376633,0.004102111,0.04051994,0.0,0.0,0.0,0.0,0
0.23529412,2.0,3.0,4.0,0.6666667,0.55808,0.65,0.55556,0.57852,0.0,0.0,0.5,0.0,2
0.05882353,1.0,3.0,3.0,0.144,0.022751186,0.021018106,0.0,0.011636962,0.0,0.0,0.0,0.0,0
0.29411766,1.0,1.0,5.0,1.0,0.0,0.053270064,0.028561283,0.025974736,0.0,0.0,0.0,0.0,0
0.05882353,1.0,3.0,4.0,0.8333333,0.34974,0.75,0.33333,0.4362,0.0,0.0,0.5,0.0,1
0.23529412,2.0,3.0,4.0,0.8333333,0.06768,0.475,0.07407,0.16653,0.0,0.0,0.5,0.0,0
0.05882353,2.0,3.0,4.0,0.8333333,0.38617,0.55,0.55556,0.50443,0.0,0.0,0.5,0.0,1
0.9411765,2.0,1.0,5.0,0.368,0.11595386,0.050540738,0.045184646,0.06725938,0.0,0.0,0.0,0.0,0
0.5882353,1.0,2.0,4.0,0.368,0.10766862,0.044642396,0.1112922,0.094544135,0.0,0.0,0.0,0.0,0
0.1764706,1.0,3.0,4.0,0.8333333,0.23906,0.65,0.18519,0.3104,0.0,0.0,0.5,0.0,1
0.23529412,2.0,3.0,4.0,1.0,0.46796,0.65,0.59259,0.56944,0.0,0.0,0.5,0.0,2
0.1764706,2.0,3.0,3.0,0.244,0.294604,0.18614519,0.31206003,0.2772989,1.0,0.0,0.0,0.0,1
0.05882353,1.0,3.0,4.0,0.5,0.34272,0.675,0.51852,0.50363,0.0,0.0,0.5,0.0,1
0.47058824,1.0,3.0,3.0,0.404,0.27965873,0.21578027,0.19976255,0.2270303,1.0,0.0,0.0,0.0,1
0.0,1.0,3.0,4.0,0.6666667,0.57322,0.625,0.2963,0.45509,0.0,0.0,0.5,0.0,2
0.88235295,2.0,1.0,1.0,0.126,0.31313747,0.20059846,0.20519556,0.23586151,1.0,0.0,0.0,0.0,1
0.5882353,2.0,3.0,5.0,0.738,0.19501945,0.11383902,0.03027071,0.09838936,0.0,0.0,0.0,0.0,0
1.0,1.0,3.0,2.0,0.336,0.1032284,0.04749894,0.05394007,0.06692108,0.0,0.0,0.0,0.0,0
0.05882353,1.0,3.0,3.0,0.53,0.032585263,0.0063786884,0.01554952,0.01840219,0.0,0.0,0.0,0.0,0
0.0,2.0,3.0,4.0,0.6666667,0.51576,0.625,0.51852,0.54276,0.0,0.0,0.5,0.0,2
0.11764706,2.0,3.0,4.0,1.0,0.05722,0.55,0.03704,0.16367,0.0,0.0,0.5,0.0,0
0.05882353,1.0,3.0,4.0,0.33333334,0.65511,0.75,0.77778,0.73516,0.0,0.0,0.5,0.0,2
0.0,2.0,3.0,4.0,0.6666667,0.16413,0.55,0.25926,0.29969,0.0,0.0,0.5,0.0,0
0.11764706,2.0,3.0,4.0,0.6666667,0.57044,0.725,0.48148,0.56494,0.0,0.0,0.5,0.0,2
1.0,2.0,2.0,3.0,0.156,0.054465637,0.0040145107,0.037127055,0.03443545,0.0,0.0,0.0,0.0,0
0.29411766,2.0,1.0,4.0,0.53,0.11423141,0.030393573,0.010951854,0.045902714,0.0,0.0,0.0,0.0,0
0.29411766,2.0,1.0,3.0,0.198,0.17047776,0.14330551,0.15650901,0.15751076,0.0,0.0,0.0,0.0,0
0.05882353,2.0,3.0,4.0,0.33333334,0.52519,0.725,0.62963,0.62135,0.0,0.0,0.5,0.0,2
0.29411766,2.0,1.0,3.0,0.422,0.09550058,0.12795177,0.089956425,0.100527145,0.0,0.0,0.0,0.0,0
0.0,1.0,3.0,4.0,0.33333334,0.5929,0.65,0.77778,0.69334,0.0,0.0,0.5,0.0,2
0.47058824,1.0,3.0,4.0,1.0,0.0,0.0,0.0,0.0,0.0,0.0,0.0,0.0,0
0.29411766,2.0,3.0,5.0,1.0,0.008143955,0.02202811,0.04385022,0.028213765,0.0,0.0,0.0,0.0,0
0.23529412,1.0,1.0,4.0,0.27,0.10027455,0.034842186,0.14750654,0.107105516,0.0,0.0,0.0,0.0,0
0.88235295,1.0,1.0,5.0,1.0,0.012047506,0.0,0.09816689,0.04973957,0.0,0.0,0.0,0.0,0
0.0,1.0,3.0,4.0,0.33333334,0.51687,0.55,0.48148,0.50801,0.0,0.0,0.5,0.0,2
0.0,2.0,3.0,3.0,0.368,0.36753127,0.3235645,0.23094223,0.29290894,1.0,0.0,0.0,0.0,1
0.05882353,2.0,3.0,3.0,1.0,0.021692228,0.025219178,0.0,0.012313991,0.0,0.0,0.0,0.0,0
0.11764706,1.0,3.0,4.0,0.5,0.7809,0.675,0.7037,0.71966,0.0,0.0,0.5,0.0,2
0.5882353,1.0,3.0,4.0,0.6666667,0.0,0.525,0.14815,0.19325,0.0,0.0,0.5,0.0,0
0.0,1.0,3.0,4.0,0.33333334,0.51568,0.575,0.37037,0.46126,0.0,0.0,0.5,0.0,2
0.11764706,2.0,3.0,4.0,0.5,0.74331,0.75,0.40741,0.58681,0.0,0.0,0.5,0.0,2
0.5882353,2.0,3.0,4.0,0.116,0.04441142,0.06715518,0.0032933794,0.030413227,0.0,0.0,0.0,0.0,0
0.5882353,2.0,3.0,3.0,1.0,0.08509832,0.17891774,0.13306876,0.1297478,0.0,0.0,0.0,0.0,0
0.23529412,1.0,3.0,4.0,1.0,0.10898,0.375,0.03704,0.13772,0.0,0.0,0.5,0.0,0
0.11764706,2.0,3.0,4.0,0.5,0.24295,0.55,0.51852,0.44488,0.0,0.0,0.5,0.0,1
0.3529412,2.0,3.0,3.0,0.89,0.014878528,0.0,0.0583104,0.031816225,0.0,0.0,0.0,0.0,0
0.4117647,1.0,1.0,2.0,0.102,0.10300061,0.05567344,0.010776881,0.048465405,0.0,0.0,0.0,0.0,0
0.11764706,2.0,3.0,4.0,0.544,0.019600546,0.039642356,0.0,0.01509248,0.0,0.0,0.0,0.0,0
0.1764706,1.0,3.0,4.0,0.33333334,0.13128,0.55,0.07407,0.20288,0.0,0.0,0.5,0.0,0
0.29411766,2.0,1.0,3.0,0.538,0.0,0.019063996,0.0,0.0044856463,0.0,0.0,0.0,0.0,0
0.64705884,2.0,3.0,5.0,1.0,0.3483878,0.2440285,0.31526697,0.3082464,1.0,0.0,0.0,0.0,1
0.5882353,1.0,3.0,3.0,0.098,0.15342946,0.13756055,0.17799008,0.16125354,0.0,0.0,0.0,0.0,0
0.23529412,2.0,3.0,4.0,0.284,0.25444514,0.1577695,0.12944975,0.17287657,0.0,0.0,0.0,0.0,0
0.5882353,2.0,3.0,4.0,0.5,0.38912,0.55,0.11111,0.29615,0.0,0.0,0.5,0.0,2
0.7647059,2.0,2.0,4.0,1.0,0.058236655,0.08662295,0.099065,0.084129125,0.0,0.0,0.0,0.0,0
0.05882353,2.0,3.0,4.0,0.8333333,0.73146,0.6,0.59259,0.63518,0.0,0.0,0.5,0.0,2
0.05882353,2.0,3.0,3.0,0.056,0.09798284,0.03281093,0.051109612,0.060590282,0.0,0.0,0.0,0.0,0
0.5882353,1.0,1.0,4.0,0.198,0.024444696,0.0,0.05465813,0.03291109,0.0,0.0,0.0,0.0,0
0.88235295,1.0,1.0,5.0,0.416,0.0,0.06736955,0.036552407,0.03305279,0.0,0.0,0.0,0.0,0
0.11764706,2.0,3.0,4.0,0.8333333,0.09317,0.625,0.0,0.17446,0.0,0.0,0.5,0.0,0
0.05882353,1.0,3.0,4.0,0.5,0.18173,0.5,0.22222,0.27567,0.0,0.0,0.5,0.0,0
0.1764706,2.0,3.0,4.0,0.492,0.3767314,0.33018067,0.34901145,0.3527336,1.0,0.0,0.0,0.0,1
0.11764706,2.0,3.0,3.0,0.284,0.015966576,0.068645336,0.07730586,0.057227124,0.0,0.0,0.0,0.0,0
0.8235294,1.0,1.0,5.0,0.368,0.05379157,0.05767004,0.064215995,0.059609763,0.0,0.0,0.0,0.0,0
0.11764706,2.0,3.0,4.0,0.6666667,0.13743,0.525,0.48148,0.39053,0.0,0.0,0.5,0.0,1
0.1764706,2.0,3.0,4.0,0.8333333,0.59136,0.625,0.40741,0.51271,0.0,0.0,0.5,0.0,2
1.0,1.0,1.0,5.0,1.0,0.119879544,0.08131083,0.07118351,0.08788877,0.0,0.0,0.0,0.0,0
0.88235295,1.0,1.0,3.0,0.776,0.0,0.0,0.0,0.0,0.0,0.0,0.0,0.0,0
0.8235294,1.0,1.0,2.0,0.152,0.08586395,0.062277786,0.0,0.0399077,0.0,0.0,0.0,0.0,0
0.0,1.0,3.0,4.0,0.6666667,0.35453,0.6,0.25926,0.36746,0.0,0.0,0.5,0.0,1
0.1764706,1.0,3.0,4.0,0.5,0.0372,0.5,0.07407,0.16345,0.0,0.0,0.5,0.0,0
0.5882353,2.0,1.0,3.0,0.368,0.052516222,0.0,0.05836734,0.04291293,0.0,0.0,0.0,0.0,0
0.05882353,2.0,3.0,4.0,0.8333333,0.7089,0.7,0.44444,0.58236,0.0,0.0,0.5,0.0,2
0.1764706,2.0,3.0,4.0,0.6666667,0.67283,0.675,0.66667,0.67044,0.0,0.0,0.5,0.0,2
0.1764706,2.0,3.0,4.0,0.5,0.66209,0.725,0.40741,0.55704,0.0,0.0,0.5,0.0,2
0.11764706,2.0,3.0,4.0,0.354,0.07202176,0.12294591,0.0147439875,0.05704967,0.0,0.0,0.0,0.0,0
0.88235295,2.0,3.0,4.0,0.15,0.059684865,0.17928043,0.021254601,0.06974017,0.0,0.0,0.0,0.0,0
0.5294118,1.0,3.0,4.0,0.368,0.06671238,0.10235045,0.024724234,0.05533868,0.0,0.0,0.0,0.0,0
0.1764706,2.0,3.0,4.0,0.5,0.11162,0.6,0.33333,0.33087,0.0,0.0,0.5,0.0,1
0.1764706,1.0,3.0,4.0,0.6666667,0.09362,0.475,0.11111,0.19159,0.0,0.0,0.5,0.0,0
0.3529412,2.0,3.0,4.0,0.6666667,0.28619,0.45,0.22222,0.29463,0.0,0.0,0.5,0.0,1
0.29411766,1.0,3.0,4.0,0.0,0.2453338,0.23931643,0.19273861,0.21916726,1.0,0.0,0.0,0.0,1
0.05882353,2.0,3.0,4.0,0.33333334,0.64516,0.8,0.55556,0.63943,0.0,0.0,0.5,0.0,2
0.1764706,1.0,3.0,4.0,0.16666667,0.64493,0.45,0.81481,0.67901,0.0,0.0,0.5,0.0,2
0.05882353,1.0,3.0,4.0,0.8333333,0.82459,0.6,0.55556,0.64514,0.0,0.0,0.5,0.0,2
0.7058824,2.0,1.0,5.0,0.198,0.34327123,0.2805219,0.2994085,0.30786538,1.0,0.0,0.0,0.0,1
0.0,1.0,3.0,3.0,0.448,0.14397967,0.14300945,0.10254151,0.12425107,0.0,0.0,0.0,0.0,0
0.11764706,2.0,1.0,2.0,0.01,0.043556403,0.073981516,0.0,0.030218123,0.0,0.0,0.0,0.0,0
0.7647059,2.0,1.0,5.0,1.0,0.12306986,0.011974617,0.0,0.039014574,0.0,0.0,0.0,0.0,0
0.05882353,1.0,3.0,4.0,0.5,0.29187,0.675,0.48148,0.47125,0.0,0.0,0.5,0.0,1
0.47058824,1.0,3.0,5.0,1.0,0.0,0.0,0.16184352,0.07616166,0.0,0.0,0.0,0.0,0
0.11764706,2.0,3.0,4.0,0.5,0.53888,0.6,0.2963,0.43911,0.0,0.0,0.5,0.0,2
0.1764706,1.0,3.0,4.0,0.33333334,0.21663,0.575,0.11111,0.2513,0.0,0.0,0.5,0.0,0
0.0,1.0,3.0,3.0,0.368,0.00023850653,0.15525809,0.10815826,0.08749947,0.0,0.0,0.0,0.0,0
0.1764706,2.0,3.0,4.0,0.862,0.33095524,0.24506108,0.22583847,0.26127812,1.0,0.0,0.0,0.0,1
0.1764706,1.0,3.0,4.0,0.5,0.18169,0.7,0.37037,0.39244,0.0,0.0,0.5,0.0,0
0.3529412,1.0,3.0,4.0,0.16666667,0.96916,0.85,0.88889,0.90335,0.0,0.0,0.5,0.0,2
0.29411766,2.0,1.0,3.0,0.076,0.0,0.07553593,0.016581273,0.025576113,0.0,0.0,0.0,0.0,0
0.1764706,1.0,3.0,4.0,0.6666667,0.19807,0.55,0.07407,0.22253,0.0,0.0,0.5,0.0,1
0.4117647,2.0,1.0,3.0,0.368,0.0946582,0.10662416,0.11445471,0.10678973,0.0,0.0,0.0,0.0,0
0.29411766,2.0,3.0,4.0,0.33333334,0.21101,0.7,0.11111,0.27906,0.0,0.0,0.5,0.0,0
0.0,2.0,3.0,3.0,0.606,0.0657851,0.07945787,0.07661568,0.07409896,0.0,0.0,0.0,0.0,0
0.11764706,1.0,3.0,2.0,0.338,0.0,0.0,0.013192354,0.0062081665,0.0,0.0,0.0,0.0,0
0.1764706,2.0,3.0,2.0,0.368,0.09001396,0.09233594,0.05235327,0.07283763,0.0,0.0,0.0,0.0,0
0.64705884,2.0,1.0,5.0,1.0,0.08809711,0.16444601,0.06463288,0.095019564,0.0,0.0,0.0,0.0,0
0.1764706,1.0,3.0,4.0,0.5,0.5671,0.625,0.81481,0.6973,0.0,0.0,0.5,0.0,2
0.88235295,2.0,1.0,1.0,0.202,0.0,0.020692369,0.03481037,0.021250146,0.0,0.0,0.0,0.0,0
0.5882353,2.0,3.0,5.0,0.89,0.1258823,0.0697962,0.0684831,0.08567418,0.0,0.0,0.0,0.0,0
0.5294118,2.0,1.0,3.0,0.34,0.05172695,0.048870638,0.07167805,0.06044363,0.0,0.0,0.0,0.0,0
0.05882353,2.0,3.0,4.0,0.8333333,0.04566,0.625,0.0,0.16049,0.0,0.0,0.5,0.0,0
1.0,2.0,3.0,4.0,0.314,0.049776968,0.05394943,0.0,0.02733427,0.0,0.0,0.0,0.0,0
0.29411766,2.0,3.0,4.0,1.0,0.3116,0.5,0.2963,0.34873,0.0,0.0,0.5,0.0,1
0.47058824,2.0,3.0,5.0,0.368,0.008908177,0.072829664,0.06643778,0.05102128,0.0,0.0,0.0,0.0,0
0.47058824,1.0,1.0,4.0,0.662,0.0071794437,0.049164,0.055339232,0.039721593,0.0,0.0,0.0,0.0,0
1.0,2.0,1.0,5.0,1.0,0.15612262,0.16411327,0.09761351,0.13046907,0.0,0.0,0.0,0.0,0
0.11764706,2.0,3.0,4.0,0.8333333,0.35599,0.525,0.25926,0.35024,0.0,0.0,0.5,0.0,1
0.0,1.0,3.0,4.0,0.6666667,0.17194,0.4,0.11111,0.19698,0.0,0.0,0.5,0.0,1
0.7058824,1.0,3.0,1.0,0.368,0.15008649,0.11859841,0.19084159,0.1618564,0.0,0.0,0.0,0.0,0
0.11764706,2.0,3.0,4.0,0.8333333,0.63632,0.725,0.59259,0.63661,0.0,0.0,0.5,0.0,2
0.11764706,2.0,3.0,4.0,0.33333334,0.52407,0.65,0.48148,0.53366,0.0,0.0,0.5,0.0,2
0.0,2.0,3.0,4.0,0.33333334,0.41036,0.525,0.2963,0.38366,0.0,0.0,0.5,0.0,1
1.0,2.0,2.0,4.0,0.342,0.023131926,0.08389448,0.12767522,0.08662584,0.0,0.0,0.0,0.0,0
0.0,1.0,3.0,4.0,0.6666667,0.37545,0.6,0.51852,0.49561,0.0,0.0,0.5,0.0,1
0.1764706,1.0,3.0,4.0,0.8333333,0.45107,0.725,0.44444,0.51241,0.0,0.0,0.5,0.0,2
0.23529412,1.0,3.0,4.0,0.6666667,0.36452,0.575,0.51852,0.48651,0.0,0.0,0.5,0.0,2
0.11764706,1.0,3.0,4.0,1.0,0.25556,0.575,0.33333,0.36732,0.0,0.0,0.5,0.0,1
0.23529412,1.0,3.0,4.0,0.65,0.06478711,0.24602275,0.14067358,0.14314207,0.0,0.0,0.0,0.0,0
1.0,1.0,1.0,4.0,0.368,0.27588838,0.25469312,0.20445465,0.23728538,1.0,0.0,0.0,0.0,1
0.64705884,1.0,1.0,5.0,1.0,0.0,0.06761079,0.07391909,0.050693873,0.0,0.0,0.0,0.0,0
0.23529412,2.0,3.0,4.0,0.8333333,0.18644,0.475,0.22222,0.27117,0.0,0.0,0.5,0.0,1
0.0,1.0,3.0,3.0,0.368,0.10954443,0.088545606,0.12384179,0.1113317,0.0,0.0,0.0,0.0,0
0.4117647,1.0,3.0,4.0,1.0,0.08691,0.5,0.07407,0.17807,0.0,0.0,0.5,0.0,0
0.29411766,1.0,3.0,4.0,0.33333334,0.20438,0.425,0.14815,0.22983,0.0,0.0,0.5,0.0,0
0.23529412,2.0,3.0,4.0,0.8333333,0.31749,0.575,0.25926,0.35068,0.0,0.0,0.5,0.0,1
0.7647059,2.0,3.0,4.0,0.368,0.11374288,0.053016126,0.11690696,0.100943215,0.0,0.0,0.0,0.0,0
0.11764706,2.0,3.0,4.0,0.09,0.052746646,0.05477269,0.061097372,0.057153117,0.0,0.0,0.0,0.0,0
0.1764706,1.0,3.0,4.0,0.33333334,0.21535,0.6,0.22222,0.30909,0.0,0.0,0.5,0.0,1
0.05882353,1.0,3.0,3.0,0.132,0.028617375,0.040587768,0.17017312,0.09804841,0.0,0.0,0.0,0.0,0
1.0,2.0,1.0,3.0,0.434,0.06108387,0.093479104,0.0,0.03996093,0.0,0.0,0.0,0.0,0
0.0,2.0,3.0,4.0,0.8333333,0.34652,0.525,0.25926,0.34745,0.0,0.0,0.5,0.0,1
0.7058824,1.0,3.0,4.0,0.814,0.15752937,0.044811614,0.06534864,0.08762838,0.0,0.0,0.0,0.0,0
0.0,1.0,3.0,4.0,1.0,0.18655,0.55,0.2963,0.32371,0.0,0.0,0.5,0.0,0
0.05882353,1.0,3.0,3.0,0.434,0.11110071,0.044774476,0.02280193,0.05394217,0.0,0.0,0.0,0.0,0
0.0,2.0,3.0,3.0,0.394,0.11677109,0.0,0.08103719,0.07247959,0.0,0.0,0.0,0.0,0
0.0,1.0,3.0,4.0,0.5,0.51541,0.7,0.18519,0.40344,0.0,0.0,0.5,0.0,2
1.0,1.0,1.0,3.0,0.368,0.0,0.0,0.035426203,0.016671155,0.0,0.0,0.0,0.0,0
0.5882353,2.0,3.0,4.0,0.146,0.12174556,0.008358871,0.019019846,0.046724822,0.0,0.0,0.0,0.0,0
0.3529412,2.0,3.0,4.0,0.33333334,0.25978,0.575,0.14815,0.28142,0.0,0.0,0.5,0.0,1
0.05882353,1.0,3.0,4.0,0.16666667,0.11462,0.6,0.11111,0.22718,0.0,0.0,0.5,0.0,0
0.23529412,2.0,3.0,5.0,0.368,0.042015307,0.0,0.04941371,0.035610955,0.0,0.0,0.0,0.0,0
0.47058824,2.0,1.0,4.0,0.65,0.15245196,0.13126534,0.10847457,0.12677163,0.0,0.0,0.0,0.0,0
0.29411766,1.0,3.0,3.0,0.272,0.042315204,0.0,0.0,0.012445648,0.0,0.0,0.0,0.0,0
0.88235295,1.0,2.0,1.0,0.368,0.2624981,0.2541414,0.14817902,0.2067346,1.0,0.0,0.0,0.0,1
0.11764706,2.0,3.0,4.0,0.16666667,0.14003,0.475,0.33333,0.30981,0.0,0.0,0.5,0.0,1
0.05882353,2.0,3.0,3.0,0.328,0.096861556,0.04883327,0.0,0.039978873,0.0,0.0,0.0,0.0,0
0.0,1.0,3.0,3.0,0.368,0.07373215,0.15202881,0.009652798,0.061999906,0.0,0.0,0.0,0.0,0
0.23529412,1.0,3.0,4.0,1.0,0.35934,0.6,0.14815,0.31658,0.0,0.0,0.5,0.0,1
0.11764706,2.0,3.0,4.0,1.0,0.79273,0.7,0.74074,0.74645,0.0,0.0,0.5,0.0,2
0.7647059,1.0,1.0,4.0,0.578,0.11683025,0.10671461,0.0012806837,0.060073834,0.0,0.0,0.0,0.0,0
0.29411766,2.0,3.0,3.0,0.0,0.020016644,0.11317533,0.026053635,0.04477727,0.0,0.0,0.0,0.0,0
0.29411766,1.0,1.0,4.0,0.368,0.18615206,0.108229734,0.07824149,0.11703595,0.0,0.0,0.0,0.0,0
0.1764706,1.0,3.0,4.0,0.354,0.093713865,0.11380966,0.1105854,0.10638183,0.0,0.0,0.0,0.0,0
0.64705884,2.0,3.0,4.0,0.212,0.0,0.0,0.0,0.0,0.0,0.0,0.0,0.0,0
0.23529412,2.0,3.0,4.0,0.342,0.13549602,0.06298668,0.105992675,0.10455108,0.0,0.0,0.0,0.0,0
0.23529412,2.0,3.0,4.0,0.8333333,0.44968,0.575,0.44444,0.4767,0.0,0.0,0.5,0.0,2
0.0,2.0,3.0,3.0,0.166,0.12763874,0.10480259,0.12766837,0.12227947,0.0,0.0,0.0,0.0,0
0.05882353,2.0,3.0,4.0,0.33333334,0.16551,0.625,0.07407,0.2306,0.0,0.0,0.5,0.0,0
0.23529412,2.0,3.0,4.0,0.8333333,0.06734,0.5,0.14815,0.20717,0.0,0.0,0.5,0.0,0
0.7058824,1.0,1.0,4.0,0.478,0.13384716,0.018732512,0.0,0.043774463,0.0,0.0,0.0,0.0,0
0.11764706,2.0,3.0,4.0,0.8333333,0.27233,0.625,0.51852,0.47116,0.0,0.0,0.5,0.0,1
0.4117647,2.0,1.0,5.0,0.924,0.0945399,0.13864161,0.082772225,0.09937905,0.0,0.0,0.0,0.0,0
0.05882353,1.0,3.0,4.0,0.8333333,0.31465,0.625,0.37037,0.41389,0.0,0.0,0.5,0.0,1
0.7647059,2.0,1.0,5.0,0.368,0.026640333,0.14566849,0.18781884,0.13049567,0.0,0.0,0.0,0.0,0
0.11764706,2.0,3.0,4.0,0.8333333,0.17638,0.65,0.03704,0.22225,0.0,0.0,0.5,0.0,0
1.0,1.0,1.0,3.0,0.422,0.09125708,0.0,0.003518575,0.028496118,0.0,0.0,0.0,0.0,0
0.4117647,2.0,3.0,3.0,0.368,0.0,0.10216193,0.03951901,0.04263528,0.0,0.0,0.0,0.0,0
0.4117647,1.0,1.0,3.0,0.638,0.16580322,0.024630373,0.06004469,0.08281736,0.0,0.0,0.0,0.0,0
0.0,1.0,3.0,4.0,0.8333333,0.27845,0.525,0.0,0.20543,0.0,0.0,0.5,0.0,1
0.7058824,2.0,1.0,5.0,0.368,0.16123368,0.1503958,0.12970433,0.14384624,0.0,0.0,0.0,0.0,0
0.23529412,1.0,3.0,4.0,0.6666667,0.33139,0.425,0.81481,0.58091,0.0,0.0,0.5,0.0,1
0.64705884,1.0,1.0,3.0,0.342,0.13709334,0.096864454,0.0,0.063113205,0.0,0.0,0.0,0.0,0
0.1764706,2.0,3.0,4.0,0.6666667,0.42909,0.625,0.25926,0.39527,0.0,0.0,0.5,0.0,1
0.1764706,2.0,1.0,4.0,0.112,0.0,0.0,0.056497585,0.026587099,0.0,0.0,0.0,0.0,0
0.05882353,2.0,3.0,4.0,0.6666667,0.27062,0.75,0.22222,0.36064,0.0,0.0,0.5,0.0,1
0.5882353,1.0,1.0,4.0,0.932,0.09228373,0.053722233,0.0010602581,0.040281747,0.0,0.0,0.0,0.0,0
0.7058824,1.0,3.0,3.0,0.408,0.15212211,0.0,0.058048222,0.07205861,0.0,0.0,0.0,0.0,0
1.0,1.0,1.0,4.0,0.61,0.15760313,0.09542664,0.114657834,0.12276382,0.0,0.0,0.0,0.0,0
0.1764706,2.0,3.0,4.0,0.33333334,0.99781,0.9,1.0,0.97583,0.0,0.0,0.5,0.0,2
0.23529412,2.0,3.0,4.0,0.8333333,0.03523,0.525,0.07407,0.16875,0.0,0.0,0.5,0.0,0
0.11764706,1.0,3.0,4.0,0.8333333,0.433,0.55,0.2963,0.3962,0.0,0.0,0.5,0.0,2
0.11764706,2.0,3.0,4.0,0.6666667,0.33369,0.725,0.62963,0.56503,0.0,0.0,0.5,0.0,1
0.5294118,1.0,1.0,4.0,0.406,0.0,0.05905527,0.021562427,0.024042381,0.0,0.0,0.0,0.0,0
0.0,2.0,3.0,4.0,0.6666667,0.22463,0.55,0.22222,0.30005,0.0,0.0,0.5,0.0,1
0.0,1.0,3.0,4.0,0.33333334,0.52616,0.675,0.51852,0.55759,0.0,0.0,0.5,0.0,2
0.0,2.0,3.0,4.0,0.5,0.36077,0.6,0.25926,0.36929,0.0,0.0,0.5,0.0,1
0.64705884,2.0,1.0,5.0,0.368,0.049431432,0.0,0.0739197,0.049324397,0.0,0.0,0.0,0.0,0
0.0,1.0,3.0,4.0,0.5,0.46392,0.6,0.40741,0.46935,0.0,0.0,0.5,0.0,2
0.88235295,1.0,1.0,2.0,0.226,0.027608482,0.030033767,0.0,0.0151869105,0.0,0.0,0.0,0.0,0
0.23529412,2.0,1.0,3.0,0.328,0.07671728,0.05999435,0.10313169,0.08521278,0.0,0.0,0.0,0.0,0
0.0,2.0,3.0,4.0,0.33333334,0.32871,0.575,0.07407,0.26683,0.0,0.0,0.5,0.0,1
0.3529412,2.0,3.0,5.0,0.724,0.070683815,0.0057222666,0.0,0.022135774,0.0,0.0,0.0,0.0,0
0.05882353,1.0,3.0,3.0,0.626,0.10222878,0.13229688,0.17833729,0.1451194,0.0,0.0,0.0,0.0,0
0.5882353,2.0,1.0,3.0,0.392,0.12114612,0.0047377124,0.08751376,0.077928916,0.0,0.0,0.0,0.0,0
0.1764706,1.0,3.0,4.0,0.6666667,0.31113,0.55,0.2963,0.36035,0.0,0.0,0.5,0.0,1
0.1764706,1.0,3.0,2.0,0.558,0.007252041,0.03831062,0.009541954,0.015637549,0.0,0.0,0.0,0.0,0
0.11764706,2.0,3.0,4.0,0.368,0.10404085,0.011101489,0.05503402,0.059110727,0.0,0.0,0.0,0.0,0
0.11764706,1.0,3.0,4.0,0.33333334,0.26952,0.6,0.0,0.22045,0.0,0.0,0.5,0.0,1
0.5294118,2.0,1.0,3.0,0.282,0.6245713,0.48327428,0.6025827,0.5809774,2.0,0.0,0.0,0.0,2
0.1764706,2.0,3.0,4.0,0.09,0.0,0.13694401,0.0,0.03222212,0.0,0.0,0.0,0.0,0
0.0,1.0,3.0,4.0,0.33333334,0.33492,0.625,0.44444,0.45472,0.0,0.0,0.5,0.0,1
0.05882353,1.0,3.0,4.0,1.0,0.32597,0.5,0.40741,0.40524,0.0,0.0,0.5,0.0,1
0.64705884,2.0,1.0,3.0,0.162,0.092835575,0.025647031,0.111802936,0.08595232,0.0,0.0,0.0,0.0,0
0.5294118,2.0,1.0,5.0,1.0,0.07216788,0.04573532,0.16013768,0.107346006,0.0,0.0,0.0,0.0,0
0.4117647,2.0,1.0,4.0,0.156,0.034935333,0.067796774,0.15494259,0.09914144,0.0,0.0,0.0,0.0,0
0.64705884,1.0,2.0,4.0,1.0,0.070416726,0.0,0.0,0.020710804,0.0,0.0,0.0,0.0,0
0.5882353,1.0,3.0,4.0,0.566,0.23386502,0.31515688,0.2243274,0.24850422,1.0,0.0,0.0,0.0,1
0.9411765,1.0,1.0,5.0,0.16,0.1450686,0.07790703,0.15421195,0.13356863,0.0,0.0,0.0,0.0,0
0.7058824,1.0,3.0,4.0,0.938,0.28718776,0.38913956,0.25903258,0.2979269,1.0,0.0,0.0,0.0,1
0.5882353,2.0,3.0,4.0,0.464,0.15173993,0.12767443,0.10362876,0.123436905,0.0,0.0,0.0,0.0,0
0.7058824,1.0,1.0,4.0,0.61,0.03503607,0.00985507,0.04150492,0.032155294,0.0,0.0,0.0,0.0,0
0.29411766,1.0,3.0,4.0,0.268,0.027990974,0.0,0.12108239,0.065212585,0.0,0.0,0.0,0.0,0
0.1764706,1.0,3.0,4.0,0.5,0.66786,0.725,0.33333,0.52388,0.0,0.0,0.5,0.0,2
0.0,1.0,3.0,4.0,0.16666667,0.65618,0.55,0.22222,0.42698,0.0,0.0,0.5,0.0,2
0.3529412,1.0,3.0,4.0,0.8333333,0.25661,0.475,0.07407,0.2221,0.0,0.0,0.5,0.0,1
0.7647059,2.0,1.0,4.0,0.398,0.024433998,0.034626186,0.018686455,0.024127433,0.0,0.0,0.0,0.0,0
0.23529412,1.0,3.0,4.0,0.8333333,0.67601,0.7,0.62963,0.65983,0.0,0.0,0.5,0.0,2
0.0,2.0,3.0,4.0,0.6666667,0.07012,0.55,0.03704,0.16747,0.0,0.0,0.5,0.0,0
0.05882353,2.0,3.0,3.0,0.198,0.03183622,0.08902966,0.114398375,0.08414628,0.0,0.0,0.0,0.0,0
0.05882353,2.0,3.0,4.0,0.6666667,0.08562,0.65,0.22222,0.2827,0.0,0.0,0.5,0.0,0
0.23529412,1.0,3.0,4.0,0.8333333,0.23389,0.525,0.0,0.19232,0.0,0.0,0.5,0.0,0
0.8235294,1.0,3.0,5.0,0.212,0.08032999,0.03965416,0.0,0.03295686,0.0,0.0,0.0,0.0,0
0.11764706,2.0,3.0,4.0,0.8333333,0.61321,0.7,0.85185,0.74593,0.0,0.0,0.5,0.0,2
0.05882353,1.0,3.0,3.0,0.73,0.06473993,0.05594068,0.077320896,0.06858997,0.0,0.0,0.0,0.0,0
0.05882353,2.0,3.0,4.0,0.33333334,0.67114,0.625,0.44444,0.5536,0.0,0.0,0.5,0.0,2
0.05882353,1.0,3.0,4.0,0.5,0.51241,0.55,0.48148,0.5067,0.0,0.0,0.5,0.0,2
0.05882353,1.0,3.0,4.0,0.8333333,0.15805,0.15,0.0,0.08178,0.0,0.0,0.5,0.0,0
0.1764706,1.0,1.0,3.0,0.368,0.03251245,0.08503964,0.027404385,0.042467993,0.0,0.0,0.0,0.0,0
0.23529412,2.0,3.0,4.0,0.6666667,0.30773,0.55,0.48148,0.4465,0.0,0.0,0.5,0.0,1
0.1764706,2.0,3.0,4.0,1.0,0.58362,0.7,0.33333,0.49322,0.0,0.0,0.5,0.0,2
0.7058824,2.0,1.0,4.0,0.422,0.17335762,0.0636338,0.088878304,0.107785285,0.0,0.0,0.0,0.0,0
0.0,2.0,3.0,3.0,0.528,0.0,0.06882744,0.0,0.016194692,0.0,0.0,0.0,0.0,0
0.8235294,1.0,3.0,3.0,0.368,0.029171944,0.10333183,0.012942103,0.038983755,0.0,0.0,0.0,0.0,0
0.4117647,1.0,3.0,4.0,0.6666667,0.44004,0.625,0.37037,0.45077,0.0,0.0,0.5,0.0,1
0.11764706,2.0,3.0,4.0,0.16666667,0.84102,0.725,0.48148,0.64453,0.0,0.0,0.5,0.0,2
0.0,2.0,3.0,4.0,0.16666667,0.4023,0.725,0.7037,0.62007,0.0,0.0,0.5,0.0,1
0.29411766,1.0,3.0,4.0,0.6666667,0.02221,0.525,0.07407,0.16492,0.0,0.0,0.5,0.0,0
0.8235294,1.0,1.0,3.0,0.33,0.034014184,0.077348284,0.015459027,0.035478603,0.0,0.0,0.0,0.0,0
0.05882353,1.0,3.0,4.0,1.0,0.372,0.5,0.11111,0.27935,0.0,0.0,0.5,0.0,1
0.05882353,2.0,3.0,4.0,0.8333333,0.43163,0.525,0.33333,0.40734,0.0,0.0,0.5,0.0,1
0.29411766,2.0,1.0,2.0,0.122,0.057418715,0.019564586,0.0,0.02149129,0.0,0.0,0.0,0.0,0
0.0,1.0,3.0,4.0,0.16666667,0.66316,0.65,0.48148,0.57457,0.0,0.0,0.5,0.0,2
0.11764706,1.0,1.0,3.0,0.668,0.0971257,0.03888465,0.0,0.037715714,0.0,0.0,0.0,0.0,0
0.05882353,2.0,3.0,4.0,0.6666667,0.34086,0.6,0.59259,0.5203,0.0,0.0,0.5,0.0,1
0.05882353,1.0,3.0,4.0,0.5,0.3271,0.475,0.37037,0.38226,0.0,0.0,0.5,0.0,1
0.8235294,2.0,1.0,5.0,0.406,0.043973297,0.050193153,0.052948043,0.049660202,0.0,0.0,0.0,0.0,0
0.0,2.0,3.0,3.0,0.174,0.28481156,0.30964157,0.28492534,0.29070744,1.0,0.0,0.0,0.0,1
0.0,1.0,3.0,4.0,0.5,0.22381,0.6,0.11111,0.25929,0.0,0.0,0.5,0.0,1
0.88235295,2.0,1.0,5.0,0.368,0.10947069,0.013341293,0.099182054,0.0820103,0.0,0.0,0.0,0.0,0
0.1764706,1.0,3.0,4.0,1.0,0.36777,0.6,0.14815,0.31906,0.0,0.0,0.5,0.0,1
0.64705884,2.0,1.0,4.0,0.368,0.16466884,0.12088041,0.04321291,0.09720995,0.0,0.0,0.0,0.0,0
0.3529412,1.0,3.0,1.0,0.038,0.06355166,0.082544394,0.09313905,0.08194402,0.0,0.0,0.0,0.0,0
0.0,1.0,3.0,3.0,0.206,0.0,0.035563834,0.0,0.00836796,0.0,0.0,0.0,0.0,0
0.05882353,1.0,3.0,4.0,0.5,0.62548,0.6,0.92593,0.76087,0.0,0.0,0.5,0.0,2
0.1764706,1.0,3.0,3.0,0.008,0.0738056,0.0,0.043667275,0.042256836,0.0,0.0,0.0,0.0,0
0.05882353,2.0,3.0,4.0,0.33333334,0.27541,0.45,0.07407,0.22174,0.0,0.0,0.5,0.0,1
0.7647059,2.0,3.0,2.0,0.34,0.10358026,0.064912125,0.12578294,0.10493019,0.0,0.0,0.0,0.0,0
0.5294118,2.0,1.0,5.0,0.146,0.2568841,0.1971905,0.2326919,0.23145398,1.0,0.0,0.0,0.0,1
0.23529412,2.0,3.0,4.0,1.0,0.32065,0.6,0.33333,0.39235,0.0,0.0,0.5,0.0,1
0.0,2.0,3.0,4.0,0.5,0.57217,0.525,0.81481,0.67526,0.0,0.0,0.5,0.0,2
0.23529412,2.0,1.0,3.0,0.298,0.13166726,0.20334706,0.10498584,0.13597713,0.0,0.0,0.0,0.0,0
0.7058824,2.0,3.0,3.0,0.16,0.06777688,0.114685416,0.034557585,0.06318157,0.0,0.0,0.0,0.0,0
0.23529412,2.0,3.0,4.0,0.8333333,0.15079,0.525,0.14815,0.23759,0.0,0.0,0.5,0.0,0
0.7058824,2.0,3.0,5.0,0.48,0.11191183,0.023377206,0.0623674,0.06776513,0.0,0.0,0.0,0.0,0
0.11764706,1.0,3.0,4.0,0.8333333,0.07235,0.525,0.11111,0.1971,0.0,0.0,0.5,0.0,0
0.05882353,1.0,3.0,4.0,0.5,0.66195,0.675,0.55556,0.61495,0.0,0.0,0.5,0.0,2
0.1764706,2.0,3.0,3.0,0.66,0.085618295,0.09192779,0.02432263,0.058257863,0.0,0.0,0.0,0.0,0
0.7058824,1.0,1.0,4.0,0.626,0.121641025,0.07826095,0.08550258,0.09442762,0.0,0.0,0.0,0.0,0
0.4117647,1.0,3.0,4.0,0.368,0.07773156,0.0348038,0.0052968557,0.03354399,0.0,0.0,0.0,0.0,0
0.0,1.0,3.0,4.0,0.6666667,0.34509,0.7,0.11111,0.31849,0.0,0.0,0.5,0.0,1
0.29411766,2.0,3.0,4.0,0.33333334,0.39916,0.575,0.62963,0.54899,0.0,0.0,0.5,0.0,1
0.1764706,2.0,3.0,4.0,0.5,0.0,0.55,0.03704,0.14684,0.0,0.0,0.5,0.0,0
0.1764706,2.0,3.0,3.0,0.21,0.089871615,0.0057247276,0.06778593,0.059679087,0.0,0.0,0.0,0.0,0
0.1764706,1.0,3.0,4.0,0.16666667,0.39026,0.575,0.40741,0.4418,0.0,0.0,0.5,0.0,1
0.0,1.0,3.0,4.0,0.5,0.08344,0.425,0.14815,0.19426,0.0,0.0,0.5,0.0,0
0.0,2.0,3.0,4.0,0.8333333,0.26396,0.65,0.07407,0.26544,0.0,0.0,0.5,0.0,1
0.29411766,2.0,3.0,4.0,1.0,0.14905,0.6,0.18519,0.27216,0.0,0.0,0.5,0.0,0
0.7058824,1.0,1.0,4.0,0.686,0.08749311,0.15646465,0.10734597,0.11306423,0.0,0.0,0.0,0.0,0
0.23529412,2.0,3.0,4.0,0.346,0.07591407,0.06433928,0.042731564,0.057575293,0.0,0.0,0.0,0.0,0
0.11764706,1.0,3.0,2.0,0.368,0.509241,0.423078,0.48739365,0.47868624,2.0,0.0,0.0,0.0,2
0.23529412,2.0,3.0,4.0,1.0,0.25113,0.575,0.11111,0.26144,0.0,0.0,0.5,0.0,1
0.05882353,2.0,3.0,4.0,0.8333333,0.62404,0.675,0.55556,0.6038,0.0,0.0,0.5,0.0,2
0.23529412,2.0,3.0,4.0,0.5,0.5482,0.55,0.59259,0.56952,0.0,0.0,0.5,0.0,2
0.7058824,1.0,1.0,2.0,0.196,0.07646286,0.07767019,0.014701391,0.047682714,0.0,0.0,0.0,0.0,0
0.29411766,1.0,1.0,2.0,0.368,0.039923113,0.10378822,0.14743388,0.105543494,0.0,0.0,0.0,0.0,0
0.11764706,2.0,3.0,4.0,0.6666667,0.33824,0.8,0.18519,0.37486,0.0,0.0,0.5,0.0,1
0.11764706,1.0,3.0,4.0,0.6666667,0.5852,0.6,0.33333,0.47016,0.0,0.0,0.5,0.0,2
0.7647059,2.0,1.0,5.0,0.496,0.09581833,0.06988741,0.0,0.044625957,0.0,0.0,0.0,0.0,0
0.47058824,1.0,3.0,5.0,0.548,0.3465419,0.18760113,0.35468894,0.31297797,1.0,0.0,0.0,0.0,1
0.1764706,2.0,3.0,4.0,0.6666667,0.59652,0.7,0.59259,0.61902,0.0,0.0,0.5,0.0,2
0.9411765,2.0,3.0,3.0,0.05,0.047704782,0.029529199,0.096758865,0.06651245,0.0,0.0,0.0,0.0,0
0.29411766,1.0,3.0,4.0,0.5,0.29046,0.6,0.55556,0.48804,0.0,0.0,0.5,0.0,1
1.0,1.0,1.0,3.0,0.7,0.37228915,0.27134937,0.3044302,0.316605,1.0,0.0,0.0,0.0,1
0.0,1.0,3.0,4.0,0.6666667,0.30846,0.6,0.37037,0.40619,0.0,0.0,0.5,0.0,1
0.0,1.0,3.0,3.0,0.368,0.024956308,0.07151612,0.0,0.024167413,0.0,0.0,0.0,0.0,0
0.11764706,2.0,3.0,4.0,0.33333334,0.0,0.55,0.03704,0.14684,0.0,0.0,0.5,0.0,0
0.4117647,1.0,1.0,3.0,0.486,0.12617402,0.04413968,0.044982318,0.06866396,0.0,0.0,0.0,0.0,0
0.7058824,2.0,3.0,3.0,0.288,0.14175631,0.14719187,0.13504969,0.13987921,0.0,0.0,0.0,0.0,0
0.11764706,2.0,3.0,4.0,0.5,0.73574,0.65,0.88889,0.78764,0.0,0.0,0.5,0.0,2
0.11764706,2.0,3.0,4.0,0.33333334,0.37668,0.525,0.44444,0.44347,0.0,0.0,0.5,0.0,1
0.05882353,1.0,3.0,3.0,0.174,0.0,0.054610603,0.007955699,0.016593412,0.0,0.0,0.0,0.0,0
1.0,1.0,1.0,1.0,0.368,0.016668504,0.0,0.051966522,0.029357335,0.0,0.0,0.0,0.0,0
0.3529412,2.0,3.0,4.0,1.0,0.13853,0.475,0.11111,0.2048,0.0,0.0,0.5,0.0,0
0.11764706,2.0,3.0,4.0,0.6666667,0.48142,0.675,0.66667,0.61414,0.0,0.0,0.5,0.0,2
0.23529412,2.0,3.0,4.0,0.33333334,0.78616,0.725,0.85185,0.80268,0.0,0.0,0.5,0.0,2
0.7647059,2.0,1.0,3.0,0.368,0.0,0.09808173,0.023680773,0.034221947,0.0,0.0,0.0,0.0,0
0.1764706,2.0,3.0,4.0,0.328,0.026985215,0.0,0.053498954,0.033112805,0.0,0.0,0.0,0.0,0
0.05882353,2.0,3.0,3.0,0.098,0.060559258,0.108234294,0.10803041,0.09411628,0.0,0.0,0.0,0.0,0
0.0,2.0,3.0,4.0,0.16666667,0.56785,0.675,0.14815,0.39556,0.0,0.0,0.5,0.0,2
0.11764706,2.0,3.0,4.0,0.6666667,0.36502,0.65,0.2963,0.39973,0.0,0.0,0.5,0.0,1
0.11764706,2.0,3.0,4.0,0.8333333,0.46902,0.7,0.40741,0.49437,0.0,0.0,0.5,0.0,2
0.05882353,2.0,3.0,4.0,0.8333333,0.32317,0.775,0.18519,0.36455,0.0,0.0,0.5,0.0,1
0.23529412,2.0,3.0,4.0,0.5,0.11006,0.575,0.62963,0.46396,0.0,0.0,0.5,0.0,0
0.0,1.0,3.0,3.0,1.0,0.075016625,0.0822525,0.022588147,0.052046962,0.0,0.0,0.0,0.0,0
0.8235294,1.0,1.0,5.0,1.0,0.09849839,0.07858596,0.10614201,0.097410105,0.0,0.0,0.0,0.0,0
0.9411765,1.0,1.0,5.0,1.0,0.09208241,0.064456634,0.090994254,0.085070156,0.0,0.0,0.0,0.0,0
0.1764706,1.0,3.0,4.0,0.33333334,0.34338,0.65,0.25926,0.37594,0.0,0.0,0.5,0.0,1
0.05882353,1.0,3.0,3.0,0.058,0.2252611,0.13033801,0.14313425,0.16427833,0.0,0.0,0.0,0.0,0
0.1764706,1.0,3.0,4.0,0.4,0.06345572,0.02940712,0.061967887,0.05474413,0.0,0.0,0.0,0.0,0
0.5294118,2.0,1.0,3.0,0.456,0.100269966,0.026161052,0.03122723,0.050341874,0.0,0.0,0.0,0.0,0
0.88235295,1.0,1.0,5.0,1.0,0.09408278,0.08153037,0.043908324,0.067517765,0.0,0.0,0.0,0.0,0
0.23529412,2.0,3.0,4.0,0.6666667,0.31238,0.75,0.33333,0.42521,0.0,0.0,0.5,0.0,1
0.9411765,2.0,1.0,5.0,1.0,0.14167322,0.008788182,0.0968129,0.08929541,0.0,0.0,0.0,0.0,0
0.1764706,1.0,3.0,4.0,0.5,0.29026,0.55,0.33333,0.37165,0.0,0.0,0.5,0.0,1
0.11764706,1.0,3.0,4.0,0.5,0.47348,0.625,0.62963,0.58261,0.0,0.0,0.5,0.0,2
0.05882353,1.0,3.0,4.0,0.6666667,0.55709,0.6,0.37037,0.47932,0.0,0.0,0.5,0.0,2
0.88235295,2.0,3.0,3.0,0.368,0.054603912,0.074244976,0.15947369,0.10857582,0.0,0.0,0.0,0.0,0
0.0,2.0,3.0,4.0,0.8333333,0.56348,0.65,0.25926,0.44068,0.0,0.0,0.5,0.0,2
0.11764706,2.0,3.0,4.0,0.5,0.26229,0.575,0.25926,0.33444,0.0,0.0,0.5,0.0,1
0.1764706,2.0,3.0,4.0,0.33333334,0.34685,0.5,0.40741,0.41138,0.0,0.0,0.5,0.0,1
0.0,2.0,3.0,4.0,0.5,0.09825,0.6,0.0,0.17007,0.0,0.0,0.5,0.0,0
0.1764706,2.0,3.0,4.0,0.6666667,0.54771,0.625,0.51852,0.55216,0.0,0.0,0.5,0.0,2
0.64705884,2.0,3.0,4.0,0.796,0.061576467,0.10560374,0.13143055,0.10480834,0.0,0.0,0.0,0.0,0
0.4117647,2.0,3.0,5.0,1.0,0.16666417,0.1378862,0.111066364,0.1337292,0.0,0.0,0.0,0.0,0
0.64705884,1.0,1.0,3.0,0.324,0.014970698,0.016717514,0.0,0.008336679,0.0,0.0,0.0,0.0,0
0.11764706,1.0,3.0,2.0,0.368,0.07329521,0.048137754,0.029223276,0.04663608,0.0,0.0,0.0,0.0,0
0.5294118,2.0,1.0,4.0,1.0,0.048424665,0.04316059,0.05746027,0.051438108,0.0,0.0,0.0,0.0,0
0.05882353,2.0,3.0,4.0,0.16666667,0.27473,0.55,0.33333,0.36708,0.0,0.0,0.5,0.0,1
0.05882353,2.0,3.0,3.0,0.26,0.14713533,0.0,0.04408965,0.06402317,0.0,0.0,0.0,0.0,0
0.8235294,1.0,1.0,4.0,0.61,0.061083395,0.061836053,0.003952584,0.034375403,0.0,0.0,0.0,0.0,0
0.47058824,1.0,3.0,2.0,0.328,0.15693879,0.0,0.09092346,0.08894598,0.0,0.0,0.0,0.0,0
0.5882353,1.0,1.0,5.0,0.738,0.0,0.06853976,0.0,0.016127003,0.0,0.0,0.0,0.0,0
0.5294118,1.0,1.0,5.0,0.852,0.072922684,0.102525376,0.0,0.045571465,0.0,0.0,0.0,0.0,0
0.88235295,1.0,1.0,1.0,0.368,0.12804349,0.054105885,0.09974901,0.09733135,0.0,0.0,0.0,0.0,0
0.88235295,2.0,1.0,4.0,1.0,0.1159749,0.041049905,0.007085953,0.047103632,0.0,0.0,0.0,0.0,0
0.05882353,1.0,3.0,3.0,0.016,0.06704384,0.09825841,0.170248,0.12295511,0.0,0.0,0.0,0.0,0
0.11764706,2.0,3.0,4.0,0.6666667,0.56696,0.775,0.44444,0.55826,0.0,0.0,0.5,0.0,2
0.0,2.0,3.0,3.0,0.418,0.14944503,0.07650338,0.109029,0.11326298,0.0,0.0,0.0,0.0,0
0.29411766,2.0,3.0,4.0,0.5,0.22455,0.575,0.07407,0.2362,0.0,0.0,0.5,0.0,0
0.1764706,2.0,3.0,4.0,0.5,0.21379,0.625,0.59259,0.48881,0.0,0.0,0.5,0.0,1
0.05882353,1.0,3.0,3.0,1.0,0.034659468,0.02985302,0.0,0.0172182,0.0,0.0,0.0,0.0,0
0.0,2.0,3.0,4.0,0.8333333,0.30034,0.475,0.33333,0.35696,0.0,0.0,0.5,0.0,1
0.5294118,2.0,3.0,5.0,0.112,0.08838837,0.060814086,0.1309548,0.101931565,0.0,0.0,0.0,0.0,0
0.1764706,2.0,3.0,4.0,1.0,0.25354,0.5,0.25926,0.31422,0.0,0.0,0.5,0.0,0
0.1764706,1.0,3.0,5.0,1.0,0.05096012,0.057825208,0.062323093,0.057922717,0.0,0.0,0.0,0.0,0
0.7058824,1.0,1.0,3.0,0.34,0.0,0.07154595,0.012313904,0.02262912,0.0,0.0,0.0,0.0,0
0.11764706,1.0,3.0,4.0,0.6666667,0.32085,0.475,0.40741,0.39785,0.0,0.0,0.5,0.0,1
0.05882353,1.0,3.0,4.0,0.6666667,0.32337,0.575,0.25926,0.35241,0.0,0.0,0.5,0.0,1
0.7058824,2.0,3.0,4.0,0.244,0.037770156,0.0,0.076374345,0.04704974,0.0,0.0,0.0,0.0,0
0.47058824,1.0,3.0,4.0,0.598,0.101913795,0.027371217,0.0,0.036414932,0.0,0.0,0.0,0.0,0
0.0,1.0,3.0,4.0,1.0,0.24004,0.525,0.18519,0.28128,0.0,0.0,0.5,0.0,1
0.11764706,2.0,3.0,4.0,0.33333334,0.20952,0.575,0.07407,0.23178,0.0,0.0,0.5,0.0,1
0.23529412,2.0,3.0,4.0,0.6666667,0.10762,0.55,0.11111,0.21335,0.0,0.0,0.5,0.0,0
0.3529412,2.0,3.0,5.0,0.208,0.02861294,0.0,0.0,0.0084155705,0.0,0.0,0.0,0.0,0
0.05882353,1.0,3.0,4.0,0.5,0.10387,0.5,0.55556,0.40964,0.0,0.0,0.5,0.0,0
0.1764706,2.0,3.0,4.0,1.0,0.1279672,0.121115826,0.093924575,0.11033505,0.0,0.0,0.0,0.0,0
0.8235294,2.0,1.0,5.0,1.0,0.036282927,0.059737794,0.0,0.0247274,0.0,0.0,0.0,0.0,0
0.11764706,1.0,3.0,4.0,0.8333333,0.23293,0.625,0.07407,0.25043,0.0,0.0,0.5,0.0,1
0.1764706,1.0,3.0,4.0,0.8333333,0.18429,0.5,0.11111,0.22414,0.0,0.0,0.5,0.0,1
0.9411765,1.0,3.0,3.0,1.0,0.12326233,0.061925277,0.062405158,0.08019141,0.0,0.0,0.0,0.0,0
0.29411766,2.0,1.0,4.0,0.348,0.04891604,0.0010443091,0.023262551,0.025579873,0.0,0.0,0.0,0.0,0
0.8235294,2.0,1.0,2.0,0.18,0.11731336,0.11210787,0.058767136,0.08853737,0.0,0.0,0.0,0.0,0
0.3529412,1.0,3.0,1.0,0.368,0.0009839727,0.013357816,0.11638633,0.05820246,0.0,0.0,0.0,0.0,0
0.05882353,2.0,3.0,4.0,0.8333333,0.18606,0.575,0.48148,0.4166,0.0,0.0,0.5,0.0,1
0.05882353,2.0,3.0,4.0,0.33333334,0.69124,0.75,0.7037,0.71093,0.0,0.0,0.5,0.0,2
0.64705884,2.0,1.0,2.0,0.234,0.23176292,0.29106084,0.25716504,0.25766933,1.0,0.0,0.0,0.0,1
0.5882353,2.0,3.0,5.0,0.74,0.05291154,0.073695205,0.07958208,0.07035266,0.0,0.0,0.0,0.0,0
0.23529412,2.0,1.0,3.0,0.85,0.101140745,0.094250344,0.047252927,0.0741605,0.0,0.0,0.0,0.0,0
0.29411766,1.0,3.0,4.0,0.6666667,0.3143,0.55,0.2963,0.36129,0.0,0.0,0.5,0.0,1
0.64705884,1.0,3.0,4.0,0.21,0.1468458,0.17554379,0.10386053,0.13336991,0.0,0.0,0.0,0.0,0
0.64705884,1.0,1.0,4.0,0.598,0.043174095,0.0663411,0.080574006,0.06622511,0.0,0.0,0.0,0.0,0
0.5294118,2.0,1.0,5.0,0.96,0.15936196,0.017002521,0.020878382,0.06069688,0.0,0.0,0.0,0.0,0
0.11764706,2.0,3.0,4.0,0.5,0.16814,0.5,0.25926,0.2891,0.0,0.0,0.5,0.0,1
0.0,1.0,3.0,3.0,0.33,0.08137905,0.11170422,0.05369039,0.075484425,0.0,0.0,0.0,0.0,0
0.0,2.0,3.0,4.0,0.6666667,0.37443,0.725,0.14815,0.35043,0.0,0.0,0.5,0.0,1
0.1764706,2.0,3.0,4.0,0.6666667,0.35274,0.75,0.40741,0.47194,0.0,0.0,0.5,0.0,1
0.05882353,2.0,3.0,4.0,0.8333333,0.02631,0.65,0.07407,0.19554,0.0,0.0,0.5,0.0,0
0.4117647,1.0,1.0,3.0,0.48,0.05619395,0.08052104,0.049229033,0.058640365,0.0,0.0,0.0,0.0,0
0.05882353,2.0,3.0,3.0,0.198,0.05403692,0.0,0.099443816,0.0626903,0.0,0.0,0.0,0.0,0
0.05882353,2.0,3.0,3.0,0.218,0.1954022,0.18553728,0.21248677,0.20112084,1.0,0.0,0.0,0.0,1
0.0,2.0,3.0,4.0,0.33333334,0.36042,0.525,0.18519,0.31668,0.0,0.0,0.5,0.0,1
0.88235295,1.0,1.0,3.0,0.148,0.05490553,0.02413432,0.07044556,0.054978203,0.0,0.0,0.0,0.0,0
0.11764706,2.0,3.0,4.0,0.868,0.45434374,0.36110905,0.2354367,0.3293911,1.0,0.0,0.0,0.0,1
0.0,2.0,3.0,3.0,0.16,0.023955178,0.0,0.015584806,0.014379667,0.0,0.0,0.0,0.0,0
0.3529412,1.0,1.0,4.0,0.192,0.0067792414,0.053995173,0.0091414405,0.019000495,0.0,0.0,0.0,0.0,0
0.8235294,1.0,3.0,4.0,0.492,0.10140523,0.0089786565,0.0840029,0.07146847,0.0,0.0,0.0,0.0,0
0.1764706,1.0,3.0,4.0,0.6666667,0.08977,0.65,0.25926,0.30135,0.0,0.0,0.5,0.0,0
0.3529412,2.0,1.0,5.0,0.094,0.0,0.0,0.039669275,0.018667895,0.0,0.0,0.0,0.0,0
0.23529412,1.0,3.0,4.0,0.8333333,0.16742,0.575,0.18519,0.27168,0.0,0.0,0.5,0.0,1
0.47058824,2.0,3.0,4.0,0.244,0.045681976,0.039673522,0.016101604,0.030348048,0.0,0.0,0.0,0.0,0
0.5294118,1.0,3.0,5.0,0.784,0.011116485,0.0,0.0,0.0032695543,0.0,0.0,0.0,0.0,0
0.1764706,1.0,3.0,4.0,0.5,0.58211,0.525,0.62963,0.59103,0.0,0.0,0.5,0.0,2
0.29411766,1.0,3.0,4.0,0.8333333,0.05591,0.55,0.0,0.14586,0.0,0.0,0.5,0.0,0
0.05882353,2.0,3.0,4.0,0.6666667,0.82069,0.775,1.0,0.89432,0.0,0.0,0.5,0.0,2
0.1764706,1.0,3.0,4.0,0.33333334,0.55828,0.6,0.40741,0.4971,0.0,0.0,0.5,0.0,2
0.05882353,2.0,3.0,4.0,1.0,0.23459,0.65,0.22222,0.32651,0.0,0.0,0.5,0.0,1
0.1764706,2.0,3.0,3.0,0.64,0.12285532,0.11961003,0.070367575,0.097391605,0.0,0.0,0.0,0.0,0
1.0,2.0,1.0,5.0,1.0,0.08230254,0.10003773,0.053048693,0.07270901,0.0,0.0,0.0,0.0,0
0.5882353,1.0,3.0,4.0,0.33333334,0.1481,0.55,0.33333,0.32983,0.0,0.0,0.5,0.0,0
0.05882353,1.0,3.0,3.0,0.368,0.09691266,0.04669641,0.1008961,0.086971626,0.0,0.0,0.0,0.0,0
0.23529412,1.0,3.0,3.0,0.368,0.07993934,0.0,0.039307237,0.042009093,0.0,0.0,0.0,0.0,0
0.5882353,2.0,1.0,3.0,0.168,0.030835284,0.11611278,0.066134095,0.06751178,0.0,0.0,0.0,0.0,0
0.1764706,2.0,1.0,3.0,0.222,0.17012303,0.15057111,0.1011866,0.13308191,0.0,0.0,0.0,0.0,0
0.8235294,1.0,1.0,4.0,0.734,0.030231277,0.10332093,0.044762284,0.05426696,0.0,0.0,0.0,0.0,0
0.11764706,2.0,3.0,4.0,0.6666667,0.35451,0.55,0.22222,0.33825,0.0,0.0,0.5,0.0,1
0.0,2.0,3.0,4.0,0.5,0.22877,0.575,0.18519,0.28973,0.0,0.0,0.5,0.0,1
0.9411765,2.0,1.0,4.0,0.346,0.14208859,0.23787616,0.18974245,0.18705219,0.0,0.0,0.0,0.0,0
0.1764706,1.0,3.0,4.0,0.8333333,0.10157,0.675,0.14815,0.25841,0.0,0.0,0.5,0.0,0
0.29411766,2.0,3.0,4.0,0.996,0.295652,0.22838727,0.38284048,0.32085487,1.0,0.0,0.0,0.0,1
0.0,1.0,3.0,3.0,0.232,0.06534791,0.052680787,0.10465862,0.08086657,0.0,0.0,0.0,0.0,0
0.47058824,1.0,1.0,4.0,0.368,0.08079001,0.104206935,0.0,0.048281047,0.0,0.0,0.0,0.0,0
0.1764706,2.0,3.0,4.0,0.33333334,0.78767,0.675,0.74074,0.73907,0.0,0.0,0.5,0.0,2
0.29411766,1.0,3.0,5.0,0.882,0.0,0.04788616,0.047917295,0.033816647,0.0,0.0,0.0,0.0,0
0.05882353,1.0,3.0,4.0,0.8333333,0.28558,0.45,0.55556,0.45131,0.0,0.0,0.5,0.0,1
0.5882353,1.0,3.0,2.0,0.368,0.056500267,0.091082916,0.004094698,0.03997592,0.0,0.0,0.0,0.0,0
0.05882353,1.0,3.0,4.0,0.5,0.19945,0.475,0.11111,0.22272,0.0,0.0,0.5,0.0,1
0.4117647,2.0,1.0,4.0,0.2,0.32149452,0.27170846,0.3811538,0.3378551,1.0,0.0,0.0,0.0,1
0.5882353,2.0,1.0,4.0,0.656,0.11672892,0.09757968,0.057396136,0.084301904,0.0,0.0,0.0,0.0,0
0.3529412,2.0,3.0,5.0,0.264,0.03530455,0.11013587,0.042549245,0.05632119,0.0,0.0,0.0,0.0,0
0.29411766,1.0,3.0,4.0,0.6666667,0.60469,0.6,0.59259,0.59789,0.0,0.0,0.5,0.0,2
0.88235295,2.0,1.0,3.0,1.0,0.0,0.0,0.0,0.0,0.0,0.0,0.0,0.0,0
0.05882353,2.0,3.0,4.0,0.5,0.24942,0.525,0.11111,0.24918,0.0,0.0,0.5,0.0,1
0.3529412,2.0,3.0,4.0,1.0,0.31027052,0.15463145,0.21274012,0.22775291,1.0,0.0,0.0,0.0,1
0.47058824,2.0,1.0,4.0,0.738,0.03232264,0.099514954,0.021398615,0.04299188,0.0,0.0,0.0,0.0,0
0.9411765,2.0,3.0,5.0,0.368,0.11154943,0.1342838,0.02256054,0.075021565,0.0,0.0,0.0,0.0,0
0.7058824,2.0,3.0,3.0,0.058,0.07633074,0.061985526,0.06928152,0.06963811,0.0,0.0,0.0,0.0,0
0.29411766,2.0,3.0,4.0,0.8333333,0.22674,0.6,0.33333,0.36473,0.0,0.0,0.5,0.0,1
0.7647059,1.0,3.0,4.0,0.338,0.051928185,0.077588275,0.0991118,0.08016991,0.0,0.0,0.0,0.0,0
0.9411765,1.0,1.0,5.0,0.368,0.12291301,0.1326384,0.1247161,0.12604985,0.0,0.0,0.0,0.0,0
0.0,2.0,3.0,4.0,1.0,0.45643,0.525,0.74074,0.60636,0.0,0.0,0.5,0.0,1
0.4117647,2.0,1.0,5.0,0.71,0.0,0.012072608,0.0,0.0028406137,0.0,0.0,0.0,0.0,0
0.0,2.0,3.0,4.0,0.5,0.80904,0.8,0.81481,0.80963,0.0,0.0,0.5,0.0,2
0.05882353,2.0,3.0,4.0,0.5,0.37525,0.65,0.18519,0.35046,0.0,0.0,0.5,0.0,1
0.1764706,1.0,3.0,3.0,0.368,0.052579217,0.0066648545,0.061892577,0.046158593,0.0,0.0,0.0,0.0,0
0.1764706,2.0,1.0,2.0,0.416,0.04773734,0.035437413,0.16110052,0.09819062,0.0,0.0,0.0,0.0,0
0.05882353,1.0,3.0,4.0,0.8333333,0.02315,0.55,0.03704,0.15365,0.0,0.0,0.5,0.0,0
0.8235294,2.0,3.0,4.0,0.2,0.5540274,0.51014334,0.5008253,0.51866543,2.0,0.0,0.0,0.0,2
0.05882353,2.0,3.0,4.0,0.5,0.17551,0.675,0.74074,0.55903,0.0,0.0,0.5,0.0,1
0.29411766,1.0,3.0,4.0,0.358,0.2400351,0.1509177,0.008180234,0.10995813,0.0,0.0,0.0,0.0,0
0.4117647,2.0,3.0,5.0,0.288,0.19500747,0.10300555,0.05091742,0.10555288,0.0,0.0,0.0,0.0,0
0.11764706,1.0,3.0,4.0,0.8333333,0.27696,0.525,0.33333,0.36185,0.0,0.0,0.5,0.0,1
0.4117647,2.0,1.0,4.0,0.288,0.06439819,0.036813285,0.059899356,0.055790525,0.0,0.0,0.0,0.0,0
0.05882353,1.0,3.0,3.0,0.166,0.09555309,0.11410813,0.09475321,0.099542566,0.0,0.0,0.0,0.0,0
0.11764706,1.0,3.0,4.0,0.8333333,0.49254,0.525,0.74074,0.61698,0.0,0.0,0.5,0.0,2
0.0,2.0,3.0,4.0,0.33333334,0.31963,0.55,0.74074,0.572,0.0,0.0,0.5,0.0,1
0.0,2.0,3.0,4.0,1.0,0.24324,0.475,0.11111,0.23559,0.0,0.0,0.5,0.0,1
0.05882353,1.0,3.0,4.0,0.8333333,0.12963,0.45,0.2963,0.28344,0.0,0.0,0.5,0.0,0
1.0,1.0,1.0,3.0,0.886,0.09029467,0.0986336,0.104615,0.09899575,0.0,0.0,0.0,0.0,0
0.11764706,1.0,3.0,4.0,0.33333334,0.48882,0.675,0.55556,0.56403,0.0,0.0,0.5,0.0,2
0.05882353,1.0,3.0,3.0,0.368,0.055044767,0.0,0.086240485,0.056773394,0.0,0.0,0.0,0.0,0
1.0,2.0,2.0,3.0,0.364,0.0,0.0,0.069205455,0.032567274,0.0,0.0,0.0,0.0,0
0.23529412,2.0,3.0,4.0,0.16666667,0.53958,0.65,0.48148,0.53822,0.0,0.0,0.5,0.0,2
0.3529412,2.0,1.0,3.0,0.192,0.0,0.0059171817,0.039422594,0.019944087,0.0,0.0,0.0,0.0,0
0.29411766,2.0,1.0,4.0,0.79,0.16226114,0.15971506,0.16566771,0.16326515,0.0,0.0,0.0,0.0,0
0.11764706,1.0,3.0,4.0,0.5,0.23137,0.525,0.33333,0.34844,0.0,0.0,0.5,0.0,1
0.0,1.0,3.0,4.0,0.5,0.6108,0.675,0.74074,0.68706,0.0,0.0,0.5,0.0,2
0.11764706,2.0,3.0,4.0,0.6666667,0.27747,0.525,0.22222,0.30971,0.0,0.0,0.5,0.0,1
0.0,1.0,3.0,4.0,0.6666667,0.47013,0.7,0.18519,0.39012,0.0,0.0,0.5,0.0,2
0.9411765,1.0,1.0,5.0,0.8,0.056361914,0.003435891,0.10972578,0.06902114,0.0,0.0,0.0,0.0,0
0.0,2.0,3.0,4.0,0.16666667,0.19731,0.65,0.03704,0.2284,0.0,0.0,0.5,0.0,1
0.5294118,2.0,3.0,4.0,0.8333333,0.05133,0.45,0.07407,0.15584,0.0,0.0,0.5,0.0,0
0.05882353,1.0,3.0,4.0,0.8333333,0.20649,0.55,0.11111,0.24243,0.0,0.0,0.5,0.0,0
0.1764706,1.0,3.0,4.0,0.33333334,0.37564,0.6,0.33333,0.40852,0.0,0.0,0.5,0.0,1
0.11764706,2.0,3.0,4.0,0.758,0.06598564,0.063904434,0.0051755896,0.036879454,0.0,0.0,0.0,0.0,0
0.29411766,2.0,3.0,4.0,0.33333334,0.63967,0.725,0.37037,0.53302,0.0,0.0,0.5,0.0,2
0.11764706,2.0,3.0,4.0,0.6666667,0.23883,0.625,0.37037,0.3916,0.0,0.0,0.5,0.0,1
0.1764706,2.0,3.0,4.0,0.8333333,0.46517,0.575,0.37037,0.4464,0.0,0.0,0.5,0.0,2
0.7058824,2.0,1.0,5.0,0.368,0.044718534,0.05289689,0.12011406,0.0821231,0.0,0.0,0.0,0.0,0
0.3529412,2.0,3.0,4.0,0.5,0.32023,0.675,0.48148,0.47959,0.0,0.0,0.5,0.0,1
0.11764706,2.0,3.0,4.0,0.6666667,0.1758,0.45,0.25926,0.27959,0.0,0.0,0.5,0.0,1
0.9411765,2.0,1.0,3.0,0.368,0.08642858,0.018413365,0.0,0.029752728,0.0,0.0,0.0,0.0,0
0.29411766,1.0,3.0,4.0,0.5,0.3749,0.7,0.59259,0.55384,0.0,0.0,0.5,0.0,1
0.7058824,2.0,3.0,4.0,0.03,0.28425857,0.26477903,0.25775418,0.2672025,1.0,0.0,0.0,0.0,1
0.05882353,1.0,3.0,4.0,0.33333334,0.73735,0.675,0.55556,0.63713,0.0,0.0,0.5,0.0,2
0.23529412,1.0,3.0,4.0,0.5,0.47141,0.5,0.7037,0.58745,0.0,0.0,0.5,0.0,2
0.3529412,2.0,3.0,5.0,0.514,0.1637862,0.12306662,0.069772266,0.10996327,0.0,0.0,0.0,0.0,0
0.29411766,2.0,3.0,5.0,0.594,0.14938983,0.083275795,0.09278802,0.10719744,0.0,0.0,0.0,0.0,0
0.05882353,1.0,3.0,4.0,0.5,0.01834,0.5,0.03704,0.14047,0.0,0.0,0.5,0.0,0
0.9411765,2.0,1.0,3.0,0.368,0.0,0.0,0.08364248,0.03936117,0.0,0.0,0.0,0.0,0
0.05882353,2.0,3.0,4.0,1.0,0.162,0.55,0.14815,0.24677,0.0,0.0,0.5,0.0,0
0.05882353,2.0,3.0,4.0,0.5,0.50242,0.625,0.62963,0.59112,0.0,0.0,0.5,0.0,2
0.05882353,2.0,3.0,4.0,1.0,0.56583,0.75,0.18519,0.43004,0.0,0.0,0.5,0.0,2
0.9411765,2.0,3.0,3.0,0.232,0.01820933,0.045918003,0.09924053,0.062861346,0.0,0.0,0.0,0.0,0
0.1764706,2.0,3.0,4.0,0.5,0.1599,0.625,0.25926,0.31609,0.0,0.0,0.5,0.0,0
0.0,2.0,3.0,4.0,0.6666667,0.16724,0.5,0.22222,0.27141,0.0,0.0,0.5,0.0,1
0.64705884,1.0,1.0,2.0,0.122,0.14993952,0.017956091,0.03542591,0.06499584,0.0,0.0,0.0,0.0,0
0.05882353,2.0,3.0,4.0,0.33333334,0.0,0.55,0.14815,0.19913,0.0,0.0,0.5,0.0,0
0.47058824,2.0,1.0,5.0,0.972,0.0076234797,0.03455946,0.0,0.010373837,0.0,0.0,0.0,0.0,0
0.4117647,1.0,3.0,5.0,1.0,0.036165994,0.0012815823,0.0033763398,0.012527471,0.0,0.0,0.0,0.0,0
0.29411766,1.0,1.0,4.0,0.348,0.016752118,0.0,0.055831634,0.031200804,0.0,0.0,0.0,0.0,0
0.05882353,2.0,3.0,4.0,0.8333333,0.32589,0.625,0.33333,0.39977,0.0,0.0,0.5,0.0,1
0.05882353,1.0,3.0,3.0,0.024,0.032711443,0.023994515,0.06342236,0.0451126,0.0,0.0,0.0,0.0,0
0.29411766,2.0,3.0,5.0,0.0,0.0930112,0.052644406,0.0,0.039743155,0.0,0.0,0.0,0.0,0
0.5882353,1.0,1.0,2.0,0.12,0.024635231,0.0013076386,0.045997232,0.029199092,0.0,0.0,0.0,0.0,0
0.11764706,1.0,3.0,4.0,0.6666667,0.2346,0.6,0.37037,0.38447,0.0,0.0,0.5,0.0,1
0.23529412,2.0,1.0,3.0,0.398,0.13619955,0.05378307,0.16437252,0.1300653,0.0,0.0,0.0,0.0,0
0.29411766,1.0,3.0,2.0,0.236,0.0,0.04726235,0.08930943,0.053148523,0.0,0.0,0.0,0.0,0
0.1764706,2.0,3.0,4.0,0.16666667,0.41526,0.45,0.40741,0.41974,0.0,0.0,0.5,0.0,2
0.0,2.0,3.0,3.0,0.402,0.21498135,0.32296762,0.20892516,0.23753992,1.0,0.0,0.0,0.0,1
0.29411766,2.0,2.0,2.0,0.104,0.10044393,0.06679052,0.07181549,0.079053275,0.0,0.0,0.0,0.0,0
0.11764706,2.0,3.0,4.0,0.75,0.07139598,0.041457508,0.13889447,0.096115634,0.0,0.0,0.0,0.0,0
0.1764706,2.0,3.0,4.0,1.0,0.08079199,0.06729919,0.0143678095,0.046358775,0.0,0.0,0.0,0.0,0
0.0,2.0,3.0,4.0,0.6666667,0.42051,0.525,0.40741,0.43893,0.0,0.0,0.5,0.0,2
0.8235294,2.0,1.0,4.0,0.53,0.060886726,0.042811245,0.13008133,0.08919584,0.0,0.0,0.0,0.0,0
0.23529412,2.0,3.0,3.0,0.368,0.21230952,0.13718864,0.06682688,0.1261716,0.0,0.0,0.0,0.0,0
0.0,1.0,3.0,4.0,0.8333333,0.26173,0.6,0.7037,0.54931,0.0,0.0,0.5,0.0,1
0.11764706,2.0,3.0,4.0,0.032,0.071710855,0.022329083,0.10250611,0.0745835,0.0,0.0,0.0,0.0,0
0.05882353,1.0,3.0,4.0,0.5,0.27334,0.55,0.33333,0.36667,0.0,0.0,0.5,0.0,1
0.4117647,1.0,3.0,4.0,1.0,0.28881,0.575,0.37037,0.39453,0.0,0.0,0.5,0.0,1
0.3529412,2.0,1.0,4.0,0.288,0.040729545,0.03787471,0.10664915,0.071078815,0.0,0.0,0.0,0.0,0
0.0,2.0,3.0,4.0,0.33333334,0.24691,0.675,0.55556,0.49288,0.0,0.0,0.5,0.0,1
1.0,2.0,1.0,4.0,0.488,0.0,0.11544971,0.06483191,0.057673775,0.0,0.0,0.0,0.0,0
0.1764706,1.0,3.0,4.0,0.5,0.76276,0.55,0.85185,0.75462,0.0,0.0,0.5,0.0,2
0.05882353,2.0,3.0,4.0,0.6666667,0.1668,0.5,0.0,0.16671,0.0,0.0,0.5,0.0,1
0.5294118,1.0,1.0,3.0,0.346,0.08442114,0.043947462,0.17231904,0.11626164,0.0,0.0,0.0,0.0,0
0.29411766,2.0,1.0,4.0,0.51,0.0,0.08702488,0.0,0.020476442,0.0,0.0,0.0,0.0,0
0.1764706,2.0,3.0,4.0,0.8333333,0.30915,0.525,0.48148,0.44104,0.0,0.0,0.5,0.0,1
0.0,2.0,3.0,4.0,0.33333334,0.29178,0.55,0.07407,0.25009,0.0,0.0,0.5,0.0,1
0.11764706,1.0,3.0,3.0,0.368,0.063943915,0.05064875,0.094651066,0.07526606,0.0,0.0,0.0,0.0,0
0.05882353,2.0,3.0,3.0,0.0,0.107841566,0.100763105,0.17558911,0.13805725,0.0,0.0,0.0,0.0,0
0.3529412,1.0,3.0,2.0,0.3,0.0,0.12489029,0.033990674,0.04538156,0.0,0.0,0.0,0.0,0
1.0,1.0,1.0,3.0,0.61,0.0,0.12593825,0.056128066,0.056045737,0.0,0.0,0.0,0.0,0
0.11764706,1.0,3.0,4.0,0.5,0.37616,0.625,0.22222,0.36227,0.0,0.0,0.5,0.0,2
0.23529412,1.0,3.0,4.0,0.368,0.11484705,0.08212368,0.12324728,0.11110049,0.0,0.0,0.0,0.0,0
0.7647059,1.0,3.0,4.0,1.0,0.11867915,0.056898717,0.11814302,0.103890285,0.0,0.0,0.0,0.0,0
0.23529412,2.0,3.0,4.0,0.33333334,0.39974,0.5,0.25926,0.35722,0.0,0.0,0.5,0.0,1
0.11764706,1.0,3.0,4.0,1.0,0.85891,0.675,0.81481,0.79489,0.0,0.0,0.5,0.0,2
0.47058824,2.0,1.0,4.0,0.368,0.12058901,0.09797353,0.08739299,0.09964607,0.0,0.0,0.0,0.0,0
0.1764706,1.0,3.0,4.0,0.6666667,0.12014,0.525,0.07407,0.19372,0.0,0.0,0.5,0.0,0
0.3529412,1.0,1.0,1.0,0.096,0.008268655,0.09285294,0.046900492,0.046350528,0.0,0.0,0.0,0.0,0
0.3529412,2.0,3.0,4.0,0.6666667,0.76309,0.75,0.51852,0.64492,0.0,0.0,0.5,0.0,2
0.4117647,2.0,3.0,3.0,0.486,0.14466201,0.11184394,0.028946519,0.082485765,0.0,0.0,0.0,0.0,0
0.7058824,1.0,1.0,5.0,1.0,0.101409696,0.0932125,0.08029008,0.0895423,0.0,0.0,0.0,0.0,0
0.0,2.0,3.0,4.0,0.8333333,0.25854,0.575,0.33333,0.3682,0.0,0.0,0.5,0.0,1
0.88235295,1.0,1.0,5.0,0.368,0.062546976,0.11709288,0.1263013,0.105383344,0.0,0.0,0.0,0.0,0
0.11764706,2.0,3.0,4.0,0.6666667,0.35597,0.625,0.44444,0.46091,0.0,0.0,0.5,0.0,1
0.5882353,2.0,1.0,4.0,0.65,0.049474467,0.032090977,0.0,0.022102132,0.0,0.0,0.0,0.0,0
0.88235295,1.0,1.0,5.0,0.128,0.20768315,0.1297261,0.2298557,0.19977446,1.0,0.0,0.0,0.0,1
0.11764706,2.0,3.0,4.0,0.6666667,0.44779,0.6,0.48148,0.49946,0.0,0.0,0.5,0.0,1
0.47058824,2.0,3.0,4.0,0.466,0.066909075,0.072023846,0.08005393,0.07429837,0.0,0.0,0.0,0.0,0
0.11764706,1.0,3.0,4.0,0.5,0.2243,0.625,0.2963,0.35246,0.0,0.0,0.5,0.0,1
0.1764706,2.0,3.0,4.0,1.0,0.02355,0.725,0.07407,0.21237,0.0,0.0,0.5,0.0,0
0.7647059,1.0,3.0,4.0,0.082,0.015474709,0.10377689,0.0,0.028969476,0.0,0.0,0.0,0.0,0
0.9411765,2.0,1.0,1.0,0.368,0.11555965,0.0843302,0.04817281,0.07650009,0.0,0.0,0.0,0.0,0
0.05882353,1.0,3.0,3.0,0.198,0.12625152,0.011874493,0.043487497,0.060391504,0.0,0.0,0.0,0.0,0
0.7058824,2.0,1.0,2.0,0.212,0.06463006,0.010554392,0.021844106,0.03177181,0.0,0.0,0.0,0.0,0
0.1764706,2.0,3.0,4.0,0.8333333,0.22043,0.575,0.11111,0.25241,0.0,0.0,0.5,0.0,1
0.05882353,2.0,3.0,4.0,0.16666667,0.17902,0.525,0.22222,0.28076,0.0,0.0,0.5,0.0,0
0.11764706,1.0,3.0,4.0,1.0,0.92648,0.7,0.85185,0.83807,0.0,0.0,0.5,0.0,2
0.0,2.0,3.0,4.0,1.0,0.28658,0.575,0.25926,0.34159,0.0,0.0,0.5,0.0,1
0.0,1.0,3.0,4.0,0.8333333,0.27268,0.45,0.18519,0.27323,0.0,0.0,0.5,0.0,1
0.0,1.0,3.0,4.0,0.5,0.15857,0.6,0.11111,0.2401,0.0,0.0,0.5,0.0,0
0.0,2.0,3.0,4.0,0.6666667,0.80976,0.65,0.81481,0.77455,0.0,0.0,0.5,0.0,2
0.23529412,1.0,3.0,4.0,0.5,0.34992,0.525,0.14815,0.29616,0.0,0.0,0.5,0.0,1
0.9411765,2.0,3.0,5.0,0.972,0.073450394,0.17373765,0.12153017,0.11967317,0.0,0.0,0.0,0.0,0
0.0,1.0,3.0,4.0,0.16666667,0.16132,0.55,0.44444,0.38601,0.0,0.0,0.5,0.0,0
0.47058824,1.0,3.0,3.0,0.408,0.10574787,0.13659276,0.11532897,0.117514245,0.0,0.0,0.0,0.0,0
0.11764706,2.0,3.0,2.0,0.32,0.0036181805,0.01762196,0.09740641,0.051048823,0.0,0.0,0.0,0.0,0
0.05882353,1.0,3.0,4.0,0.33333334,0.28615,0.6,0.22222,0.32991,0.0,0.0,0.5,0.0,1
0.3529412,2.0,2.0,4.0,0.332,0.031955685,0.0,0.12674591,0.06904387,0.0,0.0,0.0,0.0,0
0.0,2.0,3.0,4.0,0.33333334,0.35753,0.6,0.22222,0.35091,0.0,0.0,0.5,0.0,1
0.11764706,2.0,3.0,3.0,0.116,0.21748747,0.12834604,0.123608746,0.1523348,0.0,0.0,0.0,0.0,0
0.0,1.0,3.0,4.0,0.33333334,0.4465,0.625,0.66667,0.59211,0.0,0.0,0.5,0.0,2
0.1764706,2.0,1.0,3.0,0.238,0.11830169,0.044051297,0.06867717,0.0774783,0.0,0.0,0.0,0.0,0
0.0,2.0,3.0,4.0,0.8333333,0.50219,0.6,0.2963,0.42831,0.0,0.0,0.5,0.0,2
0.1764706,2.0,3.0,4.0,0.33333334,0.87594,0.55,0.96296,0.8402,0.0,0.0,0.5,0.0,2
0.0,2.0,3.0,4.0,0.5,0.2738,0.625,0.18519,0.31473,0.0,0.0,0.5,0.0,1
0.1764706,1.0,3.0,4.0,1.0,0.13831,0.6,0.03704,0.19928,0.0,0.0,0.5,0.0,0
0.4117647,2.0,1.0,4.0,0.458,0.08828721,0.058582798,0.019613154,0.048980735,0.0,0.0,0.0,0.0,0
0.1764706,2.0,3.0,4.0,0.5,0.15191,0.625,0.11111,0.24403,0.0,0.0,0.5,0.0,1
1.0,2.0,1.0,5.0,0.732,0.11218496,0.032019217,0.04965829,0.06389812,0.0,0.0,0.0,0.0,0
0.7058824,2.0,1.0,4.0,0.636,0.026276132,0.12471537,0.0,0.03707307,0.0,0.0,0.0,0.0,0
0.11764706,2.0,3.0,4.0,0.8333333,0.58351,0.6,0.40741,0.50452,0.0,0.0,0.5,0.0,2
0.64705884,2.0,1.0,4.0,0.788,0.12283253,0.11778364,0.09790484,0.10991388,0.0,0.0,0.0,0.0,0
0.64705884,1.0,1.0,4.0,1.0,0.04029729,0.09216398,0.027134256,0.04630685,0.0,0.0,0.0,0.0,0
0.0,2.0,3.0,3.0,0.016,0.0,0.0,0.11617254,0.05466943,0.0,0.0,0.0,0.0,0
0.29411766,1.0,3.0,4.0,0.512,0.016813822,0.09234464,0.06570582,0.057593778,0.0,0.0,0.0,0.0,0
0.0,2.0,3.0,3.0,0.186,0.01904057,0.05985931,0.022397531,0.030224726,0.0,0.0,0.0,0.0,0
0.88235295,1.0,1.0,5.0,1.0,0.0,0.015035727,0.021010024,0.013424889,0.0,0.0,0.0,0.0,0
0.11764706,2.0,3.0,4.0,0.5,0.92452,0.7,0.96296,0.88978,0.0,0.0,0.5,0.0,2
0.05882353,2.0,3.0,4.0,0.33333334,0.83987,0.675,0.92593,0.84157,0.0,0.0,0.5,0.0,2
0.4117647,1.0,3.0,5.0,0.256,0.0,0.051179733,0.04520974,0.03331746,0.0,0.0,0.0,0.0,0
0.88235295,2.0,1.0,3.0,0.416,0.14102323,0.13639681,0.10447571,0.12273583,0.0,0.0,0.0,0.0,0
0.0,1.0,3.0,4.0,0.16666667,0.0,0.475,0.07407,0.14662,0.0,0.0,0.5,0.0,0
0.7058824,2.0,3.0,4.0,0.368,0.076074824,0.0540132,0.0,0.03508394,0.0,0.0,0.0,0.0,0
0.3529412,2.0,1.0,3.0,0.422,0.0524204,0.09729981,0.025845453,0.050474405,0.0,0.0,0.0,0.0,0
0.88235295,2.0,1.0,5.0,1.0,0.0,0.03490171,0.04769347,0.030656151,0.0,0.0,0.0,0.0,0
0.7647059,2.0,1.0,5.0,0.68,0.58832085,0.3183119,0.3730637,0.42349187,2.0,0.0,0.0,0.0,2
0.05882353,1.0,3.0,4.0,0.33333334,0.17281,0.575,0.33333,0.34298,0.0,0.0,0.5,0.0,0
0.5882353,2.0,1.0,3.0,0.144,0.07214546,0.072908945,0.14210479,0.10524714,0.0,0.0,0.0,0.0,0
0.11764706,2.0,3.0,4.0,0.5,0.2718,0.575,0.14815,0.28495,0.0,0.0,0.5,0.0,1
0.47058824,1.0,3.0,5.0,0.424,0.0,0.1544256,0.020548556,0.046005346,0.0,0.0,0.0,0.0,0
0.1764706,2.0,3.0,4.0,0.216,0.2910129,0.3685563,0.28744438,0.3075791,1.0,0.0,0.0,0.0,1
0.4117647,1.0,3.0,5.0,1.0,0.08385182,0.0567002,0.04251144,0.05800891,0.0,0.0,0.0,0.0,0
0.11764706,2.0,3.0,4.0,1.0,0.1506757,0.16249709,0.07204663,0.11645529,0.0,0.0,0.0,0.0,0
0.4117647,2.0,1.0,4.0,0.162,0.14799604,0.14698619,0.009703457,0.08267956,0.0,0.0,0.0,0.0,0
0.0,1.0,3.0,4.0,0.33333334,0.26339,0.475,0.40741,0.38095,0.0,0.0,0.5,0.0,1
0.3529412,2.0,1.0,4.0,0.356,0.032536298,0.1534853,0.060182557,0.07400489,0.0,0.0,0.0,0.0,0
0.88235295,1.0,2.0,4.0,0.398,0.0027198917,0.19178203,0.06412242,0.07610041,0.0,0.0,0.0,0.0,0
0.7647059,2.0,1.0,4.0,0.464,0.14239214,0.090050615,0.12691578,0.1227935,0.0,0.0,0.0,0.0,0
0.1764706,2.0,3.0,4.0,0.5,0.66846,0.775,0.66667,0.69268,0.0,0.0,0.5,0.0,2
0.0,1.0,3.0,4.0,0.6666667,0.40983,0.575,0.18519,0.34298,0.0,0.0,0.5,0.0,1
0.1764706,2.0,3.0,4.0,0.16666667,0.20059,0.6,0.07407,0.23503,0.0,0.0,0.5,0.0,1
0.0,2.0,3.0,4.0,0.16666667,0.03984,0.525,0.07407,0.17011,0.0,0.0,0.5,0.0,0
0.3529412,2.0,3.0,4.0,0.236,0.0,0.0,0.044151664,0.020777253,0.0,0.0,0.0,0.0,0
0.29411766,1.0,3.0,4.0,0.5,0.69698,0.725,0.40741,0.5673,0.0,0.0,0.5,0.0,2
0.0,2.0,3.0,3.0,0.68,0.0472965,0.13598968,0.0,0.04590831,0.0,0.0,0.0,0.0,0
0.11764706,2.0,3.0,4.0,1.0,0.82014,0.85,0.66667,0.75494,0.0,0.0,0.5,0.0,2
0.8235294,1.0,1.0,4.0,0.368,0.08954976,0.19723058,0.0,0.07274536,0.0,0.0,0.0,0.0,0
0.11764706,1.0,3.0,4.0,0.368,0.13635008,0.12759316,0.046022523,0.09178254,0.0,0.0,0.0,0.0,0
0.88235295,2.0,3.0,4.0,0.368,0.015453496,0.0,0.0,0.004545146,0.0,0.0,0.0,0.0,0
0.0,1.0,3.0,4.0,0.16666667,0.34566,0.5,0.25926,0.34132,0.0,0.0,0.5,0.0,1
0.0,1.0,3.0,4.0,0.8333333,0.41233,0.6,0.40741,0.45417,0.0,0.0,0.5,0.0,1
0.0,2.0,3.0,4.0,0.5,0.22769,0.5,0.25926,0.30662,0.0,0.0,0.5,0.0,1
0.0,1.0,3.0,4.0,0.33333334,0.33173,0.6,0.25926,0.36075,0.0,0.0,0.5,0.0,1
0.5882353,2.0,1.0,3.0,0.238,0.15196207,0.076816164,0.038714886,0.080987886,0.0,0.0,0.0,0.0,0
0.05882353,2.0,3.0,4.0,0.5,0.44595,0.5,0.18519,0.33595,0.0,0.0,0.5,0.0,2
0.0,1.0,3.0,4.0,0.5,0.30328,0.7,0.18519,0.34105,0.0,0.0,0.5,0.0,1
0.0,1.0,3.0,3.0,0.402,0.012152904,0.05332871,0.0,0.016122317,0.0,0.0,0.0,0.0,0
0.29411766,1.0,3.0,4.0,0.8333333,0.04331,0.55,0.14815,0.21187,0.0,0.0,0.5,0.0,0
0.5294118,1.0,1.0,3.0,1.0,0.050218515,0.16333936,0.0,0.053202942,0.0,0.0,0.0,0.0,0
0.05882353,1.0,3.0,4.0,0.5,0.82305,0.55,0.81481,0.75493,0.0,0.0,0.5,0.0,2
0.8235294,1.0,3.0,5.0,0.368,0.08486815,0.09553236,0.046661228,0.06939765,0.0,0.0,0.0,0.0,0
0.4117647,1.0,1.0,3.0,0.674,0.09671412,0.17241527,0.06925604,0.10160471,0.0,0.0,0.0,0.0,0
0.11764706,1.0,3.0,4.0,0.33333334,0.94285,0.75,1.0,0.92437,0.0,0.0,0.5,0.0,2
1.0,2.0,1.0,4.0,0.7,0.10710411,0.06792708,0.064229965,0.07770991,0.0,0.0,0.0,0.0,0
0.4117647,2.0,3.0,4.0,0.546,0.14417191,0.06979551,0.032089885,0.0739271,0.0,0.0,0.0,0.0,0
0.05882353,2.0,3.0,4.0,0.5,0.8727,0.725,0.85185,0.82814,0.0,0.0,0.5,0.0,2
0.7647059,2.0,3.0,4.0,1.0,0.08040059,0.0,0.037833348,0.04145116,0.0,0.0,0.0,0.0,0
0.0,1.0,3.0,4.0,0.6666667,0.24957,0.475,0.14815,0.25489,0.0,0.0,0.5,0.0,1
0.7647059,1.0,1.0,4.0,0.414,0.028545996,0.02068675,0.032726977,0.028664282,0.0,0.0,0.0,0.0,0
0.05882353,1.0,3.0,4.0,0.8333333,0.80853,0.725,0.33333,0.56525,0.0,0.0,0.5,0.0,2
0.5294118,2.0,1.0,5.0,0.17,0.031494882,0.008669405,0.11832852,0.06698707,0.0,0.0,0.0,0.0,0
0.05882353,2.0,3.0,4.0,0.6666667,0.19105,0.6,0.18519,0.28451,0.0,0.0,0.5,0.0,1
0.47058824,1.0,3.0,5.0,1.0,0.11449161,0.1687111,0.110325284,0.12528852,0.0,0.0,0.0,0.0,0
0.88235295,2.0,1.0,5.0,0.97,0.116216205,0.06089585,0.021256065,0.058512527,0.0,0.0,0.0,0.0,0
1.0,1.0,1.0,1.0,0.364,0.07102279,0.058071475,0.01699019,0.042548317,0.0,0.0,0.0,0.0,0
0.11764706,2.0,3.0,4.0,0.6666667,0.19301,0.525,0.22222,0.28487,0.0,0.0,0.5,0.0,0
0.05882353,1.0,3.0,4.0,0.8333333,0.47761,0.575,0.25926,0.39777,0.0,0.0,0.5,0.0,2
0.23529412,1.0,1.0,3.0,0.23,0.06104205,0.0,0.11037936,0.06989677,0.0,0.0,0.0,0.0,0
0.23529412,1.0,1.0,2.0,0.034,0.004757567,0.008094975,0.009647494,0.0078439815,0.0,0.0,0.0,0.0,0
0.0,2.0,3.0,4.0,0.33333334,0.28084,0.675,0.55556,0.50286,0.0,0.0,0.5,0.0,1
0.05882353,2.0,3.0,4.0,0.8333333,0.18222,0.475,0.11111,0.21765,0.0,0.0,0.5,0.0,1
0.11764706,1.0,3.0,4.0,0.6666667,0.17419,0.75,0.07407,0.26256,0.0,0.0,0.5,0.0,1
0.88235295,2.0,3.0,4.0,0.16,0.1084353,0.08728962,0.14329152,0.11986277,0.0,0.0,0.0,0.0,0
0.9411765,1.0,3.0,4.0,1.0,0.0341736,0.15974654,0.07872217,0.08468421,0.0,0.0,0.0,0.0,0
0.4117647,2.0,1.0,4.0,0.52,0.021660825,0.08376752,0.0,0.026080836,0.0,0.0,0.0,0.0,0
0.23529412,2.0,3.0,4.0,0.8333333,0.6088,0.65,0.25926,0.454,0.0,0.0,0.5,0.0,2
0.11764706,2.0,3.0,3.0,0.65,0.42929202,0.3104519,0.2724971,0.3275438,1.0,0.0,0.0,0.0,1
0.7647059,2.0,3.0,4.0,0.234,0.03275298,0.022871347,0.109972104,0.0667663,0.0,0.0,0.0,0.0,0
0.9411765,1.0,1.0,4.0,0.06,0.04761556,0.14652126,0.11365712,0.10196587,0.0,0.0,0.0,0.0,0
0.23529412,2.0,3.0,4.0,0.6666667,0.35455,0.65,0.44444,0.46637,0.0,0.0,0.5,0.0,1
0.0,1.0,3.0,4.0,0.8333333,0.10648,0.55,0.11111,0.21302,0.0,0.0,0.5,0.0,0
0.11764706,2.0,3.0,4.0,0.33333334,0.27323,0.6,0.33333,0.3784,0.0,0.0,0.5,0.0,1
0.23529412,1.0,3.0,3.0,0.64,0.1106953,0.04665728,0.035303537,0.060149055,0.0,0.0,0.0,0.0,0
0.1764706,2.0,3.0,4.0,0.16666667,0.81683,0.625,0.85185,0.78818,0.0,0.0,0.5,0.0,2
0.0,2.0,3.0,4.0,0.33333334,0.57232,0.675,0.44444,0.5363,0.0,0.0,0.5,0.0,2
0.1764706,2.0,3.0,3.0,0.128,0.052349314,0.018109236,0.0,0.019657854,0.0,0.0,0.0,0.0,0
0.0,1.0,3.0,3.0,0.368,0.13466844,0.047864284,0.0,0.05087055,0.0,0.0,0.0,0.0,0
0.0,1.0,3.0,3.0,0.368,0.112329744,0.011093748,0.04196503,0.055396702,0.0,0.0,0.0,0.0,0
0.1764706,1.0,3.0,3.0,0.192,0.05571364,0.1308628,0.05398542,0.07258251,0.0,0.0,0.0,0.0,0
0.0,2.0,3.0,4.0,0.33333334,0.12715,0.55,0.22222,0.27138,0.0,0.0,0.5,0.0,0
0.1764706,1.0,1.0,3.0,0.222,0.13111743,0.05826011,0.049396764,0.075517744,0.0,0.0,0.0,0.0,0
0.0,1.0,3.0,4.0,0.33333334,0.26643,0.5,0.25926,0.31801,0.0,0.0,0.5,0.0,1
0.11764706,1.0,3.0,4.0,0.096,0.08733279,0.17573982,0.010665898,0.072055906,0.0,0.0,0.0,0.0,0
0.11764706,2.0,3.0,4.0,0.33333334,0.92195,0.75,0.81481,0.83107,0.0,0.0,0.5,0.0,2
0.0,1.0,3.0,4.0,0.33333334,0.26513,0.55,0.14815,0.27711,0.0,0.0,0.5,0.0,1
0.0,1.0,3.0,4.0,1.0,0.14588,0.6,0.07407,0.21894,0.0,0.0,0.5,0.0,0
1.0,1.0,1.0,3.0,0.504,0.0605164,0.076819405,0.10936497,0.08733996,0.0,0.0,0.0,0.0,0
0.11764706,1.0,3.0,4.0,0.8333333,0.36087,0.625,0.2963,0.39263,0.0,0.0,0.5,0.0,1
0.23529412,2.0,3.0,4.0,0.6666667,0.31826,0.575,0.44444,0.43805,0.0,0.0,0.5,0.0,1
0.1764706,2.0,1.0,4.0,0.482,0.18906458,0.14985725,0.18470328,0.17778695,0.0,0.0,0.0,0.0,0
0.5294118,1.0,1.0,4.0,0.844,0.03819221,5.2000843e-05,0.007141807,0.014606089,0.0,0.0,0.0,0.0,0
0.29411766,1.0,3.0,4.0,0.472,0.053423103,0.0,0.0,0.015712677,0.0,0.0,0.0,0.0,0
0.29411766,1.0,3.0,4.0,0.33333334,0.2584,0.55,0.40741,0.39713,0.0,0.0,0.5,0.0,1
0.11764706,2.0,1.0,4.0,0.27,0.129144,0.07198061,0.12147254,0.11208369,0.0,0.0,0.0,0.0,0
0.1764706,1.0,3.0,3.0,0.368,0.09615616,0.050265186,0.0067545366,0.04328693,0.0,0.0,0.0,0.0,0
0.29411766,2.0,1.0,5.0,0.09,0.04440281,0.033999976,0.10619743,0.07103491,0.0,0.0,0.0,0.0,0
0.1764706,2.0,3.0,4.0,0.858,0.18311603,0.19226421,0.1737209,0.1808473,1.0,0.0,0.0,0.0,1
0.05882353,2.0,3.0,3.0,0.4,0.05546425,0.06672819,0.108064115,0.082867466,0.0,0.0,0.0,0.0,0
0.11764706,2.0,3.0,4.0,0.8333333,0.69739,0.575,0.92593,0.77614,0.0,0.0,0.5,0.0,2
0.05882353,1.0,3.0,4.0,0.6666667,0.05395,0.425,0.07407,0.15073,0.0,0.0,0.5,0.0,0
0.29411766,2.0,3.0,4.0,0.6666667,0.31921,0.575,0.2963,0.36861,0.0,0.0,0.5,0.0,1
0.88235295,1.0,3.0,4.0,0.576,0.12421672,0.097414225,0.20252466,0.15476105,0.0,0.0,0.0,0.0,0
0.0,2.0,3.0,3.0,0.368,0.0,0.0,0.03574636,0.016821815,0.0,0.0,0.0,0.0,0
0.11764706,2.0,3.0,4.0,0.8333333,0.31238,0.55,0.33333,0.37815,0.0,0.0,0.5,0.0,1
0.11764706,1.0,3.0,4.0,0.6666667,0.31089,0.6,0.22222,0.33719,0.0,0.0,0.5,0.0,1
0.05882353,2.0,3.0,3.0,0.032,0.04484182,0.00066079444,0.031459536,0.028148739,0.0,0.0,0.0,0.0,0
0.1764706,1.0,3.0,4.0,0.5,0.29242,0.6,0.40741,0.4189,0.0,0.0,0.5,0.0,1
0.5294118,2.0,1.0,4.0,0.52,0.0,0.018221071,0.0,0.004287311,0.0,0.0,0.0,0.0,0
0.3529412,1.0,1.0,3.0,0.722,0.0938645,0.062924184,0.10848253,0.093463495,0.0,0.0,0.0,0.0,0
0.05882353,1.0,3.0,3.0,0.854,0.048106242,0.12578519,0.07880311,0.080829225,0.0,0.0,0.0,0.0,0
0.64705884,2.0,3.0,5.0,0.368,0.0018694464,0.0,0.08436376,0.040250428,0.0,0.0,0.0,0.0,0
0.0,2.0,3.0,4.0,0.8333333,0.11702,0.45,0.7037,0.47145,0.0,0.0,0.5,0.0,0
0.9411765,2.0,1.0,5.0,0.932,0.07910285,0.0064987186,0.07101019,0.058211215,0.0,0.0,0.0,0.0,0
0.3529412,1.0,3.0,5.0,0.84,0.0164184,0.0,0.0,0.0048289406,0.0,0.0,0.0,0.0,0
0.05882353,1.0,3.0,3.0,0.764,0.05361205,0.008804558,0.06544609,0.048638076,0.0,0.0,0.0,0.0,0
0.0,2.0,3.0,4.0,0.6666667,0.44815,0.55,0.33333,0.41808,0.0,0.0,0.5,0.0,2
1.0,2.0,2.0,5.0,0.606,0.12417965,0.09872575,0.11455709,0.11366223,0.0,0.0,0.0,0.0,0
0.4117647,1.0,3.0,3.0,1.0,0.10668753,0.0,0.05679501,0.05810575,0.0,0.0,0.0,0.0,0
0.1764706,1.0,3.0,3.0,1.0,0.09123046,0.0,0.06952115,0.059548326,0.0,0.0,0.0,0.0,0
0.1764706,2.0,1.0,4.0,0.174,0.056800358,0.0,0.06388423,0.046769153,0.0,0.0,0.0,0.0,0
0.3529412,2.0,1.0,2.0,0.12,0.09781672,0.048700925,0.03677966,0.05753674,0.0,0.0,0.0,0.0,0
0.11764706,1.0,3.0,4.0,1.0,0.48591,0.65,0.22222,0.40043,0.0,0.0,0.5,0.0,2
0.47058824,1.0,1.0,3.0,0.368,0.059800293,0.13076966,0.12815519,0.10866598,0.0,0.0,0.0,0.0,0
0.0,1.0,3.0,4.0,0.5,0.13989,0.375,0.07407,0.16424,0.0,0.0,0.5,0.0,0
0.23529412,2.0,3.0,4.0,0.16666667,0.16305,0.625,0.0,0.19502,0.0,0.0,0.5,0.0,0
0.23529412,1.0,3.0,4.0,0.8333333,0.33242,0.525,0.25926,0.3433,0.0,0.0,0.5,0.0,1
0.29411766,2.0,1.0,3.0,0.162,0.062906474,0.1012137,0.1377673,0.107148565,0.0,0.0,0.0,0.0,0
0.8235294,2.0,1.0,2.0,0.368,0.07011972,0.14750682,0.06444807,0.085659444,0.0,0.0,0.0,0.0,0
0.0,1.0,3.0,3.0,0.368,0.11759098,0.083146065,0.12804437,0.114405535,0.0,0.0,0.0,0.0,0
0.4117647,1.0,3.0,4.0,0.33333334,0.81679,0.625,0.81481,0.77073,0.0,0.0,0.5,0.0,2
0.0,1.0,3.0,4.0,0.8333333,0.20626,0.55,0.14815,0.25979,0.0,0.0,0.5,0.0,0
0.0,2.0,3.0,3.0,0.174,0.14065365,0.122561485,0.074955076,0.105479695,0.0,0.0,0.0,0.0,0
0.29411766,1.0,3.0,1.0,0.368,0.08209158,0.03935838,0.0,0.03340538,0.0,0.0,0.0,0.0,0
0.05882353,2.0,3.0,3.0,0.118,0.0746257,0.10621815,0.0,0.04694124,0.0,0.0,0.0,0.0,0
0.11764706,1.0,3.0,4.0,0.8333333,0.17052,0.55,0.2963,0.319,0.0,0.0,0.5,0.0,0
0.0,2.0,3.0,4.0,0.33333334,0.79127,0.7,0.77778,0.76345,0.0,0.0,0.5,0.0,2
0.11764706,1.0,3.0,3.0,0.31,0.097067304,0.09853888,0.09001681,0.09409568,0.0,0.0,0.0,0.0,0
0.11764706,2.0,3.0,4.0,0.368,0.01370139,0.0,0.120548874,0.060758702,0.0,0.0,0.0,0.0,0
0.05882353,2.0,3.0,4.0,0.33333334,0.08851,0.55,0.22222,0.26002,0.0,0.0,0.5,0.0,0
0.0,2.0,3.0,4.0,0.6666667,0.40796,0.55,0.40741,0.44112,0.0,0.0,0.5,0.0,1
0.0,2.0,3.0,4.0,0.8333333,0.20856,0.7,0.51852,0.47006,0.0,0.0,0.5,0.0,0
0.4117647,1.0,3.0,4.0,0.6666667,0.22433,0.575,0.14815,0.27099,0.0,0.0,0.5,0.0,0
0.05882353,1.0,3.0,4.0,0.5,0.32075,0.525,0.7037,0.54902,0.0,0.0,0.5,0.0,1
0.5882353,1.0,3.0,3.0,0.368,0.20037034,0.113630146,0.057655066,0.112800755,0.0,0.0,0.0,0.0,0
0.23529412,2.0,3.0,2.0,0.368,0.0,0.10848318,0.026087957,0.03780214,0.0,0.0,0.0,0.0,0
0.0,1.0,3.0,4.0,0.5,0.16775,0.575,0.11111,0.23692,0.0,0.0,0.5,0.0,0
0.23529412,1.0,3.0,4.0,0.8333333,0.22154,0.625,0.14815,0.28193,0.0,0.0,0.5,0.0,1
0.11764706,2.0,3.0,4.0,0.04,0.032143395,0.08754847,0.0044047674,0.03212641,0.0,0.0,0.0,0.0,0
0.11764706,2.0,3.0,3.0,0.368,0.040635336,0.08251312,0.05266238,0.056148715,0.0,0.0,0.0,0.0,0
0.88235295,1.0,1.0,3.0,0.8,0.0,0.13781667,0.03483787,0.048821744,0.0,0.0,0.0,0.0,0
0.11764706,1.0,3.0,3.0,0.148,0.09314564,0.09237642,0.08568887,0.089455575,0.0,0.0,0.0,0.0,0
0.7058824,1.0,1.0,1.0,0.402,0.03513067,0.13015802,0.08665485,0.08173672,0.0,0.0,0.0,0.0,0
0.0,1.0,3.0,4.0,0.8333333,0.07345,0.475,0.14815,0.20308,0.0,0.0,0.5,0.0,0
0.0,2.0,3.0,4.0,0.33333334,0.01573,0.6,0.03704,0.16323,0.0,0.0,0.5,0.0,0
0.1764706,1.0,3.0,4.0,0.8333333,0.0,0.325,0.74074,0.42505,0.0,0.0,0.5,0.0,0
0.8235294,1.0,3.0,5.0,0.354,0.106962584,0.013387737,0.1279979,0.09484395,0.0,0.0,0.0,0.0,0
0.7647059,1.0,1.0,3.0,0.234,0.33846182,0.25485766,0.30312666,0.30216193,1.0,0.0,0.0,0.0,1
0.88235295,2.0,2.0,5.0,0.368,0.11003252,0.13616937,0.070134155,0.09740666,0.0,0.0,0.0,0.0,0
0.64705884,2.0,3.0,3.0,0.062,0.10670619,0.035565868,0.076684594,0.075839475,0.0,0.0,0.0,0.0,0
0.29411766,2.0,3.0,4.0,0.33333334,0.5323,0.75,0.66667,0.64675,0.0,0.0,0.5,0.0,2
0.7647059,2.0,1.0,2.0,0.164,0.107241176,0.11677275,0.0920472,0.10233379,0.0,0.0,0.0,0.0,0
0.29411766,2.0,1.0,2.0,0.64,0.020824522,0.052290536,0.053048324,0.04339243,0.0,0.0,0.0,0.0,0
0.29411766,2.0,3.0,4.0,0.8333333,0.52936,0.525,0.59259,0.55809,0.0,0.0,0.5,0.0,2
0.0,1.0,3.0,4.0,0.33333334,0.59019,0.625,0.77778,0.68666,0.0,0.0,0.5,0.0,2
0.7647059,1.0,3.0,4.0,0.912,0.105443396,0.01306433,0.018962335,0.043010175,0.0,0.0,0.0,0.0,0
0.0,1.0,3.0,4.0,0.6666667,0.25219,0.475,0.14815,0.25566,0.0,0.0,0.5,0.0,1
0.5882353,1.0,1.0,4.0,0.418,0.08907211,0.09820893,0.17470208,0.13151841,0.0,0.0,0.0,0.0,0
0.05882353,1.0,3.0,4.0,0.6666667,0.2023,0.525,0.14815,0.25275,0.0,0.0,0.5,0.0,1
1.0,1.0,3.0,4.0,0.33333334,0.41658,0.575,0.2963,0.39725,0.0,0.0,0.5,0.0,1
0.05882353,1.0,3.0,4.0,0.33333334,0.46321,0.7,0.33333,0.45781,0.0,0.0,0.5,0.0,2
0.4117647,2.0,1.0,4.0,0.406,0.04577086,0.0055265236,0.053483095,0.03993089,0.0,0.0,0.0,0.0,0
0.11764706,1.0,3.0,4.0,1.0,0.25729,0.6,0.37037,0.39114,0.0,0.0,0.5,0.0,1
0.0,1.0,3.0,3.0,0.13,0.04346202,0.15859608,0.04015334,0.068995364,0.0,0.0,0.0,0.0,0
0.05882353,1.0,3.0,4.0,0.8333333,0.2523,0.6,0.62963,0.51168,0.0,0.0,0.5,0.0,1
0.11764706,1.0,3.0,4.0,0.134,0.024768619,0.065384924,0.0,0.022669576,0.0,0.0,0.0,0.0,0
0.0,1.0,3.0,4.0,0.8333333,0.27395,0.675,0.14815,0.30911,0.0,0.0,0.5,0.0,1
0.11764706,1.0,3.0,4.0,0.33333334,0.60063,0.625,0.62963,0.62001,0.0,0.0,0.5,0.0,2
0.11764706,1.0,3.0,4.0,1.0,0.28804,0.625,0.22222,0.33635,0.0,0.0,0.5,0.0,1
1.0,2.0,1.0,4.0,0.368,0.20413285,0.13862664,0.14542763,0.16109364,0.0,0.0,0.0,0.0,0
0.11764706,2.0,3.0,4.0,0.33333334,0.51343,0.675,0.77778,0.67584,0.0,0.0,0.5,0.0,2
0.5294118,2.0,3.0,5.0,1.0,0.1525842,0.012542855,0.0,0.047828965,0.0,0.0,0.0,0.0,0
0.5882353,2.0,3.0,4.0,0.75,0.059649207,0.050929964,0.07606914,0.06532465,0.0,0.0,0.0,0.0,0
0.0,2.0,3.0,3.0,1.0,0.03989301,0.026488954,0.12361983,0.07613997,0.0,0.0,0.0,0.0,0
0.3529412,1.0,3.0,4.0,0.332,0.023667097,0.036661323,0.04043986,0.03461763,0.0,0.0,0.0,0.0,0
0.8235294,1.0,1.0,3.0,0.202,0.055303838,0.0,0.050656687,0.040104277,0.0,0.0,0.0,0.0,0
0.5882353,2.0,1.0,5.0,0.972,0.05040322,0.0,0.12551902,0.07389225,0.0,0.0,0.0,0.0,0
0.05882353,2.0,3.0,3.0,0.182,0.0,0.056175265,0.0,0.013217709,0.0,0.0,0.0,0.0,0
0.5882353,1.0,3.0,5.0,0.0,0.059199315,0.03313465,0.013021293,0.03133562,0.0,0.0,0.0,0.0,0
0.23529412,2.0,3.0,5.0,1.0,0.014006953,0.095610015,0.1265497,0.08616897,0.0,0.0,0.0,0.0,0
0.23529412,2.0,3.0,4.0,1.0,0.21066,0.575,0.07407,0.23211,0.0,0.0,0.5,0.0,1
0.0,2.0,3.0,3.0,0.332,0.16609399,0.0,0.080391385,0.08668242,0.0,0.0,0.0,0.0,0
0.29411766,2.0,3.0,4.0,0.5,0.05917,0.4,0.18519,0.19867,0.0,0.0,0.5,0.0,0
0.23529412,2.0,3.0,4.0,1.0,0.76036,0.55,0.77778,0.71906,0.0,0.0,0.5,0.0,2
0.0,1.0,3.0,4.0,0.5,0.36888,0.5,0.18519,0.31329,0.0,0.0,0.5,0.0,1
0.11764706,2.0,3.0,4.0,0.33333334,0.29851,0.6,0.48148,0.45555,0.0,0.0,0.5,0.0,1
0.11764706,1.0,3.0,4.0,0.6666667,0.34225,0.675,0.48148,0.48607,0.0,0.0,0.5,0.0,1
0.0,1.0,3.0,4.0,0.5,0.01307,0.475,0.03704,0.13304,0.0,0.0,0.5,0.0,0
0.05882353,2.0,3.0,4.0,0.8333333,0.2892,0.6,0.48148,0.45282,0.0,0.0,0.5,0.0,1
0.1764706,2.0,1.0,4.0,0.212,0.06984995,0.11849674,0.019566024,0.05763323,0.0,0.0,0.0,0.0,0
0.05882353,2.0,3.0,4.0,0.6666667,0.26152,0.6,0.25926,0.3401,0.0,0.0,0.5,0.0,1
0.8235294,2.0,1.0,3.0,0.368,0.20715724,0.23255506,0.23988052,0.22853239,1.0,0.0,0.0,0.0,1
0.64705884,1.0,1.0,1.0,0.368,0.13397281,0.13014667,0.025873445,0.08220225,0.0,0.0,0.0,0.0,0
0.0,1.0,3.0,3.0,0.816,0.063415736,0.053247653,0.043020867,0.051425662,0.0,0.0,0.0,0.0,0
0.3529412,1.0,3.0,4.0,0.5,0.52207,0.525,0.14815,0.3468,0.0,0.0,0.5,0.0,2
0.05882353,1.0,3.0,3.0,0.368,0.06328607,0.11325456,0.10458934,0.0944802,0.0,0.0,0.0,0.0,0
0.05882353,2.0,3.0,3.0,0.228,0.09454645,0.0,0.00859471,0.03185235,0.0,0.0,0.0,0.0,0
0.5294118,2.0,1.0,3.0,1.0,0.0503612,0.07818504,0.063417524,0.06305214,0.0,0.0,0.0,0.0,0
0.5882353,2.0,3.0,3.0,0.156,0.0,0.027125772,0.0,0.0063825347,0.0,0.0,0.0,0.0,0
0.0,1.0,3.0,4.0,0.8333333,0.07978,0.65,0.18519,0.26355,0.0,0.0,0.5,0.0,0
0.8235294,2.0,2.0,5.0,0.214,0.0,0.0004934254,0.104840316,0.049452722,0.0,0.0,0.0,0.0,0
0.3529412,1.0,3.0,5.0,0.354,0.099159956,0.07939731,0.14342573,0.11534087,0.0,0.0,0.0,0.0,0
0.0,2.0,3.0,4.0,0.6666667,0.22739,0.55,0.37037,0.37058,0.0,0.0,0.5,0.0,1
0.1764706,2.0,3.0,4.0,0.5,0.41869,0.55,0.11111,0.30484,0.0,0.0,0.5,0.0,1
0.7647059,2.0,1.0,4.0,0.304,0.0,0.09599369,0.02128354,0.032602534,0.0,0.0,0.0,0.0,0
0.0,2.0,3.0,3.0,0.266,0.13212913,0.17480028,0.14338233,0.14746502,0.0,0.0,0.0,0.0,0
0.4117647,2.0,3.0,3.0,0.0,0.08295918,0.024523601,0.063588984,0.060094245,0.0,0.0,0.0,0.0,0
0.88235295,1.0,1.0,3.0,0.202,0.26819763,0.08883331,0.20817141,0.19774663,0.0,0.0,0.0,0.0,0
0.4117647,2.0,1.0,4.0,0.454,0.120102346,0.06017844,0.036482755,0.06665221,0.0,0.0,0.0,0.0,0
0.88235295,1.0,3.0,4.0,0.5,0.48509,0.625,0.44444,0.49888,0.0,0.0,0.5,0.0,2
0.23529412,1.0,3.0,4.0,0.368,0.0056640967,0.0,0.063433856,0.031517137,0.0,0.0,0.0,0.0,0
0.64705884,2.0,1.0,4.0,0.734,0.016116576,0.05061012,0.09767228,0.06261186,0.0,0.0,0.0,0.0,0
0.0,1.0,3.0,4.0,0.6666667,0.66448,0.7,0.74074,0.70873,0.0,0.0,0.5,0.0,2
0.8235294,1.0,3.0,4.0,0.532,0.04502565,0.19910266,0.06878064,0.09245788,0.0,0.0,0.0,0.0,0
0.11764706,1.0,3.0,4.0,0.8333333,0.23052,0.45,0.07407,0.20854,0.0,0.0,0.5,0.0,0
0.8235294,2.0,3.0,3.0,0.174,0.0,0.019501925,0.047928136,0.027143104,0.0,0.0,0.0,0.0,0
0.64705884,2.0,3.0,5.0,0.33,0.84396344,0.6903926,0.7672109,0.7717103,2.0,0.0,0.0,0.0,2
0.11764706,2.0,3.0,4.0,0.8333333,0.81407,0.775,0.77778,0.7878,0.0,0.0,0.5,0.0,2
0.0,1.0,3.0,4.0,0.16666667,0.29816,0.575,0.22222,0.32756,0.0,0.0,0.5,0.0,1
0.5882353,1.0,1.0,4.0,1.0,0.0,0.0014519786,0.10091328,0.047830243,0.0,0.0,0.0,0.0,0
0.1764706,2.0,3.0,4.0,0.8333333,0.12334,0.675,0.2963,0.33453,0.0,0.0,0.5,0.0,0
0.05882353,2.0,3.0,4.0,0.5,0.23886,0.65,0.2963,0.36263,0.0,0.0,0.5,0.0,1
0.7058824,1.0,1.0,3.0,0.182,0.107837014,0.113668,0.015018037,0.065529495,0.0,0.0,0.0,0.0,0
0.0,2.0,3.0,4.0,1.0,0.70764,0.675,0.77778,0.73297,0.0,0.0,0.5,0.0,2
0.4117647,1.0,3.0,2.0,0.442,0.087567806,0.042570688,0.024670126,0.04738134,0.0,0.0,0.0,0.0,0
0.1764706,2.0,3.0,4.0,0.216,0.0,0.013259003,0.100155905,0.050251957,0.0,0.0,0.0,0.0,0
0.23529412,2.0,3.0,3.0,0.094,0.10360665,0.26726228,0.10092621,0.14085248,0.0,0.0,0.0,0.0,0
0.11764706,1.0,3.0,4.0,0.5,0.1279,0.45,0.0,0.1435,0.0,0.0,0.5,0.0,0
0.0,1.0,3.0,4.0,0.33333334,0.06705,0.575,0.2963,0.29445,0.0,0.0,0.5,0.0,0
0.11764706,1.0,3.0,4.0,0.33333334,0.7041,0.95,0.7037,0.76177,0.0,0.0,0.5,0.0,2
0.9411765,1.0,3.0,4.0,1.0,0.05107,0.525,0.03704,0.15598,0.0,0.0,0.5,0.0,0
0.47058824,1.0,3.0,5.0,0.69,0.006587567,0.0,0.0,0.0019375196,0.0,0.0,0.0,0.0,0
0.0,2.0,3.0,4.0,0.5,0.14694,0.575,0.0,0.17851,0.0,0.0,0.5,0.0,0
0.3529412,2.0,3.0,4.0,1.0,0.48233,0.6,0.22222,0.38761,0.0,0.0,0.5,0.0,2
0.11764706,2.0,3.0,4.0,0.8333333,0.20248,0.625,0.14815,0.27633,0.0,0.0,0.5,0.0,0
0.47058824,2.0,1.0,4.0,0.368,0.03984455,0.016122062,0.0,0.0155124115,0.0,0.0,0.0,0.0,0
0.5294118,2.0,3.0,3.0,0.028,0.08613957,0.0,0.14387527,0.093041174,0.0,0.0,0.0,0.0,0
0.11764706,1.0,3.0,4.0,0.6666667,0.60871,0.625,0.7037,0.65724,0.0,0.0,0.5,0.0,2
0.0,1.0,3.0,4.0,1.0,0.11048,0.5,0.07407,0.185,0.0,0.0,0.5,0.0,0
0.0,2.0,3.0,4.0,0.8333333,0.18714,0.525,0.11111,0.23086,0.0,0.0,0.5,0.0,0
0.1764706,2.0,3.0,4.0,0.5,0.06224,0.625,0.07407,0.20022,0.0,0.0,0.5,0.0,0
0.11764706,2.0,3.0,4.0,0.5,0.51279,0.7,0.62963,0.61182,0.0,0.0,0.5,0.0,2
0.23529412,1.0,3.0,4.0,1.0,0.29004,0.525,0.33333,0.3657,0.0,0.0,0.5,0.0,1
0.05882353,1.0,3.0,4.0,0.8333333,0.06726,0.575,0.07407,0.18993,0.0,0.0,0.5,0.0,0
1.0,1.0,1.0,1.0,0.438,0.041979,0.039595567,0.0,0.02166337,0.0,0.0,0.0,0.0,0
0.0,2.0,3.0,3.0,0.368,0.111529164,0.17323382,0.053706173,0.098837085,0.0,0.0,0.0,0.0,0
0.7058824,1.0,3.0,3.0,0.396,0.049452983,0.101697415,0.054248516,0.064002514,0.0,0.0,0.0,0.0,0
0.47058824,1.0,1.0,2.0,0.126,0.0,0.0487732,0.097829506,0.05751346,0.0,0.0,0.0,0.0,0
0.05882353,1.0,3.0,4.0,1.0,0.52887,0.65,0.25926,0.4305,0.0,0.0,0.5,0.0,2
0.1764706,1.0,3.0,4.0,0.42,0.0,0.039354224,0.0,0.009259817,0.0,0.0,0.0,0.0,0
0.05882353,1.0,3.0,4.0,0.5,0.33186,0.5,0.25926,0.33726,0.0,0.0,0.5,0.0,1
0.7647059,2.0,3.0,4.0,0.186,0.2759289,0.2477757,0.23932163,0.25207767,1.0,0.0,0.0,0.0,1
0.11764706,1.0,3.0,4.0,0.16666667,0.66065,0.625,0.40741,0.53309,0.0,0.0,0.5,0.0,2
0.0,1.0,3.0,3.0,0.758,0.16013335,0.16703352,0.17103118,0.1668853,0.0,0.0,0.0,0.0,0
0.0,2.0,3.0,3.0,1.0,0.0,0.09750695,0.0057774764,0.025661623,0.0,0.0,0.0,0.0,0
0.23529412,2.0,3.0,4.0,0.53,0.029273424,0.0349549,0.07335438,0.05135422,0.0,0.0,0.0,0.0,0
0.11764706,1.0,3.0,4.0,0.0,0.055847537,0.07541615,0.0,0.03417072,0.0,0.0,0.0,0.0,0
0.11764706,1.0,3.0,4.0,0.8333333,0.19967,0.55,0.11111,0.24043,0.0,0.0,0.5,0.0,0
0.4117647,1.0,3.0,5.0,0.58,0.12142394,0.023331214,0.03271899,0.056599792,0.0,0.0,0.0,0.0,0
0.3529412,2.0,3.0,4.0,1.0,0.30177,0.6,0.11111,0.28222,0.0,0.0,0.5,0.0,1
0.8235294,1.0,1.0,4.0,0.528,0.18814091,0.15109293,0.1662042,0.16910058,0.0,0.0,0.0,0.0,0
0.11764706,1.0,3.0,4.0,0.5,0.08763,0.4,0.40741,0.31161,0.0,0.0,0.5,0.0,0
0.1764706,1.0,3.0,4.0,0.838,0.0,0.0,0.042167246,0.019843409,0.0,0.0,0.0,0.0,0
0.1764706,2.0,3.0,4.0,0.33333334,0.65119,0.6,0.66667,0.64643,0.0,0.0,0.5,0.0,2
0.5294118,1.0,3.0,5.0,1.0,0.06975886,0.09246797,0.027454328,0.055194166,0.0,0.0,0.0,0.0,0
0.0,1.0,3.0,3.0,0.29,0.0,0.0,0.009304144,0.004378421,0.0,0.0,0.0,0.0,0
0.1764706,1.0,3.0,3.0,0.368,0.06170453,0.027115539,0.08983144,0.06680214,0.0,0.0,0.0,0.0,0
0.29411766,2.0,3.0,4.0,1.0,0.85489,0.65,0.59259,0.68325,0.0,0.0,0.5,0.0,2
0.23529412,1.0,3.0,4.0,0.6666667,0.1658,0.55,0.14815,0.24789,0.0,0.0,0.5,0.0,0
0.11764706,2.0,3.0,4.0,1.0,0.0,0.625,0.2963,0.28649,0.0,0.0,0.5,0.0,0
0.3529412,1.0,3.0,4.0,0.368,0.08937805,0.09508861,0.23612128,0.15977734,0.0,0.0,0.0,0.0,0
0.3529412,1.0,3.0,5.0,1.0,0.06611843,0.0509559,0.09782401,0.07747105,0.0,0.0,0.0,0.0,0
0.4117647,1.0,3.0,4.0,0.6666667,0.25638,0.575,0.25926,0.3327,0.0,0.0,0.5,0.0,1
0.05882353,1.0,3.0,4.0,0.8333333,0.31458,0.625,0.33333,0.39645,0.0,0.0,0.5,0.0,1
0.1764706,1.0,3.0,4.0,0.5,0.02718,0.475,0.07407,0.15462,0.0,0.0,0.5,0.0,0
0.88235295,1.0,1.0,2.0,0.388,0.26792288,0.34784603,0.2536389,0.28000644,1.0,0.0,0.0,0.0,1
0.11764706,1.0,3.0,4.0,0.5,0.28481,0.5,0.33333,0.35828,0.0,0.0,0.5,0.0,1
0.05882353,1.0,3.0,4.0,0.5,0.25121,0.55,0.22222,0.30787,0.0,0.0,0.5,0.0,1
0.88235295,2.0,1.0,4.0,0.094,0.181764,0.039383724,0.12555018,0.1218092,0.0,0.0,0.0,0.0,0
0.23529412,2.0,1.0,4.0,0.766,0.08873771,0.030787354,0.04651895,0.05523468,0.0,0.0,0.0,0.0,0
0.23529412,2.0,3.0,4.0,1.0,0.5301,0.625,0.81481,0.68641,0.0,0.0,0.5,0.0,2
0.05882353,2.0,3.0,3.0,1.0,0.028395314,0.12575874,0.06153893,0.06690135,0.0,0.0,0.0,0.0,0
0.05882353,2.0,3.0,4.0,0.6666667,0.0081,0.45,0.14815,0.17798,0.0,0.0,0.5,0.0,0
0.4117647,1.0,3.0,4.0,0.284,0.057012662,0.0,0.0,0.016768431,0.0,0.0,0.0,0.0,0
0.1764706,2.0,3.0,4.0,0.6666667,0.61454,0.875,0.37037,0.56092,0.0,0.0,0.5,0.0,2
0.0,1.0,3.0,4.0,0.6666667,0.32172,0.55,0.33333,0.3809,0.0,0.0,0.5,0.0,1
0.11764706,2.0,3.0,4.0,0.5,0.08121,0.625,0.48148,0.39752,0.0,0.0,0.5,0.0,0
0.5882353,1.0,3.0,2.0,0.36,0.0,0.0,0.0,0.0,0.0,0.0,0.0,0.0,0
0.23529412,2.0,3.0,5.0,0.096,0.11326051,0.043710195,0.178566,0.12762772,0.0,0.0,0.0,0.0,0
0.0,1.0,3.0,4.0,0.5,0.02579,0.5,0.07407,0.16009,0.0,0.0,0.5,0.0,0
0.05882353,1.0,3.0,4.0,0.5,0.67113,0.525,0.74074,0.6695,0.0,0.0,0.5,0.0,2
0.05882353,1.0,3.0,4.0,1.0,0.40767,0.725,0.22222,0.39507,0.0,0.0,0.5,0.0,1
0.11764706,2.0,3.0,4.0,0.6666667,0.30824,0.625,0.33333,0.39458,0.0,0.0,0.5,0.0,1
0.23529412,1.0,3.0,4.0,0.8333333,0.48176,0.75,0.51852,0.56217,0.0,0.0,0.5,0.0,2
1.0,2.0,3.0,4.0,0.5,0.0,0.5,0.0,0.11765,0.0,0.0,0.5,0.0,0
0.23529412,1.0,3.0,4.0,0.5,0.09568,0.475,0.2963,0.27934,0.0,0.0,0.5,0.0,0
0.11764706,1.0,3.0,4.0,0.33333334,0.26045,0.65,0.25926,0.35155,0.0,0.0,0.5,0.0,1
0.05882353,2.0,3.0,4.0,0.6666667,0.68187,0.65,0.51852,0.5975,0.0,0.0,0.5,0.0,2
0.23529412,2.0,3.0,4.0,0.8333333,0.0,0.425,0.0,0.1,0.0,0.0,0.5,0.0,0
0.88235295,1.0,1.0,4.0,0.358,0.0,0.0010599322,0.0,0.00024939582,0.0,0.0,0.0,0.0,0
0.29411766,1.0,1.0,5.0,0.674,0.08575594,0.029907033,0.08004879,0.0699293,0.0,0.0,0.0,0.0,0
0.05882353,2.0,3.0,4.0,0.8333333,0.12708,0.45,0.07407,0.17812,0.0,0.0,0.5,0.0,1
0.7647059,2.0,1.0,4.0,0.368,0.07523138,0.0,0.0138745075,0.028656056,0.0,0.0,0.0,0.0,0
0.05882353,1.0,3.0,4.0,0.16666667,0.13059,0.55,0.22222,0.27239,0.0,0.0,0.5,0.0,0
0.0,1.0,3.0,3.0,0.368,0.09081585,0.061175063,0.08191254,0.07965175,0.0,0.0,0.0,0.0,0
0.3529412,2.0,1.0,4.0,0.782,0.13519348,0.03808068,0.12879746,0.109333515,0.0,0.0,0.0,0.0,0
0.9411765,2.0,3.0,3.0,0.368,0.066027224,0.011515234,0.11559855,0.07652856,0.0,0.0,0.0,0.0,0
0.5294118,1.0,3.0,5.0,0.368,0.1069098,0.2200672,0.14972685,0.15368427,0.0,0.0,0.0,0.0,0
0.9411765,1.0,3.0,4.0,0.8333333,0.19085,0.6,0.14815,0.26703,0.0,0.0,0.5,0.0,1
0.0,2.0,3.0,4.0,0.6666667,0.17937,0.4,0.0,0.14687,0.0,0.0,0.5,0.0,0
0.11764706,1.0,3.0,4.0,0.33333334,0.2624,0.275,0.55556,0.40332,0.0,0.0,0.5,0.0,1
0.1764706,1.0,3.0,4.0,0.8333333,0.0,0.425,0.14815,0.16972,0.0,0.0,0.5,0.0,0
0.05882353,1.0,3.0,4.0,0.6666667,0.21655,0.525,0.03704,0.20465,0.0,0.0,0.5,0.0,0
0.05882353,2.0,3.0,3.0,0.066,0.022374697,0.0,0.014939653,0.013611218,0.0,0.0,0.0,0.0,0
0.0,2.0,3.0,4.0,0.5,0.55618,0.725,0.25926,0.45617,0.0,0.0,0.5,0.0,2
0.05882353,1.0,3.0,4.0,1.0,0.17378,0.625,0.18519,0.28532,0.0,0.0,0.5,0.0,1
0.47058824,2.0,3.0,5.0,0.016,0.062138047,0.10822693,0.18148373,0.12914516,0.0,0.0,0.0,0.0,0
0.23529412,1.0,3.0,4.0,0.426,0.0,0.007113089,0.044590347,0.02265736,0.0,0.0,0.0,0.0,0
1.0,2.0,1.0,4.0,0.784,0.065450825,0.10059004,0.004208831,0.044899113,0.0,0.0,0.0,0.0,0
0.23529412,2.0,3.0,4.0,0.33333334,0.23551,0.625,0.33333,0.37319,0.0,0.0,0.5,0.0,1
0.64705884,1.0,3.0,2.0,0.28,0.06680092,0.11100378,0.09895328,0.09233212,0.0,0.0,0.0,0.0,0
0.9411765,2.0,1.0,3.0,0.388,0.08645386,0.056224886,0.0,0.03865699,0.0,0.0,0.0,0.0,0
0.0,2.0,3.0,4.0,0.33333334,0.48551,0.625,0.40741,0.48158,0.0,0.0,0.5,0.0,2
0.05882353,1.0,3.0,3.0,0.776,0.0718352,0.07720165,0.07724547,0.0756439,0.0,0.0,0.0,0.0,0
0.05882353,1.0,3.0,4.0,0.6666667,0.2718,0.525,0.14815,0.27319,0.0,0.0,0.5,0.0,1
0.7647059,1.0,3.0,4.0,0.368,0.09899106,0.05941761,0.0,0.04309563,0.0,0.0,0.0,0.0,0
0.1764706,2.0,3.0,4.0,0.33333334,0.29659,0.55,0.33333,0.37351,0.0,0.0,0.5,0.0,1
0.05882353,1.0,3.0,3.0,0.166,0.0,0.08181236,0.024207477,0.03064172,0.0,0.0,0.0,0.0,0
0.29411766,1.0,3.0,4.0,0.16666667,0.61759,0.625,0.48148,0.55528,0.0,0.0,0.5,0.0,2
0.05882353,1.0,3.0,4.0,0.6666667,0.14835,0.6,0.25926,0.30681,0.0,0.0,0.5,0.0,0
0.29411766,1.0,1.0,4.0,0.368,0.14860323,0.070152044,0.06499386,0.09079854,0.0,0.0,0.0,0.0,0
0.7647059,1.0,3.0,3.0,0.32,0.10241429,0.05105962,0.065751545,0.07307778,0.0,0.0,0.0,0.0,0
0.5882353,2.0,1.0,5.0,0.236,0.07035793,0.10306197,0.1849092,0.13195948,0.0,0.0,0.0,0.0,0
0.5882353,1.0,3.0,3.0,0.164,0.0,0.009709131,0.027813224,0.015373077,0.0,0.0,0.0,0.0,0
0.0,2.0,3.0,4.0,0.16666667,0.39827,0.675,0.14815,0.34568,0.0,0.0,0.5,0.0,1
0.05882353,2.0,3.0,4.0,0.16666667,0.58465,0.6,0.59259,0.592,0.0,0.0,0.5,0.0,2
0.3529412,1.0,1.0,4.0,0.58,0.11313568,0.057330832,0.043740314,0.06734849,0.0,0.0,0.0,0.0,0
0.23529412,2.0,3.0,4.0,0.24,0.13257565,0.029812714,0.036918156,0.063380845,0.0,0.0,0.0,0.0,0
0.7647059,1.0,1.0,4.0,0.69,0.07495683,0.085336916,0.16381906,0.11921672,0.0,0.0,0.0,0.0,0
0.1764706,2.0,3.0,3.0,0.368,0.38458002,0.35702148,0.38929546,0.38031468,1.0,0.0,0.0,0.0,1
0.11764706,2.0,3.0,4.0,0.6666667,0.3594,0.575,0.07407,0.27586,0.0,0.0,0.5,0.0,1
0.5294118,1.0,3.0,3.0,0.264,0.7857199,0.68561834,0.5932305,0.67158335,2.0,0.0,0.0,0.0,2
0.23529412,1.0,3.0,4.0,0.33333334,0.26656,0.6,0.22222,0.32415,0.0,0.0,0.5,0.0,1
0.0,1.0,3.0,4.0,0.33333334,0.20592,0.525,0.14815,0.25381,0.0,0.0,0.5,0.0,0
0.0,2.0,3.0,4.0,0.16666667,0.44189,0.65,0.37037,0.4572,0.0,0.0,0.5,0.0,2
0.23529412,2.0,3.0,5.0,0.04,0.006556388,0.0034944906,0.07760695,0.0392715,0.0,0.0,0.0,0.0,0
0.0,2.0,3.0,3.0,0.158,0.041065905,0.043604266,0.0058524027,0.025092106,0.0,0.0,0.0,0.0,0
0.5294118,2.0,3.0,1.0,0.23,0.101286925,0.03982209,0.056533154,0.06576402,0.0,0.0,0.0,0.0,0
0.05882353,2.0,3.0,4.0,0.5,0.25467,0.625,0.14815,0.29168,0.0,0.0,0.5,0.0,1
0.5294118,2.0,1.0,5.0,1.0,0.092877686,0.10032467,0.1252491,0.10986353,0.0,0.0,0.0,0.0,0
0.7058824,2.0,3.0,5.0,1.0,0.0806994,0.023950031,0.15394703,0.10181608,0.0,0.0,0.0,0.0,0
0.05882353,1.0,3.0,3.0,1.0,0.08022791,0.0,0.07774263,0.06018121,0.0,0.0,0.0,0.0,0
0.9411765,2.0,1.0,2.0,0.382,0.03513186,0.00587245,0.06941544,0.044380743,0.0,0.0,0.0,0.0,0
0.8235294,2.0,2.0,3.0,0.296,0.0,0.09296162,0.0,0.021873321,0.0,0.0,0.0,0.0,0
1.0,2.0,1.0,3.0,0.358,0.0,0.060283657,0.039442286,0.032745466,0.0,0.0,0.0,0.0,0
0.7058824,1.0,3.0,4.0,0.814,0.0069333194,0.1209514,0.046918765,0.052577782,0.0,0.0,0.0,0.0,0
0.47058824,2.0,1.0,4.0,0.486,0.012042489,0.0,0.0,0.0035419085,0.0,0.0,0.0,0.0,0
0.0,2.0,3.0,4.0,1.0,0.00128,0.525,0.03704,0.14134,0.0,0.0,0.5,0.0,0
0.1764706,2.0,1.0,3.0,0.368,0.08467897,0.069498986,0.08785779,0.08260312,0.0,0.0,0.0,0.0,0
0.1764706,2.0,3.0,4.0,0.6666667,0.66627,0.65,0.77778,0.71491,0.0,0.0,0.5,0.0,2
0.29411766,2.0,1.0,4.0,0.464,0.14670616,0.0,0.059846062,0.07131173,0.0,0.0,0.0,0.0,0
0.11764706,2.0,3.0,4.0,0.6666667,0.66007,0.6,0.48148,0.56189,0.0,0.0,0.5,0.0,2
0.4117647,1.0,1.0,3.0,0.132,0.015047545,0.09287136,0.037422184,0.04388827,0.0,0.0,0.0,0.0,0
0.05882353,1.0,3.0,4.0,0.5,0.35073,0.575,0.51852,0.48246,0.0,0.0,0.5,0.0,1
0.05882353,2.0,3.0,4.0,0.8333333,0.26236,0.65,0.51852,0.47411,0.0,0.0,0.5,0.0,1
0.0,1.0,3.0,4.0,0.16666667,0.32345,0.625,0.62963,0.53849,0.0,0.0,0.5,0.0,1
0.0,1.0,3.0,4.0,0.33333334,0.77664,0.725,0.74074,0.7476,0.0,0.0,0.5,0.0,2
0.4117647,1.0,1.0,4.0,0.474,0.064557634,0.02066589,0.0121780895,0.029580968,0.0,0.0,0.0,0.0,0
0.0,2.0,3.0,4.0,0.6666667,0.58291,0.75,0.25926,0.46992,0.0,0.0,0.5,0.0,2
0.11764706,2.0,3.0,4.0,0.5,0.28304,0.7,0.51852,0.49196,0.0,0.0,0.5,0.0,1
0.64705884,2.0,1.0,4.0,0.162,0.048544552,0.035707507,0.03024024,0.036910277,0.0,0.0,0.0,0.0,0
0.05882353,2.0,3.0,4.0,0.16666667,0.348,0.575,0.37037,0.41194,0.0,0.0,0.5,0.0,1
0.29411766,1.0,3.0,4.0,1.0,0.47541,0.525,0.33333,0.42022,0.0,0.0,0.5,0.0,2
0.0,1.0,3.0,3.0,0.368,0.13832663,0.07024982,0.15394852,0.12966003,0.0,0.0,0.0,0.0,0
1.0,2.0,3.0,2.0,0.592,0.038637407,0.1198154,0.06486428,0.07008017,0.0,0.0,0.0,0.0,0
0.0,2.0,3.0,3.0,0.184,0.12632167,0.13974811,0.06367244,0.09999884,0.0,0.0,0.0,0.0,0
0.3529412,1.0,3.0,5.0,0.368,0.088828325,0.057082847,0.0118163405,0.045117866,0.0,0.0,0.0,0.0,0
0.64705884,2.0,1.0,5.0,0.482,0.11061043,0.101453856,0.042677585,0.07648754,0.0,0.0,0.0,0.0,0
0.5294118,1.0,1.0,2.0,0.224,0.11081817,0.0,0.07799806,0.06929855,0.0,0.0,0.0,0.0,0
0.7058824,2.0,1.0,2.0,0.152,0.042461917,0.014168813,0.07266158,0.05001632,0.0,0.0,0.0,0.0,0
0.88235295,1.0,3.0,3.0,0.33,0.1941727,0.277837,0.095642895,0.16749145,0.0,0.0,0.0,0.0,0
0.29411766,1.0,3.0,5.0,0.368,0.0,0.11595824,0.09478536,0.07188917,0.0,0.0,0.0,0.0,0
0.11764706,1.0,3.0,4.0,0.5,0.31534,0.625,0.33333,0.39667,0.0,0.0,0.5,0.0,1
0.23529412,2.0,3.0,4.0,0.8333333,0.4277,0.575,0.44444,0.47024,0.0,0.0,0.5,0.0,2
0.05882353,1.0,3.0,3.0,0.066,0.058959927,0.03240904,0.016357861,0.032664627,0.0,0.0,0.0,0.0,0
0.5882353,2.0,1.0,4.0,0.438,0.0,0.0,0.0,0.0,0.0,0.0,0.0,0.0,0
0.9411765,1.0,1.0,5.0,1.0,0.0,0.028907746,0.0324939,0.022093069,0.0,0.0,0.0,0.0,0
0.0,1.0,3.0,4.0,0.5,0.51836,0.6,0.25926,0.41564,0.0,0.0,0.5,0.0,2
0.5294118,1.0,3.0,3.0,0.888,0.0,0.036301453,0.030055197,0.02268514,0.0,0.0,0.0,0.0,0
0.1764706,1.0,3.0,4.0,0.8333333,0.25363,0.55,0.44444,0.41316,0.0,0.0,0.5,0.0,1
0.11764706,2.0,3.0,4.0,0.6666667,0.70669,0.775,0.22222,0.49478,0.0,0.0,0.5,0.0,2
0.8235294,2.0,1.0,5.0,1.0,0.0,0.025114536,0.0,0.0059093027,0.0,0.0,0.0,0.0,0
0.0,2.0,3.0,4.0,0.6666667,0.13041,0.65,0.48148,0.41788,0.0,0.0,0.5,0.0,0
0.11764706,2.0,3.0,4.0,0.33333334,0.11961,0.625,0.11111,0.23453,0.0,0.0,0.5,0.0,0
0.1764706,2.0,3.0,4.0,0.16666667,0.64965,0.7,0.62963,0.65207,0.0,0.0,0.5,0.0,2
0.0,1.0,3.0,4.0,1.0,0.44398,0.625,0.48148,0.50422,0.0,0.0,0.5,0.0,2
0.11764706,2.0,3.0,4.0,0.5,0.20844,0.55,0.18519,0.27786,0.0,0.0,0.5,0.0,0
0.29411766,2.0,3.0,4.0,0.16666667,0.52289,0.625,0.62963,0.59715,0.0,0.0,0.5,0.0,2
0.05882353,1.0,3.0,3.0,0.238,0.27905756,0.23622882,0.24356207,0.25227645,1.0,0.0,0.0,0.0,1
0.05882353,2.0,3.0,3.0,0.058,0.02259482,0.14661291,0.09160469,0.08425078,0.0,0.0,0.0,0.0,0
0.5294118,1.0,1.0,1.0,0.368,0.027239371,0.0,0.04330836,0.028391983,0.0,0.0,0.0,0.0,0
0.29411766,2.0,3.0,5.0,0.368,0.0,0.048255585,0.040887143,0.030595263,0.0,0.0,0.0,0.0,0
0.1764706,2.0,3.0,4.0,0.8333333,0.25845,0.775,0.59259,0.53723,0.0,0.0,0.5,0.0,1
0.3529412,1.0,3.0,4.0,1.0,0.044024907,0.054465793,0.0,0.025763983,0.0,0.0,0.0,0.0,0
0.88235295,1.0,1.0,5.0,1.0,0.10103198,0.085476734,0.016737245,0.05770381,0.0,0.0,0.0,0.0,0
0.64705884,1.0,1.0,5.0,0.75,0.06500223,0.0,0.0,0.019118303,0.0,0.0,0.0,0.0,0
0.05882353,2.0,3.0,4.0,0.6666667,0.59031,0.75,0.74074,0.69867,0.0,0.0,0.5,0.0,2
0.47058824,1.0,3.0,5.0,0.368,0.000734007,0.056474116,0.0,0.013503912,0.0,0.0,0.0,0.0,0
0.64705884,1.0,1.0,5.0,0.53,0.39380932,0.28734344,0.26305455,0.30722687,1.0,0.0,0.0,0.0,1
0.29411766,1.0,3.0,5.0,0.112,0.0133079225,0.019591155,0.033909805,0.024481334,0.0,0.0,0.0,0.0,0
0.05882353,1.0,3.0,4.0,0.6666667,0.15016,0.55,0.11111,0.22586,0.0,0.0,0.5,0.0,0
0.0,1.0,3.0,4.0,0.33333334,0.05636,0.475,0.18519,0.21549,0.0,0.0,0.5,0.0,0
0.9411765,1.0,1.0,5.0,0.368,0.0,0.043598775,0.0,0.010258535,0.0,0.0,0.0,0.0,0
0.1764706,1.0,3.0,4.0,0.6666667,0.22391,0.625,0.03704,0.23034,0.0,0.0,0.5,0.0,1
0.4117647,1.0,3.0,4.0,0.6666667,0.58683,0.575,0.40741,0.49961,0.0,0.0,0.5,0.0,2
0.0,1.0,3.0,4.0,0.33333334,0.18643,0.425,0.03704,0.17226,0.0,0.0,0.5,0.0,0
0.88235295,2.0,1.0,1.0,0.098,0.0,0.0,0.084562495,0.039794113,0.0,0.0,0.0,0.0,0
0.47058824,2.0,1.0,4.0,0.368,0.04301257,0.08080723,0.020424763,0.041275874,0.0,0.0,0.0,0.0,0
0.05882353,1.0,3.0,4.0,0.6666667,0.34976,0.575,0.48148,0.46474,0.0,0.0,0.5,0.0,1
0.05882353,1.0,3.0,4.0,0.5,0.75739,0.65,0.74074,0.72429,0.0,0.0,0.5,0.0,2
0.47058824,1.0,1.0,3.0,0.434,0.018717635,0.10223488,0.071797386,0.06334746,0.0,0.0,0.0,0.0,0
0.7058824,1.0,3.0,3.0,0.198,0.06762266,0.06355436,0.04327357,0.055207018,0.0,0.0,0.0,0.0,0
0.05882353,2.0,3.0,3.0,0.16,0.0,0.049908776,0.0,0.011743242,0.0,0.0,0.0,0.0,0
0.23529412,1.0,3.0,4.0,0.16666667,0.49056,0.6,0.55556,0.5469,0.0,0.0,0.5,0.0,2
0.3529412,1.0,3.0,4.0,0.588,0.0,0.039651982,0.09569201,0.05436141,0.0,0.0,0.0,0.0,0
0.05882353,1.0,3.0,3.0,0.368,0.15362035,0.092505425,0.03834963,0.08499532,0.0,0.0,0.0,0.0,0
0.0,2.0,3.0,4.0,0.8333333,0.14798,0.6,0.22222,0.28927,0.0,0.0,0.5,0.0,0
0.29411766,2.0,3.0,4.0,0.8333333,0.59713,0.55,0.48148,0.53162,0.0,0.0,0.5,0.0,2
0.05882353,2.0,3.0,4.0,1.0,0.71506,0.825,0.85185,0.8053,0.0,0.0,0.5,0.0,2
0.1764706,1.0,3.0,4.0,0.5,0.49668,0.6,0.44444,0.49641,0.0,0.0,0.5,0.0,2
0.0,1.0,3.0,3.0,0.332,0.14781229,0.12533629,0.0913278,0.11594288,0.0,0.0,0.0,0.0,0
0.47058824,2.0,1.0,3.0,0.368,0.10216427,0.0,0.0,0.030048314,0.0,0.0,0.0,0.0,0
0.23529412,1.0,3.0,4.0,0.6666667,0.05751,0.55,0.07407,0.18119,0.0,0.0,0.5,0.0,0
0.5882353,2.0,3.0,4.0,0.368,0.027045013,0.03435679,0.083639845,0.055398297,0.0,0.0,0.0,0.0,0
0.5882353,1.0,1.0,3.0,0.008,0.03388519,0.17944169,0.031970337,0.06723267,0.0,0.0,0.0,0.0,0
0.11764706,2.0,3.0,4.0,0.33333334,0.69727,0.75,0.77778,0.74756,0.0,0.0,0.5,0.0,2
0.29411766,2.0,3.0,4.0,0.536,0.11145438,0.12944081,0.12164536,0.120482236,0.0,0.0,0.0,0.0,0
0.0,2.0,3.0,4.0,0.8333333,0.1445,0.575,0.03704,0.19522,0.0,0.0,0.5,0.0,1
0.11764706,2.0,3.0,4.0,0.6666667,0.29543,0.625,0.51852,0.47796,0.0,0.0,0.5,0.0,1
0.05882353,1.0,3.0,4.0,0.33333334,0.32456,0.625,0.40741,0.43424,0.0,0.0,0.5,0.0,1
0.88235295,1.0,1.0,3.0,0.436,0.09100517,0.05330276,0.030493734,0.053658046,0.0,0.0,0.0,0.0,0
0.05882353,1.0,3.0,3.0,0.27,0.08827681,0.09443348,0.0,0.048183408,0.0,0.0,0.0,0.0,0
0.4117647,1.0,3.0,3.0,0.552,0.06298127,0.18430401,0.11387976,0.11548003,0.0,0.0,0.0,0.0,0
0.0,1.0,3.0,4.0,0.8333333,0.45702,0.55,0.51852,0.50784,0.0,0.0,0.5,0.0,2
0.05882353,2.0,3.0,4.0,0.5,0.14186,0.525,0.18519,0.2524,0.0,0.0,0.5,0.0,1
0.3529412,1.0,3.0,4.0,0.8333333,0.3149,0.525,0.40741,0.40787,0.0,0.0,0.5,0.0,1
0.0,2.0,3.0,3.0,0.26,0.06967199,0.019964691,0.067001514,0.05671946,0.0,0.0,0.0,0.0,0
0.0,2.0,3.0,4.0,0.16666667,0.30508,0.625,0.33333,0.39365,0.0,0.0,0.5,0.0,1
0.0,1.0,3.0,4.0,0.6666667,0.43485,0.65,0.62963,0.57713,0.0,0.0,0.5,0.0,1
0.0,1.0,3.0,4.0,0.5,0.10871,0.625,0.0,0.17903,0.0,0.0,0.5,0.0,0
0.4117647,2.0,3.0,2.0,0.052,0.6247045,0.5686065,0.5253429,0.56474656,2.0,0.0,0.0,0.0,2
0.23529412,1.0,3.0,4.0,0.368,0.059637353,0.08051602,0.0,0.036485344,0.0,0.0,0.0,0.0,0
0.0,2.0,3.0,3.0,0.016,0.0,0.00020664414,0.06018911,0.028372908,0.0,0.0,0.0,0.0,0
0.23529412,1.0,3.0,4.0,1.0,0.27846,0.5,0.44444,0.4087,0.0,0.0,0.5,0.0,1
0.29411766,1.0,3.0,4.0,0.638,0.06151278,0.096312515,0.1569997,0.11463598,0.0,0.0,0.0,0.0,0
0.23529412,1.0,3.0,4.0,1.0,0.16123,0.575,0.03704,0.20014,0.0,0.0,0.5,0.0,1
0.0,1.0,3.0,4.0,0.33333334,0.23106,0.55,0.33333,0.35423,0.0,0.0,0.5,0.0,1
0.9411765,1.0,1.0,4.0,0.378,0.13750958,0.022507843,0.09022259,0.08819765,0.0,0.0,0.0,0.0,0
0.3529412,2.0,3.0,5.0,0.596,0.12195702,0.09957122,0.16021347,0.1346928,0.0,0.0,0.0,0.0,0
0.05882353,2.0,3.0,4.0,0.16666667,0.72745,0.625,0.74074,0.7096,0.0,0.0,0.5,0.0,2
0.5882353,2.0,1.0,2.0,0.146,0.02556109,0.053965785,0.007258339,0.023631489,0.0,0.0,0.0,0.0,0
0.5294118,2.0,3.0,4.0,0.184,0.07592605,0.12714717,0.0,0.052248172,0.0,0.0,0.0,0.0,0
0.0,1.0,3.0,3.0,0.904,0.07969897,0.02456155,0.09017114,0.071653545,0.0,0.0,0.0,0.0,0
0.5882353,1.0,1.0,2.0,0.282,0.10394358,0.047530785,0.0,0.041755356,0.0,0.0,0.0,0.0,0
1.0,1.0,1.0,4.0,0.784,0.06127497,0.0,0.1562765,0.091563925,0.0,0.0,0.0,0.0,0
0.3529412,1.0,3.0,4.0,0.33333334,0.34665,0.75,0.37037,0.45272,0.0,0.0,0.5,0.0,1
0.5294118,1.0,3.0,5.0,0.418,0.0,0.0,0.043398995,0.020423057,0.0,0.0,0.0,0.0,0
0.4117647,1.0,3.0,4.0,0.5,0.51795,0.525,0.88889,0.69417,0.0,0.0,0.5,0.0,2
0.23529412,1.0,3.0,4.0,0.16666667,0.0,0.45,0.11111,0.15817,0.0,0.0,0.5,0.0,0
0.47058824,2.0,1.0,3.0,0.324,0.103743404,0.0,0.0,0.030512765,0.0,0.0,0.0,0.0,0
0.1764706,1.0,3.0,4.0,0.5,0.35367,0.575,0.11111,0.2916,0.0,0.0,0.5,0.0,1
0.29411766,1.0,3.0,4.0,0.6666667,0.57544,0.7,0.14815,0.40367,0.0,0.0,0.5,0.0,2
0.1764706,2.0,3.0,4.0,0.5,0.25695,0.575,0.37037,0.38516,0.0,0.0,0.5,0.0,1
0.11764706,2.0,3.0,4.0,0.16666667,0.61877,0.675,0.48148,0.5674,0.0,0.0,0.5,0.0,2
0.29411766,2.0,3.0,4.0,0.5,0.4141,0.45,0.55556,0.48911,0.0,0.0,0.5,0.0,2
0.0,1.0,3.0,4.0,0.33333334,0.33353,0.475,0.11111,0.26215,0.0,0.0,0.5,0.0,1
0.11764706,1.0,3.0,3.0,0.098,0.08279372,0.016673302,0.09826945,0.074518666,0.0,0.0,0.0,0.0,0
0.0,1.0,3.0,3.0,0.368,0.28618172,0.21070617,0.2736303,0.2625162,1.0,0.0,0.0,0.0,1
0.7647059,1.0,1.0,1.0,0.146,0.1082132,0.09540717,0.018869774,0.06315605,0.0,0.0,0.0,0.0,0
0.29411766,2.0,3.0,4.0,0.6666667,0.56991,0.625,0.74074,0.66326,0.0,0.0,0.5,0.0,2
0.11764706,1.0,3.0,4.0,1.0,0.16144,0.625,0.18519,0.28169,0.0,0.0,0.5,0.0,0
0.1764706,1.0,3.0,4.0,0.5,0.22553,0.525,0.07407,0.22472,0.0,0.0,0.5,0.0,1
0.7058824,2.0,1.0,1.0,0.09,0.0,0.010970133,0.0,0.0025812078,0.0,0.0,0.0,0.0,0
0.0,1.0,3.0,3.0,0.404,0.11964494,0.0,0.05172887,0.059532687,0.0,0.0,0.0,0.0,0
0.05882353,2.0,3.0,4.0,0.33333334,0.37324,0.55,0.18519,0.32633,0.0,0.0,0.5,0.0,1
0.5294118,2.0,1.0,2.0,0.118,0.0084385285,0.0,0.080503315,0.04036583,0.0,0.0,0.0,0.0,0
0.8235294,2.0,1.0,4.0,1.0,0.07788556,0.07254316,0.139827,0.105777435,0.0,0.0,0.0,0.0,0
0.0,2.0,3.0,4.0,0.8333333,0.47573,0.6,0.25926,0.4031,0.0,0.0,0.5,0.0,2
0.29411766,2.0,1.0,3.0,0.994,0.0888644,0.10406927,0.013698475,0.05706982,0.0,0.0,0.0,0.0,0
0.0,1.0,3.0,3.0,0.048,0.0063782833,0.12197371,0.025323177,0.04249245,0.0,0.0,0.0,0.0,0
0.23529412,1.0,3.0,4.0,1.0,0.0,0.049792938,0.011928805,0.01732954,0.0,0.0,0.0,0.0,0
0.05882353,1.0,3.0,4.0,0.16666667,0.36456,0.625,0.2963,0.39372,0.0,0.0,0.5,0.0,1
0.4117647,2.0,3.0,5.0,0.272,0.1779991,0.13946822,0.046526987,0.10706378,0.0,0.0,0.0,0.0,0
0.5294118,2.0,3.0,2.0,0.036,0.023011452,0.07875812,0.0,0.025299396,0.0,0.0,0.0,0.0,0
0.0,2.0,3.0,4.0,0.33333334,0.53507,0.6,0.25926,0.42055,0.0,0.0,0.5,0.0,2
0.1764706,1.0,3.0,4.0,0.6666667,0.43497,0.7,0.66667,0.60636,0.0,0.0,0.5,0.0,2
0.29411766,1.0,3.0,4.0,1.0,0.12550318,0.023969652,0.012242505,0.0483138,0.0,0.0,0.0,0.0,0
0.7647059,1.0,1.0,3.0,0.368,0.020199448,0.035236742,0.0765331,0.05024759,0.0,0.0,0.0,0.0,0
0.0,1.0,3.0,3.0,0.468,0.0,0.026924893,0.0,0.0063352687,0.0,0.0,0.0,0.0,0
0.29411766,2.0,1.0,3.0,0.318,0.08260375,0.0,0.17571858,0.10698632,0.0,0.0,0.0,0.0,0
0.11764706,2.0,3.0,4.0,0.33333334,0.0,0.525,0.03704,0.14096,0.0,0.0,0.5,0.0,0
0.7647059,1.0,1.0,4.0,0.71,0.027389815,0.057333667,0.0,0.021546103,0.0,0.0,0.0,0.0,0
0.05882353,2.0,3.0,4.0,0.5,0.3598,0.475,0.22222,0.32216,0.0,0.0,0.5,0.0,1
0.1764706,1.0,3.0,4.0,0.8333333,0.71629,0.675,0.62963,0.66579,0.0,0.0,0.5,0.0,2
0.23529412,2.0,3.0,3.0,0.156,0.1624843,0.2336165,0.24910226,0.21998268,1.0,0.0,0.0,0.0,1
0.23529412,1.0,3.0,4.0,0.438,0.14358968,0.092604175,0.19965424,0.1579764,0.0,0.0,0.0,0.0,0
0.47058824,1.0,3.0,3.0,0.132,0.0,0.0,0.07474134,0.035172395,0.0,0.0,0.0,0.0,0
0.05882353,2.0,3.0,4.0,0.8333333,0.04751,0.5,0.22222,0.23619,0.0,0.0,0.5,0.0,0
0.0,1.0,3.0,4.0,0.16666667,0.29645,0.625,0.07407,0.26911,0.0,0.0,0.5,0.0,1
0.5294118,1.0,3.0,4.0,0.6666667,0.09699,0.425,0.0,0.12853,0.0,0.0,0.5,0.0,0
0.29411766,1.0,3.0,4.0,0.5,0.104,0.525,0.22222,0.25869,0.0,0.0,0.5,0.0,0
0.23529412,1.0,3.0,4.0,0.8333333,0.30906,0.575,0.2963,0.36563,0.0,0.0,0.5,0.0,1
1.0,1.0,3.0,3.0,0.368,0.13643306,0.109156415,0.07764851,0.10235171,0.0,0.0,0.0,0.0,0
0.05882353,2.0,3.0,4.0,0.5,0.27105,0.7,0.2963,0.38386,0.0,0.0,0.5,0.0,1
0.05882353,2.0,3.0,4.0,0.33333334,0.41846,0.75,0.66667,0.61327,0.0,0.0,0.5,0.0,2
0.0,2.0,3.0,4.0,0.6666667,0.89532,0.75,0.81481,0.82324,0.0,0.0,0.5,0.0,2
0.05882353,2.0,3.0,4.0,0.6666667,0.21223,0.675,0.33333,0.37811,0.0,0.0,0.5,0.0,1
0.0,2.0,3.0,3.0,0.406,0.08873358,0.14169246,0.15714759,0.13338932,0.0,0.0,0.0,0.0,0
0.1764706,2.0,3.0,4.0,0.6666667,0.29862,0.525,0.11111,0.26365,0.0,0.0,0.5,0.0,1
0.0,2.0,3.0,3.0,0.368,0.058387395,0.17121749,0.084255986,0.09710911,0.0,0.0,0.0,0.0,0
0.05882353,2.0,3.0,4.0,0.5,0.23472,0.625,0.14815,0.28581,0.0,0.0,0.5,0.0,1
0.8235294,2.0,2.0,3.0,0.346,0.122690886,0.17963569,0.041310787,0.09779315,0.0,0.0,0.0,0.0,0
0.11764706,1.0,3.0,4.0,0.6666667,0.30038,0.625,0.22222,0.33998,0.0,0.0,0.5,0.0,1
0.29411766,1.0,1.0,3.0,0.098,0.018214155,0.1809689,0.015702644,0.0553275,0.0,0.0,0.0,0.0,0
0.1764706,1.0,3.0,4.0,0.6666667,0.86059,0.7,1.0,0.88841,0.0,0.0,0.5,0.0,2
0.3529412,1.0,1.0,1.0,0.032,0.07841847,0.07659004,0.049173575,0.06422595,0.0,0.0,0.0,0.0,0
0.0,2.0,3.0,3.0,0.802,0.0,0.03845559,0.0,0.009048374,0.0,0.0,0.0,0.0,0
0.11764706,2.0,3.0,4.0,0.8333333,0.19018,0.525,0.22222,0.28404,0.0,0.0,0.5,0.0,1
0.9411765,2.0,3.0,4.0,0.694,0.11194252,0.022161584,0.08841637,0.07974646,0.0,0.0,0.0,0.0,0
0.3529412,2.0,3.0,4.0,0.5,0.39247,0.55,0.33333,0.40171,0.0,0.0,0.5,0.0,2
0.23529412,1.0,3.0,4.0,0.5,0.30156,0.35,0.0,0.17105,0.0,0.0,0.5,0.0,1
0.1764706,1.0,3.0,4.0,0.6666667,0.93087,0.675,0.92593,0.86834,0.0,0.0,0.5,0.0,2
0.0,1.0,3.0,4.0,0.5,0.34538,0.65,0.48148,0.4811,0.0,0.0,0.5,0.0,1
0.88235295,1.0,1.0,4.0,1.0,0.056159113,0.029478524,0.029036993,0.037117977,0.0,0.0,0.0,0.0,0
0.47058824,2.0,1.0,3.0,0.71,0.065297626,0.052346274,0.0,0.031521954,0.0,0.0,0.0,0.0,0
0.1764706,1.0,3.0,4.0,0.5,0.17037,0.5,0.22222,0.27233,0.0,0.0,0.5,0.0,0
0.11764706,1.0,3.0,4.0,0.16666667,0.25219,0.525,0.2963,0.33714,0.0,0.0,0.5,0.0,1
0.0,1.0,3.0,4.0,0.33333334,0.35384,0.625,0.37037,0.42542,0.0,0.0,0.5,0.0,1
0.23529412,2.0,3.0,4.0,0.8333333,0.1602,0.6,0.07407,0.22315,0.0,0.0,0.5,0.0,0
0.5294118,2.0,3.0,4.0,0.32,0.16691479,0.08384317,0.124688506,0.12749733,0.0,0.0,0.0,0.0,0
0.29411766,2.0,3.0,4.0,1.0,0.00625,0.55,0.0,0.13125,0.0,0.0,0.5,0.0,0
0.7647059,1.0,1.0,1.0,0.178,0.11882243,0.097657554,0.07686087,0.09409584,0.0,0.0,0.0,0.0,0
0.11764706,2.0,3.0,4.0,1.0,0.19782,0.575,0.25926,0.31548,0.0,0.0,0.5,0.0,1
0.5882353,1.0,1.0,4.0,0.238,0.011873846,0.004402654,0.055204622,0.030506872,0.0,0.0,0.0,0.0,0
0.11764706,2.0,3.0,4.0,1.0,0.022,0.4,0.0,0.10059,0.0,0.0,0.5,0.0,0
0.29411766,1.0,3.0,4.0,0.8333333,0.06331,0.55,0.03704,0.16546,0.0,0.0,0.5,0.0,0
0.11764706,2.0,3.0,4.0,1.0,0.10197,0.5,0.0,0.14764,0.0,0.0,0.5,0.0,0
0.0,2.0,3.0,4.0,0.6666667,0.03249,0.5,0.07407,0.16206,0.0,0.0,0.5,0.0,0
0.7058824,2.0,2.0,2.0,0.236,0.08840191,0.033680107,0.119546354,0.0901824,0.0,0.0,0.0,0.0,0
0.0,1.0,3.0,4.0,0.5,0.31014,0.575,0.66667,0.54024,0.0,0.0,0.5,0.0,1
0.23529412,1.0,3.0,4.0,0.8333333,0.21055,0.55,0.18519,0.27848,0.0,0.0,0.5,0.0,1
0.88235295,2.0,1.0,4.0,0.23,0.06139889,0.059210226,0.0052289665,0.034451004,0.0,0.0,0.0,0.0,0
0.05882353,1.0,3.0,4.0,0.16666667,0.22008,0.575,0.22222,0.3046,0.0,0.0,0.5,0.0,1
0.0,1.0,3.0,4.0,0.8333333,0.04563,0.375,0.07407,0.13651,0.0,0.0,0.5,0.0,0
0.11764706,1.0,3.0,4.0,0.33333334,0.3177,0.575,0.22222,0.33331,0.0,0.0,0.5,0.0,1
0.05882353,1.0,3.0,4.0,0.8333333,0.32791,0.525,0.33333,0.37684,0.0,0.0,0.5,0.0,1
0.1764706,1.0,3.0,4.0,1.0,0.03047,0.6,0.14815,0.21986,0.0,0.0,0.5,0.0,0
0.3529412,2.0,1.0,3.0,0.51,0.02844287,0.09277197,0.024838826,0.041883107,0.0,0.0,0.0,0.0,0
0.47058824,2.0,3.0,4.0,1.0,0.68942,0.65,0.40741,0.54743,0.0,0.0,0.5,0.0,2
0.8235294,1.0,3.0,4.0,0.956,0.078151904,0.0597209,0.050439354,0.060773995,0.0,0.0,0.0,0.0,0
0.3529412,1.0,1.0,2.0,0.242,0.0,0.0056150528,0.1164858,0.056138035,0.0,0.0,0.0,0.0,0
0.0,1.0,3.0,3.0,0.646,0.034510747,0.034421306,0.0014289547,0.0189218,0.0,0.0,0.0,0.0,0
0.5294118,1.0,3.0,3.0,0.368,0.0,0.0,0.08767147,0.041257165,0.0,0.0,0.0,0.0,0
0.11764706,2.0,3.0,4.0,1.0,0.0,0.06581174,0.054263696,0.04102097,0.0,0.0,0.0,0.0,0
0.29411766,2.0,3.0,4.0,1.0,0.13759,0.575,0.33333,0.33263,0.0,0.0,0.5,0.0,0
0.9411765,2.0,3.0,4.0,0.236,0.13696037,0.03858904,0.05342167,0.07450184,0.0,0.0,0.0,0.0,0
0.5882353,2.0,3.0,5.0,0.45,0.06749542,0.0,0.047533493,0.0422203,0.0,0.0,0.0,0.0,0
0.11764706,1.0,3.0,4.0,0.6666667,0.01172,0.325,0.40741,0.27164,0.0,0.0,0.5,0.0,0
0.05882353,1.0,3.0,4.0,0.8333333,0.13856,0.5,0.37037,0.33269,0.0,0.0,0.5,0.0,1
0.4117647,1.0,3.0,4.0,0.02,0.037026137,0.1411574,0.13112949,0.10581154,0.0,0.0,0.0,0.0,0
0.11764706,1.0,3.0,4.0,0.33333334,0.23769,0.5,0.2963,0.32699,0.0,0.0,0.5,0.0,1
0.0,1.0,3.0,4.0,0.8333333,0.01804,0.55,0.11111,0.187,0.0,0.0,0.5,0.0,0
0.23529412,2.0,3.0,4.0,0.6666667,0.20159,0.625,0.11111,0.25864,0.0,0.0,0.5,0.0,1
0.1764706,2.0,3.0,2.0,0.368,0.1809673,0.04373749,0.058047216,0.09083319,0.0,0.0,0.0,0.0,0
0.5294118,1.0,3.0,4.0,0.662,0.08865366,0.011015223,0.12246799,0.08629841,0.0,0.0,0.0,0.0,0
0.11764706,1.0,3.0,4.0,0.8333333,0.37088,0.55,0.33333,0.39536,0.0,0.0,0.5,0.0,2
0.11764706,2.0,3.0,4.0,0.33333334,0.25527,0.6,0.81481,0.5997,0.0,0.0,0.5,0.0,1
0.0,1.0,3.0,4.0,1.0,0.23258,0.675,0.11111,0.27952,0.0,0.0,0.5,0.0,1
0.0,2.0,3.0,3.0,0.136,0.12697633,0.07512737,0.0686503,0.08732903,0.0,0.0,0.0,0.0,0
0.8235294,1.0,1.0,5.0,0.844,0.04837693,0.01345179,0.041614775,0.03697706,0.0,0.0,0.0,0.0,0
0.0,1.0,3.0,3.0,0.212,0.033974115,0.04740853,0.121234335,0.07819879,0.0,0.0,0.0,0.0,0
0.05882353,1.0,3.0,4.0,1.0,0.18705,0.4,0.2963,0.28857,0.0,0.0,0.5,0.0,1
0.5294118,1.0,3.0,4.0,0.368,0.0025430517,0.00093921775,0.0,0.0009689488,0.0,0.0,0.0,0.0,0
0.0,1.0,3.0,3.0,0.3,0.06634839,0.035990935,0.09650575,0.07339716,0.0,0.0,0.0,0.0,0
0.11764706,1.0,3.0,4.0,0.6666667,0.00171,0.5,0.07407,0.15301,0.0,0.0,0.5,0.0,0
0.7647059,1.0,3.0,3.0,0.368,0.07803003,0.13467778,0.106986076,0.10498529,0.0,0.0,0.0,0.0,0
0.29411766,2.0,3.0,4.0,0.8333333,0.13984,0.5,0.14815,0.22849,0.0,0.0,0.5,0.0,1
0.23529412,2.0,3.0,4.0,0.33333334,0.25289,0.575,0.0,0.20967,0.0,0.0,0.5,0.0,1
0.0,1.0,3.0,3.0,0.37,0.03240553,0.12020332,0.14381137,0.10549011,0.0,0.0,0.0,0.0,0
0.47058824,2.0,3.0,4.0,0.96,0.06933063,0.1217981,0.047183573,0.07125377,0.0,0.0,0.0,0.0,0
0.4117647,1.0,3.0,4.0,1.0,0.20861,0.5,0.03704,0.19643,0.0,0.0,0.5,0.0,0
0.0,2.0,3.0,4.0,1.0,0.33896,0.55,0.18519,0.31625,0.0,0.0,0.5,0.0,1
0.5882353,2.0,3.0,4.0,0.368,0.0064266184,0.094049595,0.10793147,0.07481078,0.0,0.0,0.0,0.0,0
0.29411766,1.0,3.0,3.0,0.244,0.048818436,0.0,0.023293125,0.025319835,0.0,0.0,0.0,0.0,0
0.5294118,2.0,1.0,4.0,0.52,0.12668145,0.010989663,0.05200473,0.06431787,0.0,0.0,0.0,0.0,0
1.0,2.0,3.0,4.0,0.368,0.10902317,0.08843744,0.03980077,0.07160422,0.0,0.0,0.0,0.0,0
0.4117647,2.0,3.0,5.0,0.368,0.08117074,0.11858414,0.0024295382,0.05291921,0.0,0.0,0.0,0.0,0
0.11764706,1.0,3.0,4.0,0.5,0.28165,0.675,0.55556,0.5031,0.0,0.0,0.5,0.0,1
0.0,1.0,3.0,4.0,0.33333334,0.71912,0.625,0.88889,0.77686,0.0,0.0,0.5,0.0,2
0.0,1.0,3.0,4.0,0.8333333,0.64845,0.675,0.74074,0.69813,0.0,0.0,0.5,0.0,2
0.4117647,2.0,1.0,5.0,0.024,0.09057456,0.022490472,0.0,0.031931452,0.0,0.0,0.0,0.0,0
0.9411765,2.0,2.0,4.0,0.368,0.04526297,0.0,0.029173406,0.0270413,0.0,0.0,0.0,0.0,0
0.0,2.0,3.0,4.0,0.5,0.21039,0.6,0.14815,0.27277,0.0,0.0,0.5,0.0,1
0.05882353,2.0,3.0,3.0,0.694,0.09946887,0.08447253,0.0,0.049131438,0.0,0.0,0.0,0.0,0
0.3529412,1.0,3.0,4.0,0.732,0.666556,0.75726926,0.6269468,0.6692607,2.0,0.0,0.0,0.0,2
0.29411766,1.0,3.0,4.0,0.33333334,0.20093,0.55,0.25926,0.31051,0.0,0.0,0.5,0.0,0
0.05882353,1.0,3.0,4.0,0.6666667,0.18685,0.475,0.14815,0.23644,0.0,0.0,0.5,0.0,1
0.05882353,1.0,3.0,3.0,0.01,0.06176237,0.020974863,0.012342696,0.028908992,0.0,0.0,0.0,0.0,0
0.23529412,1.0,3.0,4.0,1.0,0.08394,0.525,0.0,0.14822,0.0,0.0,0.5,0.0,0
0.7647059,2.0,3.0,5.0,0.96,0.025127765,0.038624,0.0,0.016478518,0.0,0.0,0.0,0.0,0
0.0,2.0,3.0,4.0,0.5,0.67259,0.775,0.85185,0.78104,0.0,0.0,0.5,0.0,2
0.3529412,2.0,2.0,4.0,0.06,0.15584126,0.22218554,0.19239523,0.18865354,0.0,0.0,0.0,0.0,0
0.23529412,1.0,3.0,4.0,0.8333333,0.30732,0.525,0.22222,0.31849,0.0,0.0,0.5,0.0,1
0.1764706,1.0,3.0,4.0,0.5,0.15169,0.5,0.33333,0.31913,0.0,0.0,0.5,0.0,0
0.23529412,1.0,3.0,4.0,0.6666667,0.52705,0.55,0.62963,0.58072,0.0,0.0,0.5,0.0,2
0.8235294,2.0,3.0,3.0,0.07,0.1271137,0.0,0.07899592,0.07456093,0.0,0.0,0.0,0.0,0
0.1764706,1.0,3.0,4.0,0.322,0.0,0.0,0.013587963,0.006394335,0.0,0.0,0.0,0.0,0
0.29411766,1.0,1.0,4.0,0.51,0.07483005,0.08848784,0.031072896,0.057452045,0.0,0.0,0.0,0.0,0
0.0,1.0,3.0,4.0,0.16666667,0.07787,0.725,0.11111,0.24578,0.0,0.0,0.5,0.0,0
0.0,2.0,3.0,4.0,0.33333334,0.04128,0.575,0.40741,0.33916,0.0,0.0,0.5,0.0,0
0.0,1.0,3.0,4.0,0.16666667,0.43382,0.475,0.25926,0.36136,0.0,0.0,0.5,0.0,2
1.0,2.0,3.0,4.0,0.1,0.08232547,0.029190065,0.0,0.031081624,0.0,0.0,0.0,0.0,0
0.47058824,1.0,3.0,5.0,0.33,0.0,0.08030996,0.0,0.01889646,0.0,0.0,0.0,0.0,0
0.05882353,2.0,3.0,3.0,0.082,0.05297245,0.076630175,0.10123576,0.08125112,0.0,0.0,0.0,0.0,0
0.5882353,2.0,3.0,4.0,0.6666667,0.81206,0.625,0.59259,0.66477,0.0,0.0,0.5,0.0,2
0.8235294,1.0,1.0,3.0,0.204,0.06140458,0.0,0.017343586,0.026221858,0.0,0.0,0.0,0.0,0
0.0,1.0,3.0,4.0,0.8333333,0.08641,0.475,0.11111,0.18947,0.0,0.0,0.5,0.0,0
0.88235295,2.0,1.0,2.0,0.52,0.09743584,0.08749346,0.1287339,0.109824955,0.0,0.0,0.0,0.0,0
0.0,2.0,3.0,4.0,0.8333333,0.44489,0.575,0.44444,0.47529,0.0,0.0,0.5,0.0,1
0.5882353,2.0,3.0,5.0,0.996,0.07834216,0.14959456,0.07534001,0.09369466,0.0,0.0,0.0,0.0,0
0.29411766,1.0,3.0,4.0,0.8333333,0.34857,0.775,0.25926,0.40688,0.0,0.0,0.5,0.0,1
0.11764706,2.0,3.0,4.0,0.5,0.18016,0.55,0.22222,0.28697,0.0,0.0,0.5,0.0,1
0.47058824,2.0,1.0,4.0,0.02,0.09858677,0.03139388,0.09255772,0.07993948,0.0,0.0,0.0,0.0,0
0.0,1.0,3.0,3.0,0.0,0.035649713,0.14158626,0.04770784,0.06625037,0.0,0.0,0.0,0.0,0
0.05882353,2.0,3.0,4.0,0.6666667,0.61416,0.7,0.55556,0.60678,0.0,0.0,0.5,0.0,2
0.05882353,2.0,3.0,3.0,0.244,0.015128522,0.047577262,0.0,0.015644215,0.0,0.0,0.0,0.0,0
0.05882353,1.0,3.0,4.0,0.6666667,0.12357,0.625,0.55556,0.44484,0.0,0.0,0.5,0.0,0
0.0,2.0,3.0,4.0,0.33333334,0.38682,0.6,0.44444,0.4641,0.0,0.0,0.5,0.0,1
0.4117647,2.0,1.0,4.0,0.142,0.09811167,0.022419488,0.069171704,0.066682935,0.0,0.0,0.0,0.0,0
0.3529412,2.0,3.0,4.0,1.0,0.34716,0.7,0.14815,0.33653,0.0,0.0,0.5,0.0,1
0.3529412,1.0,3.0,4.0,0.6666667,0.37341,0.425,0.55556,0.47126,0.0,0.0,0.5,0.0,2
0.5294118,1.0,3.0,2.0,0.368,0.14088137,0.0702111,0.0,0.057955954,0.0,0.0,0.0,0.0,0
0.11764706,2.0,3.0,4.0,0.5,0.28255,0.55,0.33333,0.36938,0.0,0.0,0.5,0.0,1
0.64705884,2.0,1.0,1.0,0.274,0.101494536,0.14727183,0.10602177,0.114396125,0.0,0.0,0.0,0.0,0
0.29411766,2.0,3.0,5.0,0.784,0.17616001,0.08362689,0.14842114,0.14133392,0.0,0.0,0.0,0.0,0
0.05882353,1.0,3.0,4.0,0.6666667,0.20304,0.575,0.11111,0.2473,0.0,0.0,0.5,0.0,0
0.64705884,2.0,1.0,2.0,0.418,0.0,0.0,0.03744959,0.017623335,0.0,0.0,0.0,0.0,0
0.7058824,2.0,3.0,4.0,0.432,0.092106305,0.1115171,0.10204582,0.10135097,0.0,0.0,0.0,0.0,0
0.0,1.0,3.0,4.0,0.16666667,0.28372,0.55,0.88889,0.63116,0.0,0.0,0.5,0.0,1
0.29411766,2.0,3.0,5.0,0.352,0.054421242,0.056080814,0.094869554,0.07384623,0.0,0.0,0.0,0.0,0
0.9411765,2.0,3.0,3.0,0.33,0.0,0.07245235,0.072916105,0.051361073,0.0,0.0,0.0,0.0,0
0.1764706,2.0,3.0,4.0,0.6666667,0.01559,0.4,0.11111,0.15099,0.0,0.0,0.5,0.0,0
0.47058824,1.0,3.0,4.0,1.0,0.60846,0.725,0.66667,0.66327,0.0,0.0,0.5,0.0,2
0.7647059,1.0,1.0,5.0,0.406,0.08744488,0.00813963,0.06855084,0.059893508,0.0,0.0,0.0,0.0,0
0.64705884,1.0,1.0,3.0,0.52,0.13972542,0.0458886,0.14857842,0.12181229,0.0,0.0,0.0,0.0,0
0.5294118,2.0,3.0,3.0,0.202,0.0,0.0,0.029176254,0.013730003,0.0,0.0,0.0,0.0,0
0.64705884,1.0,1.0,2.0,0.162,0.009919058,0.014653833,0.02862078,0.019833932,0.0,0.0,0.0,0.0,0
0.05882353,2.0,3.0,4.0,0.6666667,0.3345,0.575,0.11111,0.28596,0.0,0.0,0.5,0.0,1
0.05882353,2.0,3.0,3.0,0.362,0.097797275,0.12498997,0.0620049,0.08735209,0.0,0.0,0.0,0.0,0
0.29411766,1.0,3.0,5.0,0.248,0.0,0.016220385,0.009931347,0.008490136,0.0,0.0,0.0,0.0,0
0.11764706,1.0,3.0,4.0,0.8333333,0.25313,0.375,0.18519,0.24983,0.0,0.0,0.5,0.0,1
0.47058824,2.0,1.0,4.0,0.658,0.09226718,0.10461269,0.08240057,0.0905289,0.0,0.0,0.0,0.0,0
0.0,2.0,3.0,4.0,0.8333333,0.21411,0.45,0.44444,0.37801,0.0,0.0,0.5,0.0,1
0.0,1.0,3.0,3.0,0.02,0.07689599,0.08360163,0.09769462,0.08826138,0.0,0.0,0.0,0.0,0
0.11764706,2.0,3.0,4.0,0.164,0.12927504,0.115574226,0.04885979,0.08820885,0.0,0.0,0.0,0.0,0
0.23529412,1.0,3.0,4.0,1.0,0.10985,0.55,0.03704,0.17915,0.0,0.0,0.5,0.0,0
0.05882353,2.0,3.0,4.0,0.8333333,0.47357,0.575,0.33333,0.43144,0.0,0.0,0.5,0.0,2
0.05882353,2.0,3.0,4.0,0.33333334,0.45924,0.7,0.51852,0.54379,0.0,0.0,0.5,0.0,2
0.8235294,2.0,1.0,2.0,0.228,0.03297421,0.044991292,0.026244517,0.032634847,0.0,0.0,0.0,0.0,0
0.0,2.0,3.0,4.0,0.5,0.07436,0.5,0.03704,0.15695,0.0,0.0,0.5,0.0,0
0.11764706,1.0,3.0,4.0,0.8333333,0.06908,0.475,0.22222,0.23666,0.0,0.0,0.5,0.0,0
0.11764706,2.0,3.0,3.0,0.216,0.0032308514,0.04385428,0.03669679,0.028537983,0.0,0.0,0.0,0.0,0
0.9411765,2.0,1.0,4.0,0.43,0.0,0.059218608,0.07457071,0.04902589,0.0,0.0,0.0,0.0,0
0.11764706,1.0,3.0,4.0,0.6666667,0.60668,0.575,0.81481,0.69717,0.0,0.0,0.5,0.0,2
0.05882353,2.0,3.0,4.0,0.33333334,0.54346,0.675,0.51852,0.56267,0.0,0.0,0.5,0.0,2
0.23529412,1.0,3.0,5.0,0.382,0.05477656,0.015788957,0.0,0.019825803,0.0,0.0,0.0,0.0,0
0.1764706,2.0,3.0,4.0,0.33333334,0.36598,0.65,0.66667,0.57431,0.0,0.0,0.5,0.0,1
0.0,1.0,3.0,4.0,0.5,0.08388,0.375,0.11111,0.16519,0.0,0.0,0.5,0.0,0
0.0,2.0,3.0,3.0,0.034,0.054490954,0.053041145,0.05847442,0.056024395,0.0,0.0,0.0,0.0,0
0.7058824,1.0,1.0,5.0,0.404,0.0,0.0,0.0,0.0,0.0,0.0,0.0,0.0,0
0.11764706,2.0,3.0,4.0,0.8333333,0.30736,0.55,0.51852,0.46382,0.0,0.0,0.5,0.0,1
0.3529412,2.0,3.0,4.0,0.8333333,0.0,0.575,0.22222,0.23987,0.0,0.0,0.5,0.0,0
0.9411765,2.0,3.0,4.0,0.066,0.0,0.019622471,0.10860362,0.05572464,0.0,0.0,0.0,0.0,0
0.9411765,2.0,1.0,1.0,0.204,0.1818616,0.06675327,0.050262593,0.09284834,0.0,0.0,0.0,0.0,0
0.8235294,2.0,1.0,1.0,0.368,0.0,0.15608384,0.023645813,0.04785305,0.0,0.0,0.0,0.0,0
0.05882353,2.0,3.0,4.0,0.6666667,0.08753,0.55,0.22222,0.25973,0.0,0.0,0.5,0.0,0
0.1764706,2.0,3.0,4.0,0.6666667,0.3928,0.55,0.33333,0.4018,0.0,0.0,0.5,0.0,2
0.8235294,2.0,1.0,3.0,0.202,0.011436186,0.0054321373,0.056275763,0.031124445,0.0,0.0,0.0,0.0,0
0.1764706,2.0,3.0,4.0,0.8333333,0.58193,0.625,0.48148,0.54479,0.0,0.0,0.5,0.0,2
0.4117647,1.0,3.0,4.0,0.6666667,0.29933,0.65,0.07407,0.27584,0.0,0.0,0.5,0.0,1
0.1764706,1.0,3.0,4.0,0.33333334,0.63702,0.725,0.55556,0.61939,0.0,0.0,0.5,0.0,2
0.5882353,2.0,1.0,4.0,0.3,0.0,0.0,0.07937147,0.037351277,0.0,0.0,0.0,0.0,0
0.05882353,1.0,3.0,3.0,0.494,0.0,0.060502347,0.084725976,0.05410689,0.0,0.0,0.0,0.0,0
0.1764706,2.0,3.0,3.0,0.904,0.12648009,0.123038806,0.04511829,0.087382466,0.0,0.0,0.0,0.0,0
0.0,2.0,3.0,4.0,0.6666667,0.28064,0.55,0.07407,0.24681,0.0,0.0,0.5,0.0,1
0.05882353,1.0,3.0,4.0,0.6666667,0.31328,0.55,0.44444,0.4307,0.0,0.0,0.5,0.0,1
0.1764706,2.0,3.0,4.0,0.8333333,0.38028,0.525,0.2963,0.37481,0.0,0.0,0.5,0.0,1
0.1764706,1.0,3.0,4.0,0.6666667,0.1118,0.475,0.14815,0.21436,0.0,0.0,0.5,0.0,0
0.11764706,2.0,3.0,4.0,1.0,0.27643,0.7,0.55556,0.50745,0.0,0.0,0.5,0.0,1
0.29411766,2.0,1.0,5.0,0.492,0.0,0.09124672,0.11341407,0.07484114,0.0,0.0,0.0,0.0,0
0.1764706,1.0,3.0,4.0,0.368,0.025280906,0.04746862,0.11533937,0.072882,0.0,0.0,0.0,0.0,0
0.05882353,2.0,3.0,3.0,0.006,0.0,0.088954106,0.03643377,0.03807568,0.0,0.0,0.0,0.0,0
0.05882353,1.0,3.0,4.0,0.33333334,0.03549,0.4,0.14815,0.17427,0.0,0.0,0.5,0.0,0
0.11764706,2.0,3.0,4.0,0.8333333,0.29382,0.55,0.2963,0.35526,0.0,0.0,0.5,0.0,1
0.11764706,1.0,3.0,4.0,0.5,0.11434,0.675,0.11111,0.24474,0.0,0.0,0.5,0.0,0
0.23529412,1.0,3.0,4.0,0.5,0.06929,0.55,0.03704,0.16722,0.0,0.0,0.5,0.0,0
0.05882353,2.0,3.0,4.0,0.8333333,0.31609,0.625,0.55556,0.50147,0.0,0.0,0.5,0.0,1
0.0,1.0,3.0,3.0,0.152,0.0,0.0,0.08182668,0.038506676,0.0,0.0,0.0,0.0,0
0.1764706,2.0,3.0,4.0,0.6666667,0.56309,0.65,0.74074,0.66714,0.0,0.0,0.5,0.0,2
0.1764706,1.0,3.0,4.0,0.6666667,0.31534,0.6,0.33333,0.39079,0.0,0.0,0.5,0.0,1
0.5882353,2.0,3.0,5.0,1.0,0.055379458,0.05226731,0.0,0.028586267,0.0,0.0,0.0,0.0,0
0.11764706,2.0,3.0,4.0,0.5,0.45593,0.7,0.44444,0.50795,0.0,0.0,0.5,0.0,2
0.3529412,1.0,3.0,4.0,0.244,0.0,0.02392808,0.0,0.0056301365,0.0,0.0,0.0,0.0,0
0.0,2.0,3.0,4.0,0.5,0.49151,0.7,0.55556,0.5707,0.0,0.0,0.5,0.0,2
0.1764706,1.0,3.0,4.0,1.0,0.5554,0.6,0.2963,0.44396,0.0,0.0,0.5,0.0,2
0.9411765,2.0,1.0,2.0,0.082,0.10813049,0.06301097,0.029235817,0.060387228,0.0,0.0,0.0,0.0,0
1.0,2.0,1.0,4.0,0.316,0.10309971,0.0,0.12803113,0.09057339,0.0,0.0,0.0,0.0,0
0.8235294,2.0,3.0,5.0,1.0,0.08761639,0.062079765,0.045882512,0.0619683,0.0,0.0,0.0,0.0,0
0.5882353,1.0,1.0,4.0,0.71,0.10294655,0.14753972,0.02357093,0.07608583,0.0,0.0,0.0,0.0,0
0.11764706,1.0,3.0,4.0,0.5,0.67052,0.6,0.7037,0.66954,0.0,0.0,0.5,0.0,2
0.05882353,1.0,3.0,4.0,0.5,0.79615,0.525,0.66667,0.67142,0.0,0.0,0.5,0.0,2
0.7058824,2.0,1.0,5.0,0.238,0.0,0.0,0.0,0.0,0.0,0.0,0.0,0.0,0
0.1764706,1.0,3.0,4.0,0.8333333,0.50533,0.65,0.2963,0.441,0.0,0.0,0.5,0.0,2
0.05882353,2.0,3.0,4.0,0.16666667,0.37994,0.65,0.77778,0.6307,0.0,0.0,0.5,0.0,1
0.1764706,2.0,3.0,4.0,0.16666667,0.37558,0.525,0.62963,0.53029,0.0,0.0,0.5,0.0,1
0.11764706,2.0,3.0,4.0,0.5,0.46686,0.675,0.48148,0.52271,0.0,0.0,0.5,0.0,2
0.47058824,1.0,3.0,4.0,0.268,0.58911884,0.681371,0.6093755,0.62035775,2.0,0.0,0.0,0.0,2
0.7058824,2.0,1.0,5.0,1.0,0.0,0.035652377,0.028395215,0.02175125,0.0,0.0,0.0,0.0,0
0.1764706,2.0,3.0,4.0,0.33333334,0.30282,0.65,0.2963,0.38144,0.0,0.0,0.5,0.0,1
0.9411765,2.0,3.0,4.0,0.368,0.14221925,0.0,0.038833115,0.0601036,0.0,0.0,0.0,0.0,0
0.88235295,2.0,1.0,4.0,0.368,0.0,0.0,0.032730862,0.0154027585,0.0,0.0,0.0,0.0,0
0.0,2.0,3.0,4.0,0.5,0.32515,0.65,0.44444,0.45772,0.0,0.0,0.5,0.0,1
0.05882353,1.0,3.0,4.0,0.8333333,0.67276,0.725,0.62963,0.66476,0.0,0.0,0.5,0.0,2
0.88235295,1.0,1.0,5.0,0.932,0.090039566,0.07959552,0.019232789,0.05426131,0.0,0.0,0.0,0.0,0
0.23529412,1.0,3.0,4.0,0.6666667,0.09172,0.575,0.25926,0.28427,0.0,0.0,0.5,0.0,0
0.05882353,1.0,3.0,4.0,0.5,0.12204,0.5,0.14815,0.22326,0.0,0.0,0.5,0.0,0
0.05882353,2.0,3.0,3.0,0.616,0.08923524,0.12549917,0.16096471,0.13152298,0.0,0.0,0.0,0.0,0
0.0,1.0,3.0,4.0,0.16666667,0.58504,0.575,0.59259,0.58623,0.0,0.0,0.5,0.0,2
0.0,2.0,3.0,4.0,0.6666667,0.12463,0.525,0.07407,0.19504,0.0,0.0,0.5,0.0,0
0.0,2.0,3.0,4.0,0.33333334,0.26534,0.7,0.14815,0.31246,0.0,0.0,0.5,0.0,1
0.05882353,2.0,3.0,4.0,0.8333333,0.42631,0.75,0.18519,0.389,0.0,0.0,0.5,0.0,2
0.8235294,2.0,2.0,2.0,0.07,0.28335226,0.27544028,0.2245535,0.2538206,1.0,0.0,0.0,0.0,1
0.0,2.0,3.0,4.0,0.6666667,0.21427,0.6,0.25926,0.3262,0.0,0.0,0.5,0.0,1
0.1764706,2.0,3.0,4.0,0.16666667,0.70174,0.8,0.88889,0.81293,0.0,0.0,0.5,0.0,2
0.11764706,1.0,3.0,3.0,0.034,0.0,0.021931108,0.03627045,0.022228708,0.0,0.0,0.0,0.0,0
0.7058824,2.0,1.0,3.0,0.368,0.029921848,0.0,0.057061765,0.03565314,0.0,0.0,0.0,0.0,0
0.0,2.0,3.0,4.0,0.33333334,0.4518,0.65,0.48148,0.5124,0.0,0.0,0.5,0.0,2
0.29411766,1.0,3.0,4.0,0.16666667,0.25769,0.55,0.14815,0.27492,0.0,0.0,0.5,0.0,1
0.29411766,1.0,3.0,4.0,0.8333333,0.4321,0.5,0.59259,0.5236,0.0,0.0,0.5,0.0,2
0.29411766,1.0,1.0,3.0,0.07,0.057268094,0.035464633,0.04191505,0.04491291,0.0,0.0,0.0,0.0,0
0.9411765,2.0,1.0,4.0,0.196,0.054117598,0.102241166,0.029660968,0.053931788,0.0,0.0,0.0,0.0,0
0.05882353,1.0,3.0,4.0,0.16666667,0.19703,0.55,0.11111,0.23965,0.0,0.0,0.5,0.0,0
0.1764706,2.0,3.0,4.0,0.33333334,0.24488,0.6,0.62963,0.5095,0.0,0.0,0.5,0.0,1
0.11764706,1.0,3.0,4.0,0.5,0.34662,0.55,0.25926,0.35336,0.0,0.0,0.5,0.0,1
0.23529412,1.0,3.0,4.0,0.082,0.029435163,0.0018279832,0.018856624,0.01796122,0.0,0.0,0.0,0.0,0
0.0,2.0,3.0,3.0,0.368,0.081724025,0.0,0.030939382,0.038596187,0.0,0.0,0.0,0.0,0
0.11764706,1.0,3.0,3.0,0.494,0.07392282,0.08795496,0.14999832,0.113024734,0.0,0.0,0.0,0.0,0
0.7058824,1.0,1.0,5.0,1.0,0.033614025,0.019559719,0.0,0.014488765,0.0,0.0,0.0,0.0,0
0.0,1.0,3.0,4.0,0.5,0.14799,0.55,0.51852,0.41695,0.0,0.0,0.5,0.0,0
0.7058824,1.0,3.0,4.0,0.236,0.080063954,0.08468677,0.13358964,0.10634023,0.0,0.0,0.0,0.0,0
0.7647059,1.0,3.0,5.0,0.53,0.15008084,0.02435933,0.109486096,0.101395905,0.0,0.0,0.0,0.0,0
0.11764706,2.0,1.0,3.0,0.222,0.07571369,0.2356191,0.08272228,0.11663665,0.0,0.0,0.0,0.0,0
0.05882353,2.0,3.0,4.0,0.6666667,0.10828,0.7,0.0,0.19655,0.0,0.0,0.5,0.0,0
0.9411765,1.0,1.0,3.0,0.336,0.047381632,0.022513267,0.035281856,0.03583624,0.0,0.0,0.0,0.0,0
0.05882353,1.0,3.0,3.0,0.116,0.088490486,0.11217048,0.1381785,0.11744484,0.0,0.0,0.0,0.0,0
0.11764706,1.0,3.0,3.0,0.192,0.019568734,0.0148159,0.056636754,0.035894193,0.0,0.0,0.0,0.0,0
0.4117647,2.0,3.0,2.0,0.368,0.048409373,0.07410061,0.14595065,0.10035615,0.0,0.0,0.0,0.0,0
0.0,1.0,3.0,3.0,0.102,0.0142846815,0.09944228,0.0,0.02759956,0.0,0.0,0.0,0.0,0
0.11764706,1.0,3.0,4.0,0.136,0.19431183,0.0611834,0.0380639,0.089459054,0.0,0.0,0.0,0.0,0
0.1764706,1.0,3.0,4.0,1.0,0.28372,0.575,0.44444,0.42789,0.0,0.0,0.5,0.0,1
0.7647059,2.0,1.0,5.0,0.776,0.11330722,0.026053576,0.14462489,0.10751468,0.0,0.0,0.0,0.0,0
0.11764706,1.0,3.0,4.0,0.5,0.23092,0.5,0.22222,0.29014,0.0,0.0,0.5,0.0,0
0.88235295,1.0,1.0,4.0,0.264,0.11364173,0.08266095,0.015021235,0.05994249,0.0,0.0,0.0,0.0,0
0.23529412,2.0,3.0,4.0,0.8333333,0.08695,0.5,0.11111,0.19551,0.0,0.0,0.5,0.0,0
0.3529412,2.0,1.0,4.0,0.426,0.11970542,0.052900266,0.064710975,0.07810683,0.0,0.0,0.0,0.0,0
0.05882353,2.0,3.0,3.0,0.368,0.03158557,0.0,0.032615926,0.024638545,0.0,0.0,0.0,0.0,0
0.29411766,2.0,3.0,4.0,1.0,0.39548,0.725,0.22222,0.39148,0.0,0.0,0.5,0.0,1
0.0,2.0,3.0,4.0,0.33333334,0.00967,0.5,0.22222,0.22507,0.0,0.0,0.5,0.0,0
1.0,1.0,1.0,5.0,0.48,0.04411358,0.01875041,0.116195835,0.072066836,0.0,0.0,0.0,0.0,0
0.1764706,1.0,3.0,4.0,0.33333334,0.40806,0.425,0.7037,0.55117,0.0,0.0,0.5,0.0,1
1.0,2.0,1.0,5.0,0.868,0.060488503,0.06753202,0.10483066,0.0830127,0.0,0.0,0.0,0.0,0
0.29411766,2.0,3.0,5.0,0.104,0.055652484,0.066020995,0.008706608,0.035999957,0.0,0.0,0.0,0.0,0
0.11764706,2.0,3.0,4.0,0.8333333,0.31765,0.525,0.18519,0.3041,0.0,0.0,0.5,0.0,1
0.05882353,2.0,3.0,3.0,0.1,0.09183641,0.0,0.022384817,0.037544742,0.0,0.0,0.0,0.0,0
0.0,1.0,3.0,4.0,0.16666667,0.21739,0.55,0.59259,0.47222,0.0,0.0,0.5,0.0,1
0.05882353,1.0,3.0,3.0,0.436,0.18825236,0.08318534,0.09473018,0.11952027,0.0,0.0,0.0,0.0,0
0.1764706,2.0,3.0,4.0,0.6666667,0.1815,0.625,0.18519,0.28759,0.0,0.0,0.5,0.0,1
0.7647059,2.0,3.0,4.0,0.448,0.13850488,0.03317437,0.018022783,0.057023775,0.0,0.0,0.0,0.0,0
0.05882353,2.0,3.0,4.0,0.8333333,0.23575,0.575,0.2963,0.34407,0.0,0.0,0.5,0.0,1
0.64705884,1.0,1.0,4.0,1.0,0.02787449,0.06701515,0.06906656,0.05646856,0.0,0.0,0.0,0.0,0
0.88235295,1.0,3.0,4.0,1.0,0.06891733,0.06287062,0.08348556,0.07435021,0.0,0.0,0.0,0.0,0
0.23529412,2.0,3.0,4.0,1.0,0.30048,0.65,0.48148,0.4679,0.0,0.0,0.5,0.0,1
0.5294118,1.0,1.0,2.0,0.156,0.027722321,0.032302674,0.11441678,0.06959744,0.0,0.0,0.0,0.0,0
0.0,1.0,3.0,4.0,0.6666667,0.06072,0.625,0.0,0.16492,0.0,0.0,0.5,0.0,0
0.05882353,2.0,3.0,4.0,0.5,0.62231,0.625,0.81481,0.71353,0.0,0.0,0.5,0.0,2
0.1764706,1.0,3.0,4.0,0.8333333,0.22557,0.575,0.07407,0.2365,0.0,0.0,0.5,0.0,0
0.64705884,2.0,1.0,5.0,1.0,0.06586807,0.12663512,0.0064774817,0.05221769,0.0,0.0,0.0,0.0,0
0.23529412,1.0,3.0,4.0,0.6666667,0.25411,0.575,0.33333,0.3669,0.0,0.0,0.5,0.0,1
0.0,2.0,3.0,3.0,0.368,0.05688192,0.09375596,0.081367105,0.07708061,0.0,0.0,0.0,0.0,0
0.5294118,1.0,1.0,2.0,0.162,0.068107605,0.017709976,0.03769616,0.041938074,0.0,0.0,0.0,0.0,0
0.05882353,1.0,3.0,4.0,0.33333334,0.0,0.5,0.0,0.11765,0.0,0.0,0.5,0.0,0
0.1764706,2.0,3.0,4.0,0.8333333,0.16313,0.625,0.14815,0.26475,0.0,0.0,0.5,0.0,0
0.3529412,2.0,1.0,3.0,0.638,0.088409424,0.13840503,0.13820544,0.12360651,0.0,0.0,0.0,0.0,0
0.0,2.0,3.0,3.0,0.024,0.058723327,0.13934614,0.13072789,0.1115779,0.0,0.0,0.0,0.0,0
0.05882353,2.0,3.0,4.0,0.8333333,0.0071,0.55,0.07407,0.16636,0.0,0.0,0.5,0.0,0
0.11764706,2.0,3.0,4.0,0.8333333,0.37069,0.625,0.2963,0.39552,0.0,0.0,0.5,0.0,2
0.1764706,2.0,3.0,4.0,0.6666667,0.0545,0.525,0.11111,0.19185,0.0,0.0,0.5,0.0,0
0.05882353,2.0,3.0,3.0,0.368,0.18357041,0.13982111,0.09271522,0.13052107,0.0,0.0,0.0,0.0,0
0.11764706,2.0,3.0,4.0,0.33333334,0.68968,0.625,0.2963,0.48934,0.0,0.0,0.5,0.0,2
0.64705884,2.0,1.0,5.0,0.368,0.086409196,0.059316657,0.07165383,0.07309078,0.0,0.0,0.0,0.0,0
0.29411766,2.0,3.0,4.0,0.8333333,0.2072,0.575,0.2963,0.33567,0.0,0.0,0.5,0.0,0
0.11764706,2.0,3.0,4.0,0.8333333,0.322,0.575,0.03704,0.24743,0.0,0.0,0.5,0.0,1
0.05882353,2.0,3.0,4.0,0.33333334,0.5459,0.75,0.81481,0.72047,0.0,0.0,0.5,0.0,2
0.5294118,1.0,3.0,5.0,1.0,0.016435836,0.0,0.0,0.0048340694,0.0,0.0,0.0,0.0,0
0.64705884,1.0,1.0,5.0,1.0,0.105240814,0.060974967,0.1174493,0.10057049,0.0,0.0,0.0,0.0,0
0.11764706,2.0,3.0,4.0,0.776,0.0,0.056452457,0.0,0.013282931,0.0,0.0,0.0,0.0,0
0.29411766,2.0,3.0,4.0,0.368,0.083278365,0.05194099,0.051890023,0.06113388,0.0,0.0,0.0,0.0,0
0.29411766,1.0,3.0,4.0,0.658,0.08991438,0.0,0.0024393552,0.027593339,0.0,0.0,0.0,0.0,0
0.29411766,2.0,3.0,4.0,0.6666667,0.11774,0.525,0.18519,0.2453,0.0,0.0,0.5,0.0,0
0.0,2.0,3.0,4.0,0.5,0.5857,0.625,0.48148,0.5459,0.0,0.0,0.5,0.0,2
0.29411766,1.0,3.0,4.0,0.8333333,0.21047,0.675,0.14815,0.29044,0.0,0.0,0.5,0.0,1
0.05882353,1.0,3.0,4.0,0.5,0.72901,0.7,0.88889,0.79742,0.0,0.0,0.5,0.0,2
0.1764706,1.0,3.0,4.0,0.314,0.08603849,0.002591605,0.0,0.025915228,0.0,0.0,0.0,0.0,0
0.8235294,2.0,3.0,4.0,0.012,0.009161722,0.021080842,0.0,0.007654822,0.0,0.0,0.0,0.0,0
0.0,2.0,3.0,4.0,0.5,0.24985,0.575,0.11111,0.26107,0.0,0.0,0.5,0.0,0
0.9411765,2.0,1.0,4.0,1.0,0.087517284,0.2184552,0.12607215,0.13646968,0.0,0.0,0.0,0.0,0
0.0,1.0,3.0,4.0,0.6666667,0.24628,0.55,0.37037,0.37614,0.0,0.0,0.5,0.0,1
0.23529412,2.0,3.0,4.0,1.0,0.03463,0.55,0.07407,0.17446,0.0,0.0,0.5,0.0,0
0.11764706,1.0,3.0,3.0,1.0,0.20878288,0.19026195,0.014273516,0.1128912,0.0,0.0,0.0,0.0,0
0.5294118,1.0,1.0,5.0,0.288,0.014830077,0.0,0.009305647,0.008740915,0.0,0.0,0.0,0.0,0
0.88235295,2.0,3.0,4.0,0.16,0.15902443,0.0913776,0.0022362468,0.06932485,0.0,0.0,0.0,0.0,0
0.11764706,2.0,3.0,4.0,0.5,0.32055,0.625,0.37037,0.41563,0.0,0.0,0.5,0.0,1
0.11764706,1.0,3.0,4.0,0.16666667,0.16591,0.525,0.14815,0.24204,0.0,0.0,0.5,0.0,1
0.05882353,2.0,3.0,3.0,1.0,0.08466381,0.0025339394,0.10872156,0.07666043,0.0,0.0,0.0,0.0,0
0.0,1.0,3.0,4.0,0.33333334,0.24619,0.625,0.37037,0.39376,0.0,0.0,0.5,0.0,1
0.1764706,1.0,3.0,4.0,0.5,0.24498,0.6,0.48148,0.43981,0.0,0.0,0.5,0.0,1
0.1764706,2.0,3.0,4.0,0.8333333,0.47167,0.775,0.55556,0.58252,0.0,0.0,0.5,0.0,2
0.3529412,2.0,3.0,4.0,1.0,0.63039,0.675,0.44444,0.55338,0.0,0.0,0.5,0.0,2
0.0,1.0,3.0,4.0,0.6666667,0.35391,0.65,0.40741,0.44875,0.0,0.0,0.5,0.0,1
0.5882353,2.0,3.0,4.0,0.0,0.117278025,0.104273565,0.06545398,0.08983036,0.0,0.0,0.0,0.0,0
0.4117647,2.0,1.0,4.0,0.182,0.047969975,0.0,0.0035399003,0.015774652,0.0,0.0,0.0,0.0,0
0.0,2.0,3.0,4.0,0.8333333,0.43336,0.6,0.40741,0.46036,0.0,0.0,0.5,0.0,1
0.64705884,2.0,2.0,4.0,0.018,0.27900633,0.2757899,0.2590954,0.26887968,1.0,0.0,0.0,0.0,1
0.11764706,1.0,3.0,4.0,0.6666667,0.46277,0.675,0.48148,0.52151,0.0,0.0,0.5,0.0,2
0.0,1.0,3.0,4.0,0.33333334,0.50747,0.55,0.55556,0.54011,0.0,0.0,0.5,0.0,2
0.8235294,1.0,3.0,5.0,1.0,0.11347629,0.09579358,0.0,0.055915046,0.0,0.0,0.0,0.0,0
0.7058824,1.0,1.0,4.0,1.0,0.05261799,0.07673058,0.0,0.033530135,0.0,0.0,0.0,0.0,0
0.05882353,2.0,3.0,4.0,0.6666667,0.54888,0.65,0.62963,0.61067,0.0,0.0,0.5,0.0,2
0.11764706,2.0,3.0,4.0,0.6666667,0.28878,0.725,0.14815,0.32524,0.0,0.0,0.5,0.0,1
0.29411766,2.0,1.0,4.0,0.074,0.081001155,0.15619284,0.0,0.060575128,0.0,0.0,0.0,0.0,0
0.23529412,1.0,3.0,4.0,0.8333333,0.86008,0.5,0.96296,0.82377,0.0,0.0,0.5,0.0,2
0.23529412,1.0,3.0,4.0,0.5,0.30869,0.5,0.18519,0.29558,0.0,0.0,0.5,0.0,1
0.29411766,2.0,3.0,4.0,0.16666667,0.17747,0.725,0.66667,0.53651,0.0,0.0,0.5,0.0,0
0.11764706,1.0,3.0,4.0,0.8333333,0.26308,0.525,0.37037,0.3752,0.0,0.0,0.5,0.0,1
0.05882353,1.0,3.0,3.0,1.0,0.12966403,0.14808466,0.11799095,0.12850508,0.0,0.0,0.0,0.0,0
0.23529412,2.0,1.0,3.0,0.558,0.058532834,0.09289845,0.12143002,0.096217535,0.0,0.0,0.0,0.0,0
0.0,2.0,3.0,4.0,0.6666667,0.36185,0.575,0.2963,0.38115,0.0,0.0,0.5,0.0,1
0.0,1.0,3.0,3.0,0.368,0.10016012,0.07371096,0.0,0.046802614,0.0,0.0,0.0,0.0,0
0.5882353,1.0,1.0,3.0,0.52,0.14702894,0.060235187,0.120115586,0.113941774,0.0,0.0,0.0,0.0,0
0.1764706,1.0,3.0,4.0,0.33333334,0.24172,0.625,0.33333,0.37501,0.0,0.0,0.5,0.0,1
0.88235295,1.0,1.0,4.0,0.398,0.0,0.037681244,0.0,0.008866175,0.0,0.0,0.0,0.0,0
0.47058824,2.0,1.0,4.0,0.486,0.024286255,0.011016445,0.05295587,0.03465553,0.0,0.0,0.0,0.0,0
0.7058824,2.0,3.0,4.0,0.368,0.09957876,0.056898538,0.08341151,0.08192824,0.0,0.0,0.0,0.0,0
0.11764706,2.0,3.0,4.0,0.8333333,0.55495,0.7,0.14815,0.39764,0.0,0.0,0.5,0.0,2
0.8235294,1.0,1.0,3.0,0.318,0.08774792,0.0,0.065276936,0.056526765,0.0,0.0,0.0,0.0,0
0.0,1.0,3.0,3.0,0.482,0.16811152,0.02795538,0.15669619,0.12976168,0.0,0.0,0.0,0.0,0
0.1764706,2.0,3.0,4.0,0.6666667,0.48727,0.725,0.44444,0.52305,0.0,0.0,0.5,0.0,2
0.29411766,1.0,3.0,4.0,1.0,0.0,0.0,0.0,0.0,0.0,0.0,0.0,0.0,0
0.3529412,2.0,3.0,3.0,0.194,0.096299976,0.07317477,0.002198024,0.04657548,0.0,0.0,0.0,0.0,0
1.0,2.0,1.0,4.0,1.0,0.028698094,0.20024116,0.1594344,0.13058414,0.0,0.0,0.0,0.0,0
0.5882353,2.0,1.0,4.0,0.23,0.016721208,0.008900891,0.13830492,0.072096996,0.0,0.0,0.0,0.0,0
1.0,2.0,2.0,3.0,0.012,0.20673503,0.07311469,0.07434179,0.11299225,0.0,0.0,0.0,0.0,0
0.05882353,2.0,3.0,3.0,1.0,0.097152784,0.0860102,0.101215966,0.09644309,0.0,0.0,0.0,0.0,0
0.23529412,1.0,3.0,4.0,0.6666667,0.21714,0.5,0.2963,0.32094,0.0,0.0,0.5,0.0,0
0.1764706,2.0,3.0,4.0,0.8333333,0.27,0.5,0.48148,0.42364,0.0,0.0,0.5,0.0,1
0.4117647,1.0,3.0,4.0,0.8,0.0,0.0,0.0,0.0,0.0,0.0,0.0,0.0,0
0.05882353,2.0,3.0,3.0,1.0,0.14240375,0.029360585,0.012068702,0.054471217,0.0,0.0,0.0,0.0,0
0.7647059,2.0,1.0,3.0,0.226,0.013364057,0.09459098,0.081133775,0.064367905,0.0,0.0,0.0,0.0,0
0.3529412,1.0,1.0,4.0,0.482,0.06161025,0.08917243,0.090621695,0.08174791,0.0,0.0,0.0,0.0,0
0.0,1.0,3.0,4.0,0.6666667,0.49457,0.65,0.2963,0.43784,0.0,0.0,0.5,0.0,2
0.11764706,1.0,3.0,4.0,1.0,0.15657,0.575,0.18519,0.26849,0.0,0.0,0.5,0.0,0
0.29411766,2.0,3.0,4.0,0.5,0.8134,0.825,0.55556,0.69479,0.0,0.0,0.5,0.0,2
0.7647059,1.0,1.0,5.0,0.198,0.0,0.101353236,0.0,0.02384782,0.0,0.0,0.0,0.0,0
0.29411766,2.0,3.0,4.0,0.8333333,0.87896,0.725,1.0,0.89969,0.0,0.0,0.5,0.0,2
0.0,2.0,3.0,4.0,0.33333334,0.13006,0.5,0.22222,0.26047,0.0,0.0,0.5,0.0,0
0.0,1.0,3.0,4.0,1.0,0.65391,0.6,0.59259,0.61237,0.0,0.0,0.5,0.0,2
0.1764706,2.0,3.0,3.0,0.148,0.15846656,0.15168402,0.015350268,0.089521825,0.0,0.0,0.0,0.0,0
0.5294118,2.0,3.0,4.0,0.588,0.108104974,0.10250058,0.15516281,0.12893115,0.0,0.0,0.0,0.0,0
0.64705884,2.0,3.0,4.0,0.232,0.14519805,0.14405002,0.0745681,0.1116903,0.0,0.0,0.0,0.0,0
0.0,2.0,3.0,4.0,0.33333334,0.19313,0.5,0.33333,0.33131,0.0,0.0,0.5,0.0,1
0.0,1.0,3.0,4.0,0.8333333,0.26187,0.475,0.14815,0.2585,0.0,0.0,0.5,0.0,1
0.4117647,2.0,3.0,4.0,0.44,0.10058984,0.0,0.04192305,0.04931374,0.0,0.0,0.0,0.0,0
0.0,1.0,3.0,4.0,0.5,0.21454,0.55,0.03704,0.20994,0.0,0.0,0.5,0.0,0
0.11764706,2.0,3.0,3.0,0.68,0.04538434,0.11488503,0.004608067,0.04254861,0.0,0.0,0.0,0.0,0
0.29411766,1.0,3.0,4.0,1.0,0.33658,0.525,0.14815,0.29224,0.0,0.0,0.5,0.0,1
0.5294118,1.0,1.0,5.0,1.0,0.021629723,0.0021311261,0.0,0.0068631247,0.0,0.0,0.0,0.0,0
0.1764706,1.0,3.0,4.0,1.0,0.05654,0.7,0.44444,0.39049,0.0,0.0,0.5,0.0,0
0.5882353,2.0,3.0,4.0,1.0,0.26235,0.65,0.2963,0.36954,0.0,0.0,0.5,0.0,0
0.1764706,2.0,3.0,4.0,0.6666667,0.13305,0.675,0.22222,0.30253,0.0,0.0,0.5,0.0,0
0.11764706,1.0,3.0,4.0,0.33333334,0.38094,0.675,0.55556,0.5323,0.0,0.0,0.5,0.0,1
0.64705884,1.0,3.0,4.0,0.6666667,0.15,0.65,0.14815,0.26678,0.0,0.0,0.5,0.0,0
0.05882353,2.0,3.0,4.0,0.33333334,0.83549,0.625,0.44444,0.60194,0.0,0.0,0.5,0.0,2
0.11764706,1.0,3.0,4.0,0.33333334,0.2099,0.55,0.55556,0.45258,0.0,0.0,0.5,0.0,1
0.1764706,2.0,3.0,4.0,0.33333334,0.12701,0.6,0.18519,0.26568,0.0,0.0,0.5,0.0,0
0.05882353,2.0,3.0,4.0,0.33333334,0.31641,0.75,0.25926,0.39154,0.0,0.0,0.5,0.0,1
0.11764706,2.0,3.0,4.0,0.8333333,0.32444,0.5,0.11111,0.26536,0.0,0.0,0.5,0.0,1
0.47058824,2.0,3.0,4.0,1.0,0.07140185,0.06586819,0.063321844,0.06629746,0.0,0.0,0.0,0.0,0
0.11764706,2.0,3.0,4.0,0.5,0.43919,0.675,0.62963,0.58429,0.0,0.0,0.5,0.0,2
0.29411766,1.0,3.0,4.0,0.8333333,0.1153,0.6,0.22222,0.27966,0.0,0.0,0.5,0.0,0
0.0,1.0,3.0,4.0,0.5,0.37953,0.55,0.18519,0.32819,0.0,0.0,0.5,0.0,1
0.1764706,1.0,3.0,4.0,0.016,0.042753983,0.062089022,0.038211662,0.04516584,0.0,0.0,0.0,0.0,0
0.1764706,2.0,3.0,4.0,0.6666667,0.69247,0.8,0.74074,0.74049,0.0,0.0,0.5,0.0,2
0.7647059,1.0,3.0,4.0,0.532,0.0,0.11773166,0.0416353,0.04729465,0.0,0.0,0.0,0.0,0
0.7058824,1.0,1.0,4.0,0.636,0.030047964,0.0,0.0,0.008837637,0.0,0.0,0.0,0.0,0
0.8235294,2.0,1.0,3.0,0.152,0.053883523,0.053995393,0.02804739,0.041751664,0.0,0.0,0.0,0.0,0
0.11764706,1.0,3.0,2.0,0.68,0.09127106,0.0109950425,0.08194305,0.06799293,0.0,0.0,0.0,0.0,0
0.29411766,2.0,3.0,4.0,0.5,0.69883,0.65,0.85185,0.75935,0.0,0.0,0.5,0.0,2
0.05882353,2.0,3.0,4.0,1.0,0.59476,0.6,0.51852,0.56011,0.0,0.0,0.5,0.0,2
0.11764706,1.0,3.0,4.0,0.6666667,0.36306,0.6,0.25926,0.36996,0.0,0.0,0.5,0.0,1
0.0,1.0,3.0,4.0,0.33333334,0.10745,0.65,0.07407,0.2194,0.0,0.0,0.5,0.0,0
0.4117647,2.0,1.0,4.0,0.412,0.13642386,0.07319113,0.039978635,0.07615958,0.0,0.0,0.0,0.0,0
0.05882353,2.0,3.0,4.0,0.5,0.20466,0.6,0.48148,0.42795,0.0,0.0,0.5,0.0,1
0.1764706,1.0,3.0,4.0,0.5,0.08786,0.45,0.11111,0.18401,0.0,0.0,0.5,0.0,0
0.11764706,1.0,3.0,4.0,0.8333333,0.2825,0.55,0.14815,0.28222,0.0,0.0,0.5,0.0,1
0.05882353,1.0,3.0,4.0,1.0,0.10744,0.575,0.03704,0.18432,0.0,0.0,0.5,0.0,0
0.0,1.0,3.0,3.0,0.322,0.09329056,0.0,0.027606765,0.04042982,0.0,0.0,0.0,0.0,0
0.88235295,2.0,2.0,4.0,0.196,0.057678044,0.12031032,0.115461126,0.09960709,0.0,0.0,0.0,0.0,0
0.23529412,1.0,3.0,4.0,0.368,0.0,0.0007855004,0.035766646,0.017016185,0.0,0.0,0.0,0.0,0
0.8235294,1.0,1.0,4.0,0.176,0.14539148,0.055037454,0.028866496,0.06929642,0.0,0.0,0.0,0.0,0
0.05882353,2.0,3.0,4.0,0.5,0.53854,0.625,0.44444,0.5146,0.0,0.0,0.5,0.0,2
0.4117647,2.0,3.0,4.0,0.33333334,0.35099,0.7,0.11111,0.32022,0.0,0.0,0.5,0.0,1
0.23529412,1.0,3.0,4.0,0.8333333,0.63357,0.6,0.40741,0.51924,0.0,0.0,0.5,0.0,2
0.23529412,1.0,1.0,4.0,0.72,0.05269928,0.07364815,0.05488525,0.058657117,0.0,0.0,0.0,0.0,0
0.23529412,1.0,1.0,4.0,0.248,0.09964308,0.034873318,0.0740063,0.07233877,0.0,0.0,0.0,0.0,0
0.05882353,2.0,3.0,4.0,0.5,0.87935,0.775,0.85185,0.84186,0.0,0.0,0.5,0.0,2
0.11764706,1.0,3.0,4.0,1.0,0.2327,0.625,0.11111,0.26779,0.0,0.0,0.5,0.0,0
0.5294118,2.0,3.0,5.0,0.796,0.08281519,0.117684215,0.09886007,0.0985702,0.0,0.0,0.0,0.0,0
0.0,2.0,3.0,4.0,0.6666667,0.34813,0.5,0.25926,0.34204,0.0,0.0,0.5,0.0,1
0.47058824,1.0,1.0,4.0,0.492,0.0489949,0.036840376,0.061179202,0.0518688,0.0,0.0,0.0,0.0,0
0.05882353,2.0,3.0,4.0,0.6666667,0.34424,0.7,0.85185,0.66682,0.0,0.0,0.5,0.0,1
0.9411765,2.0,1.0,4.0,0.174,0.2881014,0.2475726,0.25341162,0.26224062,1.0,0.0,0.0,0.0,1
0.23529412,2.0,3.0,4.0,0.6666667,0.14194,0.675,0.0,0.20057,0.0,0.0,0.5,0.0,0
0.05882353,2.0,3.0,3.0,0.13,0.12460388,0.08193717,0.01145313,0.061317243,0.0,0.0,0.0,0.0,0
0.8235294,1.0,3.0,3.0,0.32,0.15965149,0.10064761,0.05948909,0.09863298,0.0,0.0,0.0,0.0,0
0.05882353,2.0,3.0,4.0,1.0,0.57827,0.75,0.51852,0.59056,0.0,0.0,0.5,0.0,2
0.0,2.0,3.0,3.0,0.216,0.011252852,0.021691756,0.026193697,0.02074005,0.0,0.0,0.0,0.0,0
0.11764706,2.0,3.0,1.0,0.188,0.014129349,0.07017352,0.0,0.020667108,0.0,0.0,0.0,0.0,0
0.64705884,2.0,3.0,5.0,0.146,0.117460296,0.1741027,0.04694201,0.097602844,0.0,0.0,0.0,0.0,0
0.0,2.0,3.0,4.0,0.33333334,0.4528,0.7,0.48148,0.52446,0.0,0.0,0.5,0.0,2
0.0,1.0,3.0,4.0,0.8333333,0.02591,0.45,0.03704,0.13093,0.0,0.0,0.5,0.0,0
0.05882353,2.0,3.0,3.0,0.49,0.12045115,0.099947765,0.0,0.05894393,0.0,0.0,0.0,0.0,0
0.05882353,2.0,3.0,4.0,1.0,0.23952,0.525,0.07407,0.22883,0.0,0.0,0.5,0.0,1
0.8235294,2.0,2.0,4.0,0.368,0.0025574623,0.10734822,0.0,0.026010599,0.0,0.0,0.0,0.0,0
0.29411766,1.0,3.0,4.0,0.16666667,0.09567,0.625,0.25926,0.2972,0.0,0.0,0.5,0.0,0
0.3529412,1.0,3.0,5.0,1.0,0.14303261,0.003578759,0.019456316,0.05206639,0.0,0.0,0.0,0.0,0
0.1764706,1.0,3.0,3.0,0.368,0.1016843,0.0733932,0.0891161,0.08911312,0.0,0.0,0.0,0.0,0
0.64705884,2.0,1.0,3.0,0.486,0.037737306,0.0,0.038908496,0.029409088,0.0,0.0,0.0,0.0,0
0.7058824,2.0,3.0,4.0,1.0,0.07134512,0.038429506,0.10066995,0.07740019,0.0,0.0,0.0,0.0,0
0.1764706,1.0,3.0,4.0,0.5,0.62012,0.65,0.2963,0.47476,0.0,0.0,0.5,0.0,2
0.05882353,2.0,3.0,4.0,0.6666667,0.11275,0.475,0.07407,0.17978,0.0,0.0,0.5,0.0,0
0.0,1.0,3.0,4.0,0.8333333,0.25906,0.6,0.14815,0.28709,0.0,0.0,0.5,0.0,1
0.11764706,1.0,3.0,4.0,0.8333333,0.04314,0.625,0.14815,0.22946,0.0,0.0,0.5,0.0,0
0.1764706,1.0,3.0,4.0,0.33333334,0.27744,0.625,0.37037,0.40295,0.0,0.0,0.5,0.0,1
0.88235295,2.0,1.0,5.0,0.956,0.060804963,0.032846402,0.039500702,0.044200946,0.0,0.0,0.0,0.0,0
0.23529412,2.0,3.0,4.0,0.304,0.25781062,0.24806942,0.19078,0.22397476,1.0,0.0,0.0,0.0,1
0.05882353,2.0,3.0,3.0,0.368,0.5222181,0.57423884,0.57358545,0.5586312,2.0,0.0,0.0,0.0,2
0.05882353,1.0,3.0,3.0,0.82,0.10815723,0.05326858,0.03900287,0.06269903,0.0,0.0,0.0,0.0,0
0.05882353,2.0,3.0,4.0,0.8333333,0.68468,0.575,0.37037,0.51096,0.0,0.0,0.5,0.0,2
0.0,2.0,3.0,4.0,0.6666667,0.26475,0.6,0.22222,0.32362,0.0,0.0,0.5,0.0,1
0.11764706,2.0,1.0,3.0,0.2,0.12816173,0.07600345,0.0483275,0.078320146,0.0,0.0,0.0,0.0,0
0.29411766,2.0,3.0,4.0,0.8333333,0.13043,0.45,0.14815,0.21396,0.0,0.0,0.5,0.0,0
0.3529412,1.0,3.0,4.0,0.6666667,0.07594,0.425,0.14815,0.19205,0.0,0.0,0.5,0.0,0
0.05882353,2.0,3.0,4.0,0.16666667,0.35892,0.725,0.25926,0.39816,0.0,0.0,0.5,0.0,1
0.29411766,1.0,3.0,4.0,0.8333333,0.0,0.55,0.03704,0.14684,0.0,0.0,0.5,0.0,0
0.0,1.0,3.0,3.0,0.368,0.08511907,0.0013250205,0.13934249,0.090919726,0.0,0.0,0.0,0.0,0
0.4117647,1.0,3.0,4.0,0.8333333,0.12652,0.55,0.11111,0.21891,0.0,0.0,0.5,0.0,0
0.23529412,1.0,3.0,4.0,0.8333333,0.38681,0.5,0.48148,0.458,0.0,0.0,0.5,0.0,2
0.0,1.0,3.0,3.0,0.142,0.1305417,0.09054288,0.08607924,0.1002067,0.0,0.0,0.0,0.0,0
0.88235295,1.0,1.0,5.0,1.0,0.11602229,0.0871289,0.0,0.05462512,0.0,0.0,0.0,0.0,0
0.1764706,2.0,3.0,3.0,0.474,0.06473275,0.026724206,0.08090557,0.063400306,0.0,0.0,0.0,0.0,0
0.11764706,1.0,3.0,4.0,0.8333333,0.06847,0.5,0.03704,0.15521,0.0,0.0,0.5,0.0,0
0.64705884,2.0,1.0,3.0,0.36,0.09940448,0.06820984,0.100272834,0.0924732,0.0,0.0,0.0,0.0,0
0.05882353,2.0,3.0,4.0,0.8333333,0.53862,0.7,0.33333,0.47999,0.0,0.0,0.5,0.0,2
0.1764706,2.0,3.0,4.0,0.33333334,0.16422,0.575,0.0,0.18359,0.0,0.0,0.5,0.0,1
0.0,1.0,3.0,4.0,0.8333333,0.17562,0.5,0.25926,0.2913,0.0,0.0,0.5,0.0,0
0.23529412,1.0,1.0,3.0,0.358,0.0787505,0.12710866,0.08526419,0.09319416,0.0,0.0,0.0,0.0,0
0.1764706,1.0,3.0,4.0,0.294,0.1023678,0.110021204,0.09446567,0.10044996,0.0,0.0,0.0,0.0,0
0.05882353,2.0,3.0,4.0,0.33333334,0.09017,0.475,0.07407,0.17314,0.0,0.0,0.5,0.0,0
0.0,2.0,3.0,4.0,0.5,0.0,0.525,0.37037,0.29782,0.0,0.0,0.5,0.0,0
0.11764706,2.0,3.0,4.0,0.5,0.11037,0.65,0.11111,0.23769,0.0,0.0,0.5,0.0,0
0.0,2.0,3.0,4.0,0.6666667,0.39679,0.65,0.59259,0.54851,0.0,0.0,0.5,0.0,2
0.05882353,2.0,3.0,4.0,0.6666667,0.71805,0.825,0.44444,0.61446,0.0,0.0,0.5,0.0,2
0.05882353,2.0,3.0,4.0,0.8333333,0.15481,0.5,0.33333,0.32004,0.0,0.0,0.5,0.0,0
0.47058824,2.0,3.0,3.0,0.128,0.079395875,0.03310351,0.0,0.03114079,0.0,0.0,0.0,0.0,0
0.05882353,2.0,3.0,4.0,0.6666667,0.19083,0.675,0.07407,0.24981,0.0,0.0,0.5,0.0,0
0.0,2.0,3.0,4.0,0.5,0.46923,0.55,0.2963,0.40685,0.0,0.0,0.5,0.0,2
0.1764706,2.0,3.0,4.0,0.6666667,0.5199,0.475,0.77778,0.63069,0.0,0.0,0.5,0.0,2
0.0,2.0,3.0,4.0,0.8333333,0.38517,0.6,0.11111,0.30675,0.0,0.0,0.5,0.0,1
0.64705884,2.0,1.0,3.0,0.24,0.07038601,0.03424767,0.18340372,0.115067676,0.0,0.0,0.0,0.0,0
0.11764706,2.0,3.0,4.0,0.8333333,0.47239,0.6,0.40741,0.47184,0.0,0.0,0.5,0.0,2
0.11764706,1.0,3.0,4.0,0.5,0.23756,0.625,0.59259,0.4958,0.0,0.0,0.5,0.0,1
0.29411766,2.0,3.0,5.0,1.0,0.06518759,0.0,0.009999061,0.02387826,0.0,0.0,0.0,0.0,0
0.11764706,2.0,3.0,4.0,0.5,0.17474,0.45,0.2963,0.29671,0.0,0.0,0.5,0.0,1
0.11764706,1.0,3.0,4.0,0.368,0.001346901,0.023760894,0.10939526,0.05746707,0.0,0.0,0.0,0.0,0
0.0,1.0,3.0,4.0,0.33333334,0.26177,0.55,0.37037,0.3807,0.0,0.0,0.5,0.0,1
0.0,1.0,3.0,4.0,0.16666667,0.4547,0.575,0.33333,0.42589,0.0,0.0,0.5,0.0,2
0.05882353,2.0,3.0,4.0,0.8333333,0.20019,0.55,0.14815,0.25801,0.0,0.0,0.5,0.0,1
0.05882353,1.0,3.0,3.0,0.244,0.12201455,0.07546199,0.16710138,0.13227834,0.0,0.0,0.0,0.0,0
0.4117647,2.0,3.0,4.0,0.058,0.10825068,0.06706457,0.040648308,0.06674695,0.0,0.0,0.0,0.0,0
0.3529412,1.0,3.0,3.0,0.286,0.0,0.0,0.010555537,0.0049673114,0.0,0.0,0.0,0.0,0
0.9411765,1.0,1.0,5.0,0.506,0.07413666,0.09139412,0.0,0.043309398,0.0,0.0,0.0,0.0,0
0.0,2.0,3.0,4.0,0.33333334,0.2923,0.6,0.14815,0.29686,0.0,0.0,0.5,0.0,1
0.1764706,1.0,3.0,4.0,0.5,0.14063,0.575,0.03704,0.19409,0.0,0.0,0.5,0.0,0
0.3529412,1.0,3.0,3.0,0.184,0.04131552,0.016949525,0.07784864,0.052774403,0.0,0.0,0.0,0.0,0
0.0,1.0,3.0,4.0,0.6666667,0.26238,0.7,0.18519,0.32902,0.0,0.0,0.5,0.0,1
0.0,2.0,3.0,3.0,0.07,0.17303845,0.1194568,0.0,0.07900114,0.0,0.0,0.0,0.0,0
0.9411765,1.0,1.0,4.0,0.442,0.15196241,0.17134902,0.017615305,0.0933018,0.0,0.0,0.0,0.0,0
0.05882353,1.0,3.0,4.0,0.33333334,0.42054,0.475,0.33333,0.39231,0.0,0.0,0.5,0.0,1
0.1764706,1.0,3.0,4.0,0.33333334,0.20218,0.55,0.22222,0.29345,0.0,0.0,0.5,0.0,1
0.23529412,2.0,3.0,4.0,0.066,0.004410061,0.061429642,0.12398987,0.07409929,0.0,0.0,0.0,0.0,0
0.8235294,1.0,1.0,3.0,1.0,0.0761364,0.03230506,0.05844088,0.05749584,0.0,0.0,0.0,0.0,0
0.5882353,1.0,1.0,4.0,0.77,0.025488,0.128829,0.0,0.03780918,0.0,0.0,0.0,0.0,0
0.8235294,1.0,1.0,4.0,0.128,0.0,0.029847294,0.0,0.007022893,0.0,0.0,0.0,0.0,0
0.1764706,1.0,3.0,3.0,0.276,0.14366996,0.082838446,0.1022677,0.10987324,0.0,0.0,0.0,0.0,0
0.23529412,2.0,1.0,4.0,0.272,0.022437712,0.009538443,0.0238137,0.020050114,0.0,0.0,0.0,0.0,0
0.0,1.0,3.0,4.0,0.6666667,0.0191,0.55,0.0,0.13503,0.0,0.0,0.5,0.0,0
0.11764706,1.0,3.0,4.0,0.33333334,0.23665,0.825,0.22222,0.3683,0.0,0.0,0.5,0.0,1
0.1764706,2.0,3.0,4.0,0.5,0.2953,0.55,0.2963,0.3557,0.0,0.0,0.5,0.0,1
0.0,1.0,3.0,4.0,0.6666667,0.11344,0.575,0.22222,0.27324,0.0,0.0,0.5,0.0,0
0.1764706,2.0,3.0,3.0,0.248,0.0,0.046627834,0.043112207,0.031259354,0.0,0.0,0.0,0.0,0
0.47058824,1.0,3.0,3.0,0.368,0.03640228,0.11597653,0.07779117,0.07460276,0.0,0.0,0.0,0.0,0
0.1764706,2.0,3.0,4.0,0.8333333,0.21285,0.675,0.07407,0.25628,0.0,0.0,0.5,0.0,0
0.05882353,1.0,3.0,3.0,1.0,0.01895299,0.018678542,0.094392404,0.054389313,0.0,0.0,0.0,0.0,0
0.0,2.0,3.0,4.0,0.6666667,0.17879,0.675,0.48148,0.43799,0.0,0.0,0.5,0.0,1
0.29411766,2.0,3.0,4.0,0.6666667,0.61945,0.6,0.59259,0.60223,0.0,0.0,0.5,0.0,2
0.0,1.0,3.0,4.0,0.5,0.14041,0.6,0.07407,0.21733,0.0,0.0,0.5,0.0,0
0.8235294,2.0,1.0,4.0,0.368,0.11086672,0.03150266,0.15947263,0.11506619,0.0,0.0,0.0,0.0,0
0.0,2.0,3.0,4.0,0.33333334,0.65826,0.7,0.40741,0.55003,0.0,0.0,0.5,0.0,2
0.11764706,2.0,3.0,4.0,0.6666667,0.49728,0.625,0.33333,0.45018,0.0,0.0,0.5,0.0,2
0.1764706,2.0,3.0,4.0,0.5,0.32638,0.55,0.18519,0.31255,0.0,0.0,0.5,0.0,1
0.7647059,2.0,1.0,4.0,1.0,0.16288893,0.053093717,0.032773897,0.07582416,0.0,0.0,0.0,0.0,0
0.11764706,1.0,3.0,4.0,0.33333334,0.07345,0.575,0.0,0.1569,0.0,0.0,0.5,0.0,0
0.7647059,2.0,3.0,5.0,1.0,0.023872817,0.0,0.0,0.0070214164,0.0,0.0,0.0,0.0,0
0.05882353,2.0,3.0,3.0,0.05,0.04438872,0.12964295,0.06884419,0.075957,0.0,0.0,0.0,0.0,0
0.0,2.0,3.0,4.0,0.6666667,0.07733,0.55,0.25926,0.27416,0.0,0.0,0.5,0.0,0
0.11764706,2.0,3.0,4.0,0.8333333,0.32701,0.575,0.40741,0.42319,0.0,0.0,0.5,0.0,1
0.47058824,2.0,1.0,4.0,0.076,0.10350133,0.1260726,0.09848467,0.10645144,0.0,0.0,0.0,0.0,0
1.0,2.0,1.0,5.0,0.222,0.07366891,0.03395039,0.093325235,0.07357341,0.0,0.0,0.0,0.0,0
0.0,1.0,3.0,3.0,0.77,0.11736336,0.0,0.11532504,0.08878925,0.0,0.0,0.0,0.0,0
0.5882353,2.0,3.0,2.0,0.062,0.0,0.030931724,0.06845354,0.039491486,0.0,0.0,0.0,0.0,0
0.0,1.0,3.0,4.0,0.33333334,0.14526,0.45,0.0,0.14861,0.0,0.0,0.5,0.0,0
0.05882353,2.0,3.0,4.0,0.6666667,0.06505,0.55,0.18519,0.23569,0.0,0.0,0.5,0.0,0
0.11764706,2.0,3.0,3.0,0.368,0.04918698,0.0959123,0.061535,0.065992005,0.0,0.0,0.0,0.0,0
0.9411765,2.0,3.0,4.0,0.5,0.43316,0.7,0.51852,0.53611,0.0,0.0,0.5,0.0,2
0.47058824,2.0,1.0,4.0,0.368,0.03072619,0.06153872,0.08161787,0.06192522,0.0,0.0,0.0,0.0,0
0.1764706,1.0,3.0,4.0,0.216,0.074066356,0.043216377,0.048133988,0.054604072,0.0,0.0,0.0,0.0,0
0.8235294,1.0,3.0,5.0,1.0,0.0,0.0031636173,0.08884665,0.042554572,0.0,0.0,0.0,0.0,0
0.05882353,1.0,3.0,4.0,1.0,0.32097,0.5,0.14815,0.28177,0.0,0.0,0.5,0.0,1
1.0,2.0,2.0,5.0,0.116,0.06739548,0.018442592,0.13923422,0.089683615,0.0,0.0,0.0,0.0,0
0.11764706,1.0,3.0,4.0,0.6666667,0.09182,0.425,0.14815,0.19672,0.0,0.0,0.5,0.0,0
0.0,1.0,3.0,4.0,0.8333333,0.11608,0.6,0.25926,0.29732,0.0,0.0,0.5,0.0,0
0.23529412,1.0,3.0,4.0,0.8333333,0.36025,0.525,0.33333,0.38635,0.0,0.0,0.5,0.0,1
0.5882353,1.0,1.0,2.0,0.24,0.13212307,0.0,0.0,0.038859725,0.0,0.0,0.0,0.0,0
0.29411766,1.0,1.0,4.0,0.09,0.096280724,0.022305764,0.018342728,0.042198144,0.0,0.0,0.0,0.0,0
0.05882353,1.0,3.0,4.0,0.5,0.0,0.55,0.7037,0.46057,0.0,0.0,0.5,0.0,0
0.4117647,2.0,3.0,5.0,0.922,0.100170255,0.016311062,0.09933442,0.08004535,0.0,0.0,0.0,0.0,0
0.0,1.0,3.0,4.0,0.8333333,0.22311,0.55,0.22222,0.29961,0.0,0.0,0.5,0.0,1
0.0,2.0,3.0,4.0,0.5,0.5594,0.575,0.85185,0.7007,0.0,0.0,0.5,0.0,2
0.11764706,1.0,3.0,4.0,0.5,0.31475,0.7,0.44444,0.46643,0.0,0.0,0.5,0.0,1
0.05882353,1.0,3.0,4.0,0.16666667,0.05542,0.5,0.03704,0.15138,0.0,0.0,0.5,0.0,0
0.0,2.0,3.0,4.0,0.6666667,0.12882,0.475,0.25926,0.27166,0.0,0.0,0.5,0.0,0
0.4117647,1.0,1.0,3.0,0.02,0.14145344,0.05162045,0.056317326,0.080252215,0.0,0.0,0.0,0.0,0
0.23529412,2.0,3.0,3.0,0.202,0.08095,0.0,0.05790051,0.05105612,0.0,0.0,0.0,0.0,0
0.4117647,1.0,3.0,2.0,1.0,0.01939465,0.15498649,0.0809164,0.080250025,0.0,0.0,0.0,0.0,0
0.05882353,1.0,3.0,4.0,0.8333333,0.32855,0.625,0.14815,0.31341,0.0,0.0,0.5,0.0,1
0.05882353,1.0,3.0,4.0,0.5,0.12084,0.625,0.07407,0.21746,0.0,0.0,0.5,0.0,0
0.11764706,1.0,3.0,4.0,0.8333333,0.0,0.525,0.0,0.12353,0.0,0.0,0.5,0.0,0
0.11764706,2.0,3.0,4.0,1.0,0.48219,0.525,0.44444,0.4745,0.0,0.0,0.5,0.0,2
0.5294118,1.0,1.0,1.0,0.304,0.11519163,0.0,0.13084607,0.095454514,0.0,0.0,0.0,0.0,0
0.29411766,2.0,3.0,3.0,0.056,0.190599,0.22724994,0.17564377,0.192185,1.0,0.0,0.0,0.0,1
0.1764706,1.0,3.0,4.0,0.764,0.10166903,0.019232672,0.10931046,0.08586821,0.0,0.0,0.0,0.0,0
0.23529412,1.0,3.0,4.0,0.68,0.033634905,0.044527765,0.17515114,0.102793805,0.0,0.0,0.0,0.0,0
0.23529412,2.0,3.0,3.0,0.434,0.03169552,0.0,0.0,0.009322211,0.0,0.0,0.0,0.0,0
0.3529412,1.0,1.0,2.0,0.368,0.10822424,0.13244887,0.1894095,0.15212898,0.0,0.0,0.0,0.0,0
0.8235294,1.0,3.0,3.0,0.05,0.08964422,0.02880616,0.1097955,0.08481234,0.0,0.0,0.0,0.0,0
0.88235295,1.0,3.0,3.0,0.376,0.067551255,0.09705902,0.13403384,0.105780184,0.0,0.0,0.0,0.0,0
0.4117647,2.0,1.0,4.0,0.474,0.038777754,0.0443301,0.03968909,0.040513054,0.0,0.0,0.0,0.0,0
0.23529412,2.0,1.0,4.0,0.358,0.74015445,0.6429244,0.53307635,0.6198283,2.0,0.0,0.0,0.0,2
0.4117647,2.0,1.0,4.0,0.368,0.13783771,0.1456412,0.10415014,0.12382085,0.0,0.0,0.0,0.0,0
0.0,1.0,3.0,4.0,0.6666667,0.0,0.525,0.0,0.12353,0.0,0.0,0.5,0.0,0
0.05882353,2.0,3.0,4.0,0.33333334,0.40139,0.6,0.22222,0.36381,0.0,0.0,0.5,0.0,1
0.5294118,2.0,3.0,5.0,0.914,0.058525145,0.166387,0.09167218,0.09950301,0.0,0.0,0.0,0.0,0
0.5882353,2.0,3.0,4.0,0.206,0.1177111,0.08235595,0.082119055,0.092643045,0.0,0.0,0.0,0.0,0
0.23529412,1.0,3.0,3.0,0.636,0.07173044,0.07290031,0.11945132,0.09446259,0.0,0.0,0.0,0.0,0
0.11764706,1.0,3.0,4.0,0.6666667,0.17368,0.625,0.07407,0.233,0.0,0.0,0.5,0.0,1
0.05882353,1.0,3.0,3.0,0.402,0.0,0.0,0.01513048,0.007120226,0.0,0.0,0.0,0.0,0
0.0,2.0,3.0,4.0,0.33333334,0.0788,0.55,0.22222,0.25716,0.0,0.0,0.5,0.0,0
0.11764706,2.0,3.0,4.0,1.0,0.78216,0.55,0.37037,0.53375,0.0,0.0,0.5,0.0,2
0.1764706,2.0,3.0,4.0,0.5,0.34837,0.575,0.33333,0.39462,0.0,0.0,0.5,0.0,1
0.5294118,2.0,3.0,2.0,0.0,0.03846182,0.0,0.079824165,0.048876613,0.0,0.0,0.0,0.0,0
0.0,2.0,3.0,4.0,0.16666667,0.29812,0.625,0.37037,0.40903,0.0,0.0,0.5,0.0,1
0.23529412,2.0,3.0,4.0,0.368,0.015729252,0.07898082,0.02955527,0.037118334,0.0,0.0,0.0,0.0,0
0.05882353,2.0,3.0,4.0,0.8333333,0.07666,0.6,0.0,0.16372,0.0,0.0,0.5,0.0,0
0.1764706,1.0,3.0,4.0,0.8333333,0.33534,0.6,0.44444,0.44896,0.0,0.0,0.5,0.0,1
0.5882353,1.0,1.0,3.0,0.328,0.036071945,0.024508692,0.10082447,0.063822955,0.0,0.0,0.0,0.0,0
0.4117647,2.0,3.0,4.0,0.33333334,0.29912,0.65,0.44444,0.45007,0.0,0.0,0.5,0.0,1
0.0,2.0,3.0,4.0,0.8333333,0.39638,0.55,0.25926,0.368,0.0,0.0,0.5,0.0,1
0.0,2.0,3.0,4.0,0.8333333,0.30658,0.65,0.48148,0.46969,0.0,0.0,0.5,0.0,1
0.05882353,1.0,3.0,4.0,0.5,0.32436,0.65,0.25926,0.37035,0.0,0.0,0.5,0.0,1
0.05882353,2.0,3.0,3.0,0.156,0.13867939,0.0,0.07388099,0.07555558,0.0,0.0,0.0,0.0,0
0.8235294,1.0,2.0,3.0,0.082,0.023245843,0.0,0.0110474,0.012035789,0.0,0.0,0.0,0.0,0
0.9411765,2.0,1.0,4.0,0.096,0.15338857,0.20832953,0.1260202,0.15343663,0.0,0.0,0.0,0.0,0
0.23529412,2.0,3.0,4.0,0.6666667,0.75707,0.725,0.7037,0.72441,0.0,0.0,0.5,0.0,2
0.88235295,2.0,3.0,3.0,0.844,0.0031503283,0.10000325,0.055315807,0.050487712,0.0,0.0,0.0,0.0,0
0.05882353,2.0,3.0,4.0,0.8333333,0.08972,0.575,0.03704,0.17911,0.0,0.0,0.5,0.0,0
0.8235294,2.0,1.0,5.0,1.0,0.11102858,0.09069898,0.08648088,0.09469329,0.0,0.0,0.0,0.0,0
0.0,2.0,3.0,4.0,0.6666667,0.16944,0.575,0.22222,0.2897,0.0,0.0,0.5,0.0,0
0.47058824,2.0,3.0,5.0,0.65,0.16114846,0.113393284,0.11381351,0.12763667,0.0,0.0,0.0,0.0,0
0.05882353,2.0,3.0,4.0,0.6666667,0.70816,0.575,0.03704,0.36101,0.0,0.0,0.5,0.0,2
0.1764706,1.0,3.0,4.0,1.0,0.36065,0.6,0.11111,0.29954,0.0,0.0,0.5,0.0,1
0.23529412,2.0,3.0,4.0,1.0,0.0,0.5,0.03704,0.13508,0.0,0.0,0.5,0.0,0
0.11764706,1.0,3.0,4.0,0.68,0.024763647,0.036574714,0.035621505,0.032652304,0.0,0.0,0.0,0.0,0
0.05882353,1.0,3.0,3.0,0.194,0.13439746,0.091246136,0.03904219,0.07937114,0.0,0.0,0.0,0.0,0
0.23529412,2.0,3.0,4.0,0.6666667,0.18639,0.6,0.44444,0.40515,0.0,0.0,0.5,0.0,1
0.11764706,2.0,3.0,4.0,0.8333333,0.30015,0.55,0.2963,0.35713,0.0,0.0,0.5,0.0,1
0.3529412,1.0,2.0,3.0,0.26,0.019972172,0.014554155,0.10445172,0.058452427,0.0,0.0,0.0,0.0,0
0.11764706,2.0,3.0,4.0,0.16666667,0.09173,0.7,0.11111,0.24397,0.0,0.0,0.5,0.0,1
0.5882353,1.0,2.0,4.0,0.65,0.14522958,0.10573458,0.13738054,0.13224296,0.0,0.0,0.0,0.0,0
0.05882353,2.0,3.0,4.0,0.33333334,0.19346,0.625,0.18519,0.29111,0.0,0.0,0.5,0.0,1
0.8235294,2.0,1.0,5.0,1.0,0.02089067,0.09055501,0.08851311,0.069104604,0.0,0.0,0.0,0.0,0
0.8235294,1.0,3.0,2.0,0.34,0.08417751,0.017133206,0.0,0.028789433,0.0,0.0,0.0,0.0,0
0.11764706,1.0,3.0,4.0,0.33333334,0.20226,0.625,0.07407,0.2414,0.0,0.0,0.5,0.0,1
0.1764706,1.0,3.0,4.0,0.16666667,0.27433,0.5,0.18519,0.28548,0.0,0.0,0.5,0.0,0
0.3529412,2.0,1.0,4.0,0.412,0.20349015,0.074501775,0.06500224,0.107969165,0.0,0.0,0.0,0.0,0
0.1764706,1.0,3.0,4.0,0.5,0.10534,0.55,0.14815,0.23011,0.0,0.0,0.5,0.0,0
0.11764706,1.0,3.0,4.0,0.05,0.047433153,0.0019334538,0.13562873,0.07823114,0.0,0.0,0.0,0.0,0
0.11764706,1.0,3.0,4.0,0.8333333,0.46198,0.7,0.37037,0.47488,0.0,0.0,0.5,0.0,2
0.64705884,1.0,1.0,2.0,0.122,0.034278918,0.0177087,0.08929588,0.056270376,0.0,0.0,0.0,0.0,0
0.0,1.0,3.0,4.0,0.16666667,0.70521,0.75,0.44444,0.59304,0.0,0.0,0.5,0.0,2
0.3529412,2.0,1.0,1.0,0.082,0.0,0.026476877,0.0,0.0062298533,0.0,0.0,0.0,0.0,0
0.0,1.0,3.0,4.0,0.5,0.34792,0.625,0.22222,0.35396,0.0,0.0,0.5,0.0,1
0.23529412,1.0,3.0,4.0,0.462,0.0,0.09092573,0.08371783,0.06079092,0.0,0.0,0.0,0.0,0
0.0,1.0,3.0,4.0,0.16666667,0.80893,0.875,0.77778,0.80982,0.0,0.0,0.5,0.0,2
0.3529412,1.0,3.0,4.0,0.6666667,0.25945,0.65,0.48148,0.45583,0.0,0.0,0.5,0.0,1
0.7647059,2.0,1.0,5.0,0.828,0.044496246,0.03449531,0.06175033,0.050262652,0.0,0.0,0.0,0.0,0
0.29411766,1.0,3.0,5.0,0.56,0.15600836,0.1192942,0.20524314,0.17053905,0.0,0.0,0.0,0.0,0
0.4117647,2.0,1.0,4.0,0.21,0.0052693505,0.081183165,0.0,0.02065173,0.0,0.0,0.0,0.0,0
0.1764706,2.0,3.0,4.0,0.6666667,0.22222,0.65,0.33333,0.37516,0.0,0.0,0.5,0.0,1
0.3529412,1.0,3.0,3.0,0.34,0.0,0.01995516,0.0,0.0046953317,0.0,0.0,0.0,0.0,0
0.11764706,2.0,3.0,4.0,1.0,0.54805,0.575,0.55556,0.55792,0.0,0.0,0.5,0.0,2
0.11764706,1.0,3.0,4.0,1.0,0.12163,0.525,0.22222,0.26388,0.0,0.0,0.5,0.0,0
0.0,2.0,3.0,4.0,0.5,0.41217,0.7,0.51852,0.52994,0.0,0.0,0.5,0.0,1
0.7647059,2.0,1.0,4.0,0.334,0.23650438,0.07726925,0.16896002,0.1672517,0.0,0.0,0.0,0.0,0
0.11764706,2.0,3.0,4.0,0.8333333,0.15524,0.525,0.51852,0.4132,0.0,0.0,0.5,0.0,0
0.05882353,2.0,3.0,4.0,0.33333334,0.14743,0.575,0.0,0.17866,0.0,0.0,0.5,0.0,0
0.11764706,2.0,3.0,4.0,0.336,0.017306326,0.04303179,0.08587049,0.055624865,0.0,0.0,0.0,0.0,0
0.11764706,1.0,3.0,4.0,0.33333334,0.05534,0.525,0.03704,0.15723,0.0,0.0,0.5,0.0,0
0.4117647,1.0,1.0,4.0,0.982,0.0,0.01366111,0.01742645,0.011415061,0.0,0.0,0.0,0.0,0
0.11764706,1.0,3.0,4.0,0.5,0.0136,0.475,0.0,0.11576,0.0,0.0,0.5,0.0,0
0.23529412,1.0,3.0,3.0,0.636,0.031835124,0.123038925,0.118423864,0.09404249,0.0,0.0,0.0,0.0,0
0.88235295,1.0,3.0,4.0,0.244,0.14529492,0.02670696,0.011843354,0.054591134,0.0,0.0,0.0,0.0,0
0.11764706,1.0,3.0,4.0,0.33333334,0.03459,0.45,0.18519,0.2032,0.0,0.0,0.5,0.0,0
0.7058824,2.0,1.0,5.0,1.0,0.12983954,0.015339372,0.03008579,0.055955384,0.0,0.0,0.0,0.0,0
0.0,2.0,3.0,4.0,0.8333333,0.38917,0.525,0.18519,0.32514,0.0,0.0,0.5,0.0,1
0.9411765,1.0,1.0,2.0,0.132,0.09348308,0.117850445,0.14944206,0.12555023,0.0,0.0,0.0,0.0,0
0.0,1.0,3.0,4.0,0.6666667,0.34649,0.525,0.55556,0.48688,0.0,0.0,0.5,0.0,1
0.29411766,1.0,2.0,4.0,0.328,0.08252451,0.086481504,0.0,0.044620503,0.0,0.0,0.0,0.0,0
0.1764706,2.0,3.0,4.0,0.8333333,0.11172,0.7,0.2963,0.337,0.0,0.0,0.5,0.0,0
0.23529412,1.0,3.0,4.0,0.476,0.17254132,0.11766349,0.15429065,0.15104035,0.0,0.0,0.0,0.0,0
0.11764706,2.0,3.0,4.0,0.6666667,0.35223,0.625,0.18519,0.3378,0.0,0.0,0.5,0.0,1
0.0,1.0,3.0,4.0,0.5,0.21873,0.6,0.40741,0.39723,0.0,0.0,0.5,0.0,0
1.0,2.0,1.0,4.0,0.622,0.07778254,0.1549593,0.15266782,0.13118191,0.0,0.0,0.0,0.0,0
0.23529412,1.0,3.0,4.0,0.5,0.12519,0.5,0.14815,0.22418,0.0,0.0,0.5,0.0,0
0.23529412,2.0,3.0,4.0,0.8333333,0.40266,0.525,0.33333,0.39882,0.0,0.0,0.5,0.0,2
0.05882353,1.0,3.0,4.0,0.8333333,0.10891,0.45,0.07407,0.17277,0.0,0.0,0.5,0.0,0
0.11764706,2.0,3.0,4.0,0.5,0.14239,0.6,0.18519,0.2702,0.0,0.0,0.5,0.0,0
0.23529412,2.0,3.0,4.0,0.5,0.46437,0.575,0.44444,0.48103,0.0,0.0,0.5,0.0,2
0.3529412,2.0,1.0,4.0,0.252,0.00412455,0.0,0.07823864,0.038031287,0.0,0.0,0.0,0.0,0
0.05882353,2.0,3.0,3.0,0.16,0.056517344,0.0,0.0025716745,0.017832948,0.0,0.0,0.0,0.0,0
0.4117647,1.0,3.0,4.0,0.328,0.091414094,0.05593087,0.015749732,0.047458343,0.0,0.0,0.0,0.0,0
0.05882353,2.0,3.0,4.0,1.0,0.17852,0.75,0.2963,0.36841,0.0,0.0,0.5,0.0,1
0.64705884,2.0,3.0,4.0,0.578,0.0,0.0037388394,0.02353248,0.011953834,0.0,0.0,0.0,0.0,0
0.11764706,1.0,3.0,4.0,0.33333334,0.09278,0.625,0.14815,0.24406,0.0,0.0,0.5,0.0,0
0.05882353,2.0,3.0,4.0,0.8333333,0.63049,0.575,0.51852,0.56474,0.0,0.0,0.5,0.0,2
0.05882353,1.0,3.0,4.0,0.5,0.79348,0.625,0.48148,0.60701,0.0,0.0,0.5,0.0,2
0.7058824,2.0,3.0,4.0,0.376,0.120674126,0.0890222,0.05137865,0.08061697,0.0,0.0,0.0,0.0,0
0.0,1.0,3.0,4.0,0.6666667,0.16185,0.625,0.11111,0.24695,0.0,0.0,0.5,0.0,0
0.5294118,1.0,1.0,4.0,0.146,0.31652912,0.20750457,0.17421378,0.22390436,1.0,0.0,0.0,0.0,1
0.9411765,2.0,3.0,1.0,0.368,0.0,0.00024974445,0.028707528,0.013568189,0.0,0.0,0.0,0.0,0
0.5882353,2.0,1.0,4.0,0.71,0.04492295,0.09533403,0.067799225,0.06754969,0.0,0.0,0.0,0.0,0
0.0,1.0,3.0,4.0,0.6666667,0.52468,0.625,0.66667,0.6151,0.0,0.0,0.5,0.0,2
0.0,2.0,3.0,4.0,0.33333334,0.69813,0.75,0.22222,0.48638,0.0,0.0,0.5,0.0,2
0.5882353,2.0,1.0,5.0,0.868,0.07141585,0.1173583,0.09797392,0.09472375,0.0,0.0,0.0,0.0,0
0.47058824,1.0,1.0,4.0,0.414,0.0,0.04500641,0.08893781,0.05244283,0.0,0.0,0.0,0.0,0
0.8235294,2.0,3.0,3.0,0.244,0.19309962,0.15378949,0.08924014,0.13497514,0.0,0.0,0.0,0.0,0
0.7647059,2.0,1.0,5.0,0.576,0.07754214,0.055745523,0.09490539,0.08058447,0.0,0.0,0.0,0.0,0
0.05882353,2.0,3.0,4.0,0.8333333,0.46375,0.625,0.66667,0.59718,0.0,0.0,0.5,0.0,1
0.05882353,1.0,3.0,3.0,0.458,0.11872714,0.06746965,0.09637153,0.09614627,0.0,0.0,0.0,0.0,0
0.23529412,2.0,3.0,4.0,0.5,0.62361,0.625,0.59259,0.60934,0.0,0.0,0.5,0.0,2
0.0,1.0,3.0,4.0,0.8333333,0.32632,0.475,0.33333,0.3646,0.0,0.0,0.5,0.0,1
0.0,2.0,3.0,4.0,0.16666667,0.43888,0.675,0.33333,0.44477,0.0,0.0,0.5,0.0,2
0.05882353,1.0,3.0,4.0,0.5,0.16286,0.525,0.25926,0.29343,0.0,0.0,0.5,0.0,0
0.0,2.0,3.0,4.0,0.33333334,0.24139,0.675,0.33333,0.38668,0.0,0.0,0.5,0.0,1
0.0,1.0,3.0,3.0,0.274,0.07473069,0.09377822,0.0,0.04404508,0.0,0.0,0.0,0.0,0
0.11764706,2.0,3.0,4.0,0.16666667,0.53315,0.55,0.2963,0.42565,0.0,0.0,0.5,0.0,2
0.1764706,1.0,1.0,4.0,0.426,0.13197076,0.07793599,0.17588824,0.13992375,0.0,0.0,0.0,0.0,0
0.11764706,1.0,3.0,4.0,1.0,0.11555,0.525,0.40741,0.34924,0.0,0.0,0.5,0.0,0
0.1764706,2.0,3.0,4.0,1.0,0.42481,0.5,0.22222,0.34717,0.0,0.0,0.5,0.0,1
0.05882353,1.0,3.0,3.0,0.368,0.0,0.14361483,0.03117289,0.04846132,0.0,0.0,0.0,0.0,0
0.23529412,1.0,3.0,2.0,0.776,0.02231359,0.097130366,0.001356014,0.030055149,0.0,0.0,0.0,0.0,0
0.3529412,2.0,2.0,4.0,0.368,0.088799514,0.07179411,0.06990721,0.075907744,0.0,0.0,0.0,0.0,0
0.05882353,2.0,3.0,4.0,0.8333333,0.43671,0.6,0.37037,0.44391,0.0,0.0,0.5,0.0,2
0.5294118,1.0,3.0,4.0,0.5,0.26714,0.525,0.18519,0.28924,0.0,0.0,0.5,0.0,0
0.0,2.0,3.0,3.0,0.92,0.116028845,0.04140652,0.03288634,0.059344765,0.0,0.0,0.0,0.0,0
0.7647059,2.0,1.0,5.0,0.32,0.075243846,0.12669367,0.081711404,0.09039324,0.0,0.0,0.0,0.0,0
0.0,1.0,3.0,3.0,0.962,0.05556537,0.14268413,0.10873359,0.10108424,0.0,0.0,0.0,0.0,0
0.05882353,2.0,3.0,3.0,0.282,0.0,0.0,0.097544946,0.045903504,0.0,0.0,0.0,0.0,0
0.0,1.0,3.0,4.0,0.5,0.21967,0.575,0.2963,0.33934,0.0,0.0,0.5,0.0,0
0.4117647,2.0,1.0,3.0,0.382,0.015075992,0.16750094,0.091947004,0.08711528,0.0,0.0,0.0,0.0,0
0.23529412,1.0,3.0,4.0,0.8333333,0.12328,0.55,0.0,0.16567,0.0,0.0,0.5,0.0,0
0.9411765,2.0,1.0,5.0,0.956,0.0,0.0,0.0042924057,0.0020199555,0.0,0.0,0.0,0.0,0
0.05882353,2.0,3.0,4.0,0.33333334,0.04106,0.575,0.18519,0.23452,0.0,0.0,0.5,0.0,0
0.1764706,1.0,3.0,4.0,0.5,0.40379,0.6,0.22222,0.36451,0.0,0.0,0.5,0.0,1
0.0,1.0,3.0,3.0,1.0,0.0,0.014239193,0.037852664,0.021163417,0.0,0.0,0.0,0.0,0
0.11764706,2.0,3.0,4.0,1.0,0.21683,0.625,0.18519,0.29798,0.0,0.0,0.5,0.0,1
0.11764706,1.0,3.0,4.0,0.5,0.5681,0.6,0.74074,0.65685,0.0,0.0,0.5,0.0,2
0.5294118,1.0,1.0,4.0,0.284,0.0,0.068534724,0.0042470554,0.018124431,0.0,0.0,0.0,0.0,0
0.1764706,1.0,3.0,4.0,0.8333333,0.32774,0.65,0.14815,0.31905,0.0,0.0,0.5,0.0,1
0.11764706,2.0,3.0,4.0,0.6666667,0.41337,0.575,0.44444,0.46602,0.0,0.0,0.5,0.0,2
0.7058824,2.0,1.0,4.0,0.334,0.10918232,0.04313264,0.095884286,0.08738332,0.0,0.0,0.0,0.0,0
0.05882353,1.0,3.0,4.0,0.8333333,0.10821,0.55,0.07407,0.1961,0.0,0.0,0.5,0.0,0
0.11764706,2.0,3.0,4.0,0.6666667,0.36028,0.575,0.22222,0.34583,0.0,0.0,0.5,0.0,1
0.5882353,2.0,1.0,4.0,0.61,0.03396038,0.12341127,0.11864469,0.094859086,0.0,0.0,0.0,0.0,0
0.5882353,1.0,3.0,5.0,0.32,0.08120467,0.06296954,0.14015213,0.10465403,0.0,0.0,0.0,0.0,0
1.0,2.0,1.0,3.0,0.818,0.013034321,0.028267521,0.01703597,0.018501732,0.0,0.0,0.0,0.0,0
0.47058824,1.0,1.0,3.0,0.368,0.23927906,0.15055192,0.11918889,0.16188906,0.0,0.0,0.0,0.0,0
0.0,1.0,3.0,4.0,0.8333333,0.08232,0.525,0.03704,0.16517,0.0,0.0,0.5,0.0,0
0.1764706,1.0,3.0,4.0,0.6666667,0.69736,0.625,0.51852,0.59617,0.0,0.0,0.5,0.0,2
0.05882353,2.0,3.0,4.0,0.8333333,0.35276,0.6,0.25926,0.36693,0.0,0.0,0.5,0.0,1
0.29411766,2.0,3.0,4.0,0.33333334,0.50776,0.675,0.59259,0.58703,0.0,0.0,0.5,0.0,2
0.88235295,1.0,3.0,3.0,0.036,0.0,0.0,0.069322035,0.032622132,0.0,0.0,0.0,0.0,0
0.3529412,2.0,3.0,4.0,0.8333333,0.30146,0.5,0.33333,0.36317,0.0,0.0,0.5,0.0,1
0.0,1.0,3.0,3.0,0.082,0.033841792,0.041624717,0.027353944,0.032619964,0.0,0.0,0.0,0.0,0
0.1764706,2.0,3.0,4.0,1.0,0.24436,0.5,0.0,0.18952,0.0,0.0,0.5,0.0,1
0.7058824,2.0,1.0,5.0,1.0,0.17853825,0.07407822,0.0985336,0.11631017,0.0,0.0,0.0,0.0,0
0.05882353,2.0,3.0,4.0,0.8333333,0.41648,0.575,0.14815,0.32751,0.0,0.0,0.5,0.0,1
0.29411766,2.0,1.0,2.0,0.084,0.07370455,0.13445453,0.0107668005,0.058380894,0.0,0.0,0.0,0.0,0
0.0,1.0,3.0,3.0,0.34,0.15455446,0.10934256,0.100257285,0.11836475,0.0,0.0,0.0,0.0,0
0.05882353,1.0,3.0,3.0,0.392,0.052060034,0.0,0.03534247,0.031943526,0.0,0.0,0.0,0.0,0
0.05882353,2.0,3.0,4.0,0.33333334,0.30249,0.5,0.22222,0.31119,0.0,0.0,0.5,0.0,1
0.29411766,1.0,1.0,4.0,0.2,0.03192749,0.07040683,0.05743218,0.05298366,0.0,0.0,0.0,0.0,0
0.29411766,2.0,1.0,4.0,0.22,0.056454863,0.072170556,0.12157842,0.09079905,0.0,0.0,0.0,0.0,0
0.05882353,2.0,3.0,4.0,0.33333334,0.0,0.325,0.0,0.07647,0.0,0.0,0.5,0.0,0
0.1764706,2.0,3.0,4.0,0.8333333,0.26363,0.65,0.11111,0.28277,0.0,0.0,0.5,0.0,1
0.5294118,2.0,3.0,4.0,0.61,0.14895785,0.27634868,0.18934467,0.19793773,0.0,0.0,0.0,0.0,0
0.88235295,2.0,1.0,2.0,0.204,0.086760074,0.079192095,0.040327564,0.063128784,0.0,0.0,0.0,0.0,0
0.47058824,2.0,3.0,4.0,0.8333333,0.44436,0.575,0.37037,0.44028,0.0,0.0,0.5,0.0,1
0.11764706,2.0,3.0,4.0,0.272,0.131955,0.17847797,0.18476121,0.16775157,0.0,0.0,0.0,0.0,0
0.8235294,1.0,3.0,5.0,1.0,0.04215348,0.05378734,0.004290874,0.027073162,0.0,0.0,0.0,0.0,0
0.05882353,1.0,3.0,4.0,0.16666667,0.27588,0.425,0.18519,0.26829,0.0,0.0,0.5,0.0,1
0.29411766,2.0,3.0,4.0,0.6666667,0.24001,0.575,0.11111,0.25817,0.0,0.0,0.5,0.0,1
0.05882353,2.0,3.0,4.0,0.5,0.51516,0.675,0.40741,0.50206,0.0,0.0,0.5,0.0,2
0.23529412,2.0,3.0,4.0,0.6666667,0.73226,0.625,0.51852,0.60644,0.0,0.0,0.5,0.0,2
0.1764706,2.0,3.0,4.0,0.33333334,0.27152,0.625,0.77778,0.59293,0.0,0.0,0.5,0.0,1
0.8235294,2.0,1.0,3.0,0.348,0.0,0.03232849,0.074801296,0.042807315,0.0,0.0,0.0,0.0,0
0.88235295,2.0,3.0,3.0,0.116,0.076733716,0.07842339,0.16603701,0.11915637,0.0,0.0,0.0,0.0,0
0.7058824,2.0,1.0,4.0,0.378,0.16366911,0.14385176,0.09159752,0.12509017,0.0,0.0,0.0,0.0,0
0.29411766,2.0,3.0,4.0,1.0,0.01978,0.75,0.14815,0.25201,0.0,0.0,0.5,0.0,0
0.11764706,2.0,3.0,4.0,0.8333333,0.35616,0.7,0.2963,0.40889,0.0,0.0,0.5,0.0,2
0.1764706,2.0,3.0,5.0,1.0,0.11369131,0.13114968,0.108828686,0.115510866,0.0,0.0,0.0,0.0,0
0.11764706,1.0,3.0,4.0,0.8333333,0.17839,0.525,0.14815,0.24571,0.0,0.0,0.5,0.0,1
0.05882353,1.0,3.0,4.0,0.8333333,0.05248,0.425,0.0,0.11544,0.0,0.0,0.5,0.0,0
0.5882353,1.0,1.0,5.0,1.0,0.09635307,0.15180689,0.020193495,0.07356123,0.0,0.0,0.0,0.0,0
0.47058824,1.0,3.0,5.0,1.0,0.09708646,0.013689799,0.08201967,0.07037347,0.0,0.0,0.0,0.0,0
1.0,1.0,2.0,2.0,0.22,0.20209694,0.05286965,0.15988274,0.14711913,0.0,0.0,0.0,0.0,0
0.0,1.0,3.0,3.0,0.002,0.048534874,0.086578004,0.077266574,0.071007,0.0,0.0,0.0,0.0,0
0.1764706,2.0,3.0,4.0,0.33333334,0.34964,0.65,0.22222,0.36035,0.0,0.0,0.5,0.0,1
0.64705884,2.0,3.0,3.0,0.25,0.0840448,0.064213246,0.003296365,0.041379288,0.0,0.0,0.0,0.0,0
0.11764706,2.0,3.0,4.0,0.094,0.07563805,0.04400041,0.06403211,0.06273228,0.0,0.0,0.0,0.0,0
0.23529412,2.0,1.0,4.0,0.564,0.035642926,0.052991897,0.1050165,0.07237142,0.0,0.0,0.0,0.0,0
0.3529412,2.0,3.0,4.0,0.8333333,0.57635,0.6,0.44444,0.51984,0.0,0.0,0.5,0.0,2
0.47058824,2.0,3.0,5.0,0.664,0.0,0.08256255,0.04717343,0.041625742,0.0,0.0,0.0,0.0,0
0.0,1.0,3.0,3.0,0.368,0.042672202,0.07706732,0.06761879,0.06250474,0.0,0.0,0.0,0.0,0
0.64705884,2.0,3.0,2.0,0.368,0.1903727,0.045685533,0.02767309,0.079764135,0.0,0.0,0.0,0.0,0
0.64705884,2.0,2.0,5.0,0.626,0.07983718,0.1369646,0.0850562,0.09573493,0.0,0.0,0.0,0.0,0
0.5882353,1.0,1.0,4.0,0.368,0.13691923,0.10829812,0.094439805,0.110194534,0.0,0.0,0.0,0.0,0
0.7647059,1.0,1.0,5.0,0.486,0.041307595,0.09467577,0.06268208,0.063923396,0.0,0.0,0.0,0.0,0
0.0,2.0,3.0,4.0,0.6666667,0.10586,0.55,0.07407,0.19541,0.0,0.0,0.5,0.0,0
0.9411765,1.0,1.0,3.0,0.368,0.054981984,0.07813119,0.11168367,0.087112,0.0,0.0,0.0,0.0,0
0.11764706,1.0,3.0,4.0,0.33333334,0.09101,0.475,0.07407,0.17339,0.0,0.0,0.5,0.0,0
0.5294118,2.0,3.0,4.0,0.296,0.017031606,0.0,0.025166173,0.0168522,0.0,0.0,0.0,0.0,0
0.5882353,1.0,3.0,3.0,0.326,0.102992184,0.07712929,0.0,0.048439886,0.0,0.0,0.0,0.0,0
0.05882353,2.0,3.0,4.0,0.6666667,0.1363,0.675,0.14815,0.26863,0.0,0.0,0.5,0.0,0
0.05882353,1.0,3.0,4.0,0.8333333,0.32779,0.5,0.22222,0.31863,0.0,0.0,0.5,0.0,1
0.5294118,2.0,1.0,5.0,0.784,0.19324693,0.09069273,0.10976117,0.12982911,0.0,0.0,0.0,0.0,0
0.9411765,2.0,1.0,5.0,1.0,0.0050962945,0.0,0.016584828,0.009303535,0.0,0.0,0.0,0.0,0
0.11764706,1.0,1.0,2.0,0.21,0.10620571,0.10780928,0.061290104,0.08544627,0.0,0.0,0.0,0.0,0
0.05882353,1.0,3.0,4.0,0.6666667,0.4921,0.55,0.55556,0.53558,0.0,0.0,0.5,0.0,2
0.5882353,2.0,3.0,4.0,0.132,0.04242273,0.12064684,0.09001695,0.08322568,0.0,0.0,0.0,0.0,0
0.0,1.0,3.0,3.0,0.0,0.22285022,0.22166908,0.24825583,0.23452789,1.0,0.0,0.0,0.0,1
0.4117647,1.0,3.0,4.0,0.5,0.53887,0.6,0.33333,0.45653,0.0,0.0,0.5,0.0,2
0.8235294,1.0,3.0,3.0,0.396,0.079342924,0.13030106,0.13417558,0.11713667,0.0,0.0,0.0,0.0,0
0.0,2.0,3.0,3.0,0.552,0.04735343,0.08945636,0.11680835,0.08994467,0.0,0.0,0.0,0.0,0
0.11764706,1.0,3.0,4.0,0.8333333,0.11543,0.5,0.0,0.1516,0.0,0.0,0.5,0.0,0
0.11764706,2.0,3.0,4.0,0.5,0.0,0.475,0.07407,0.14662,0.0,0.0,0.5,0.0,0
0.47058824,2.0,3.0,5.0,0.412,0.13127619,0.06882606,0.09298773,0.09856394,0.0,0.0,0.0,0.0,0
0.47058824,1.0,1.0,4.0,0.51,0.058297105,0.0,0.0,0.017146207,0.0,0.0,0.0,0.0,0
0.29411766,1.0,3.0,4.0,0.6666667,0.48843,0.675,0.25926,0.42448,0.0,0.0,0.5,0.0,2
0.1764706,2.0,3.0,4.0,0.5,0.23828,0.625,0.25926,0.33915,0.0,0.0,0.5,0.0,1
0.1764706,1.0,3.0,4.0,0.5,0.02923,0.575,0.11111,0.19618,0.0,0.0,0.5,0.0,0
0.23529412,2.0,3.0,4.0,0.8333333,0.63003,0.75,0.48148,0.58835,0.0,0.0,0.5,0.0,2
0.64705884,1.0,3.0,4.0,0.6666667,0.12839,0.55,0.25926,0.28918,0.0,0.0,0.5,0.0,0
0.0,1.0,3.0,4.0,0.8333333,0.51009,0.65,0.33333,0.45983,0.0,0.0,0.5,0.0,2
0.1764706,1.0,3.0,4.0,0.6666667,0.30864,0.575,0.14815,0.29579,0.0,0.0,0.5,0.0,1
0.29411766,1.0,3.0,4.0,0.592,0.0,0.04461867,0.037824336,0.028298197,0.0,0.0,0.0,0.0,0
0.3529412,1.0,3.0,4.0,0.368,0.09965958,0.04318627,0.06306226,0.06914947,0.0,0.0,0.0,0.0,0
0.5882353,2.0,1.0,5.0,0.538,0.06833812,0.08473825,0.069110885,0.07256062,0.0,0.0,0.0,0.0,0
0.0,1.0,3.0,4.0,1.0,0.3305,0.5,0.2963,0.35429,0.0,0.0,0.5,0.0,1
0.88235295,2.0,1.0,5.0,1.0,0.00312717,0.011752578,0.0,0.0036850683,0.0,0.0,0.0,0.0,0
0.8235294,2.0,3.0,2.0,0.236,0.077983744,0.021217382,0.070218824,0.060972877,0.0,0.0,0.0,0.0,0
0.11764706,2.0,3.0,4.0,0.5,0.28264,0.7,0.18519,0.33498,0.0,0.0,0.5,0.0,1
1.0,2.0,3.0,4.0,0.26,0.08030387,0.18577509,0.1821342,0.15304078,0.0,0.0,0.0,0.0,0
0.4117647,2.0,3.0,4.0,0.188,0.08759045,0.1715879,0.09247924,0.109655164,0.0,0.0,0.0,0.0,0
0.23529412,1.0,3.0,3.0,0.344,0.13125364,0.0,0.061170164,0.06738997,0.0,0.0,0.0,0.0,0
0.0,1.0,3.0,4.0,0.5,0.70122,0.85,0.62963,0.70254,0.0,0.0,0.5,0.0,2
0.23529412,2.0,3.0,4.0,0.6666667,0.68813,0.625,0.59259,0.62832,0.0,0.0,0.5,0.0,2
0.05882353,2.0,3.0,4.0,0.6666667,0.47856,0.675,0.48148,0.52616,0.0,0.0,0.5,0.0,2
0.0,2.0,3.0,4.0,1.0,0.24007,0.625,0.07407,0.25253,0.0,0.0,0.5,0.0,1
0.9411765,1.0,1.0,3.0,0.368,0.03331912,0.0,0.024477698,0.021318657,0.0,0.0,0.0,0.0,0
0.5882353,1.0,3.0,3.0,0.71,0.05993492,0.0646564,0.047926374,0.055394776,0.0,0.0,0.0,0.0,0
0.7058824,2.0,1.0,4.0,0.486,0.07614709,0.106969744,0.07042384,0.08070619,0.0,0.0,0.0,0.0,0
0.05882353,1.0,3.0,4.0,0.33333334,0.77162,0.7,0.55556,0.65309,0.0,0.0,0.5,0.0,2
0.7647059,2.0,3.0,5.0,0.368,0.20281737,0.10273273,0.13832496,0.14891867,0.0,0.0,0.0,0.0,0
0.64705884,1.0,1.0,3.0,0.368,0.10210161,0.14586645,0.0744774,0.09939959,0.0,0.0,0.0,0.0,0
0.0,2.0,3.0,4.0,0.5,0.22767,0.625,0.25926,0.33603,0.0,0.0,0.5,0.0,1
0.05882353,2.0,3.0,4.0,0.16666667,0.45974,0.6,0.55556,0.53783,0.0,0.0,0.5,0.0,2
0.1764706,2.0,3.0,4.0,0.33333334,0.20542,0.7,0.33333,0.38199,0.0,0.0,0.5,0.0,1
0.7058824,1.0,3.0,4.0,0.578,0.62742347,0.5505152,0.6216193,0.606596,2.0,0.0,0.0,0.0,2
0.11764706,2.0,3.0,4.0,0.33333334,0.44698,0.65,0.81481,0.66785,0.0,0.0,0.5,0.0,2
0.1764706,2.0,3.0,3.0,0.652,0.085883625,0.052601904,0.11904473,0.09365786,0.0,0.0,0.0,0.0,0
0.0,2.0,3.0,4.0,0.8333333,0.13054,0.575,0.14815,0.2434,0.0,0.0,0.5,0.0,0
0.11764706,1.0,3.0,4.0,0.5,0.54209,0.65,0.55556,0.57382,0.0,0.0,0.5,0.0,2
0.4117647,2.0,3.0,4.0,0.8333333,0.55956,0.6,0.7037,0.63691,0.0,0.0,0.5,0.0,2
0.1764706,1.0,3.0,4.0,0.6666667,0.19874,0.625,0.25926,0.32752,0.0,0.0,0.5,0.0,1
0.4117647,1.0,3.0,4.0,0.6666667,0.11712,0.425,0.44444,0.3436,0.0,0.0,0.5,0.0,0
0.23529412,2.0,3.0,5.0,0.368,0.17291102,0.12904994,0.07226611,0.11522845,0.0,0.0,0.0,0.0,0
0.23529412,1.0,1.0,3.0,0.368,0.025894219,0.0,0.11339252,0.06097713,0.0,0.0,0.0,0.0,0
1.0,2.0,1.0,3.0,0.482,0.15811674,0.06910899,0.0977305,0.10875669,0.0,0.0,0.0,0.0,0
1.0,1.0,1.0,5.0,0.73,0.44207636,0.3948256,0.31942236,0.373239,1.0,0.0,0.0,0.0,1
0.64705884,1.0,1.0,4.0,0.4,0.15941215,0.07993884,0.048588358,0.08856017,0.0,0.0,0.0,0.0,0
0.23529412,1.0,3.0,4.0,1.0,0.28018,0.625,0.03704,0.24689,0.0,0.0,0.5,0.0,1
0.11764706,2.0,3.0,2.0,0.664,0.0,0.034536887,0.12190898,0.06549526,0.0,0.0,0.0,0.0,0
0.0,1.0,3.0,3.0,1.0,0.0,0.062085353,0.0068569267,0.017835109,0.0,0.0,0.0,0.0,0
0.23529412,1.0,3.0,4.0,0.5,0.17041,0.5,0.14815,0.23749,0.0,0.0,0.5,0.0,1
0.1764706,1.0,3.0,4.0,1.0,0.09404,0.55,0.11111,0.20936,0.0,0.0,0.5,0.0,0
0.7058824,2.0,3.0,4.0,0.824,0.06322034,0.0,0.0,0.018594217,0.0,0.0,0.0,0.0,0
0.47058824,1.0,1.0,4.0,0.51,0.0847192,0.044988405,0.102285266,0.08363716,0.0,0.0,0.0,0.0,0
0.0,1.0,3.0,3.0,0.214,0.04012192,0.0,0.0373948,0.029398117,0.0,0.0,0.0,0.0,0
0.29411766,1.0,3.0,3.0,0.458,0.054704573,0.053361654,0.019327166,0.0377404,0.0,0.0,0.0,0.0,0
0.1764706,1.0,1.0,3.0,0.238,0.0,0.0,0.10425411,0.04906076,0.0,0.0,0.0,0.0,0
0.1764706,2.0,3.0,4.0,0.33333334,0.30861,0.55,0.2963,0.35961,0.0,0.0,0.5,0.0,1
0.11764706,1.0,3.0,4.0,0.6666667,0.53272,0.7,0.2963,0.46082,0.0,0.0,0.5,0.0,2
0.0,1.0,3.0,3.0,0.084,0.06758498,0.027062435,0.041098602,0.045586083,0.0,0.0,0.0,0.0,0
0.23529412,2.0,3.0,4.0,0.33333334,0.16104,0.5,0.0,0.16501,0.0,0.0,0.5,0.0,0
0.05882353,2.0,3.0,3.0,0.074,0.15782952,0.11464785,0.103473276,0.12208972,0.0,0.0,0.0,0.0,0
0.05882353,2.0,3.0,4.0,0.33333334,0.24857,0.65,0.18519,0.3132,0.0,0.0,0.5,0.0,1
0.0,2.0,3.0,4.0,0.5,0.869,0.625,0.59259,0.68151,0.0,0.0,0.5,0.0,2
0.05882353,1.0,3.0,4.0,0.33333334,0.33064,0.725,0.40741,0.45956,0.0,0.0,0.5,0.0,1
0.4117647,1.0,3.0,4.0,0.6666667,0.29648,0.675,0.18519,0.33317,0.0,0.0,0.5,0.0,1
0.7647059,2.0,1.0,2.0,0.286,0.0395403,0.028511936,0.09421307,0.06267375,0.0,0.0,0.0,0.0,0
0.05882353,2.0,3.0,4.0,0.33333334,0.64115,0.775,0.85185,0.7718,0.0,0.0,0.5,0.0,2
0.0,1.0,3.0,4.0,0.6666667,0.27983,0.575,0.22222,0.32217,0.0,0.0,0.5,0.0,1
0.1764706,2.0,3.0,4.0,0.5,0.01383,0.575,0.0,0.13936,0.0,0.0,0.5,0.0,0
0.5882353,2.0,1.0,5.0,1.0,0.0,0.0,0.0,0.0,0.0,0.0,0.0,0.0,0
0.23529412,2.0,3.0,4.0,0.16666667,0.4473,0.75,0.44444,0.51718,0.0,0.0,0.5,0.0,2
0.0,1.0,3.0,3.0,0.598,0.018901985,0.0,0.086565375,0.046296056,0.0,0.0,0.0,0.0,0
0.29411766,2.0,3.0,4.0,0.8333333,0.34198,0.475,0.33333,0.36921,0.0,0.0,0.5,0.0,1
0.05882353,1.0,3.0,4.0,0.6666667,0.40363,0.625,0.25926,0.38778,0.0,0.0,0.5,0.0,2
1.0,2.0,3.0,4.0,0.34,0.09364127,0.10124475,0.036234606,0.068415426,0.0,0.0,0.0,0.0,0
0.0,2.0,3.0,4.0,0.33333334,0.80549,0.725,0.62963,0.70379,0.0,0.0,0.5,0.0,2
1.0,1.0,1.0,4.0,0.416,0.113368124,0.06444294,0.10119791,0.09612916,0.0,0.0,0.0,0.0,0
0.88235295,1.0,1.0,5.0,0.732,0.0,0.07288084,0.060650405,0.0456898,0.0,0.0,0.0,0.0,0
0.0,1.0,3.0,4.0,0.6666667,0.10322,0.65,0.14815,0.25302,0.0,0.0,0.5,0.0,0
0.1764706,2.0,3.0,4.0,0.6666667,0.16085,0.575,0.18519,0.26975,0.0,0.0,0.5,0.0,0
0.29411766,1.0,3.0,4.0,0.33333334,0.20852,0.5,0.2963,0.31841,0.0,0.0,0.5,0.0,1
0.4117647,1.0,3.0,4.0,1.0,0.25125,0.625,0.33333,0.37782,0.0,0.0,0.5,0.0,1
0.23529412,1.0,3.0,3.0,0.376,0.016969495,0.07760681,0.09757256,0.06916795,0.0,0.0,0.0,0.0,0
0.11764706,2.0,3.0,4.0,0.33333334,0.76526,0.65,0.88889,0.79632,0.0,0.0,0.5,0.0,2
0.05882353,2.0,3.0,4.0,0.6666667,0.10372,0.575,0.11111,0.21809,0.0,0.0,0.5,0.0,0
0.7647059,1.0,2.0,3.0,0.912,0.08222435,0.09243306,0.10906779,0.097258605,0.0,0.0,0.0,0.0,0
0.1764706,1.0,3.0,4.0,0.8333333,0.20308,0.525,0.33333,0.34012,0.0,0.0,0.5,0.0,1
0.29411766,1.0,3.0,4.0,0.192,0.18421972,0.051904324,0.0934621,0.11037722,0.0,0.0,0.0,0.0,0
0.3529412,2.0,3.0,5.0,0.368,0.04553004,0.028113646,0.0,0.020006163,0.0,0.0,0.0,0.0,0
0.9411765,1.0,3.0,5.0,0.912,0.1539068,0.14947349,0.061166964,0.10922139,0.0,0.0,0.0,0.0,0
0.5294118,1.0,1.0,2.0,0.32,0.15877323,0.0,0.07040379,0.07982921,0.0,0.0,0.0,0.0,0
0.0,1.0,3.0,4.0,0.6666667,0.1507,0.475,0.14815,0.22581,0.0,0.0,0.5,0.0,1
0.0,2.0,3.0,3.0,0.578,0.06810103,0.120735966,0.05934669,0.07636603,0.0,0.0,0.0,0.0,0
0.5882353,1.0,1.0,3.0,0.106,0.08599457,0.055255998,0.12883131,0.098920435,0.0,0.0,0.0,0.0,0
0.47058824,2.0,1.0,3.0,0.32,0.103302106,0.07465328,0.090573326,0.090571195,0.0,0.0,0.0,0.0,0
0.11764706,2.0,3.0,4.0,1.0,0.82789,0.75,0.66667,0.73369,0.0,0.0,0.5,0.0,2
0.05882353,1.0,3.0,3.0,0.016,0.0980911,0.066172294,0.10999036,0.09618045,0.0,0.0,0.0,0.0,0
0.0,2.0,3.0,3.0,0.294,0.035453524,0.0,0.0739545,0.045229625,0.0,0.0,0.0,0.0,0
0.7058824,2.0,3.0,5.0,1.0,0.09658631,0.076111875,0.05208044,0.070824854,0.0,0.0,0.0,0.0,0
0.4117647,1.0,3.0,4.0,0.384,0.071105726,0.19570161,0.040838327,0.08617892,0.0,0.0,0.0,0.0,0
0.1764706,2.0,3.0,4.0,0.8333333,0.14765,0.55,0.0,0.17284,0.0,0.0,0.5,0.0,0
0.8235294,2.0,1.0,3.0,0.122,0.10398421,0.029617703,0.0,0.03755246,0.0,0.0,0.0,0.0,0
0.88235295,2.0,1.0,2.0,0.17,0.12904043,0.0,0.12020542,0.09452032,0.0,0.0,0.0,0.0,0
0.4117647,1.0,3.0,5.0,0.244,0.112844005,0.0672926,0.08469977,0.08888169,0.0,0.0,0.0,0.0,0
0.64705884,2.0,1.0,4.0,1.0,0.08205337,0.17495763,0.08932869,0.10733688,0.0,0.0,0.0,0.0,0
0.05882353,2.0,3.0,4.0,0.16666667,0.17924,0.5,0.18519,0.25751,0.0,0.0,0.5,0.0,0
0.29411766,2.0,3.0,5.0,0.214,0.15282552,0.080872215,0.089439414,0.10606658,0.0,0.0,0.0,0.0,0
0.05882353,2.0,3.0,4.0,0.8333333,0.25274,0.55,0.33333,0.36061,0.0,0.0,0.5,0.0,1
0.5882353,1.0,3.0,5.0,0.578,0.014467957,0.0025825857,0.07780082,0.0414751,0.0,0.0,0.0,0.0,0
0.11764706,1.0,3.0,4.0,1.0,0.28175,0.625,0.22222,0.3345,0.0,0.0,0.5,0.0,1
0.0,2.0,3.0,4.0,0.33333334,0.46237,0.625,0.2963,0.42248,0.0,0.0,0.5,0.0,2
0.11764706,2.0,3.0,4.0,0.33333334,0.0,0.575,0.03704,0.15272,0.0,0.0,0.5,0.0,0
0.23529412,1.0,3.0,4.0,0.8333333,0.2483,0.525,0.18519,0.28371,0.0,0.0,0.5,0.0,1
0.47058824,1.0,3.0,3.0,0.632,0.29923385,0.1656311,0.18839571,0.21563879,1.0,0.0,0.0,0.0,1
0.05882353,2.0,3.0,4.0,0.33333334,0.17122,0.65,0.25926,0.32531,0.0,0.0,0.5,0.0,0
0.0,1.0,3.0,3.0,0.11,0.1574646,0.10276978,0.030418849,0.08480899,0.0,0.0,0.0,0.0,0
0.1764706,1.0,3.0,4.0,0.6666667,0.37275,0.65,0.14815,0.33229,0.0,0.0,0.5,0.0,1
0.7647059,2.0,3.0,4.0,0.6666667,0.4845,0.675,0.37037,0.47562,0.0,0.0,0.5,0.0,2
0.8235294,2.0,1.0,5.0,0.368,0.0,0.08886037,0.024913564,0.032632355,0.0,0.0,0.0,0.0,0
0.05882353,1.0,3.0,3.0,0.074,0.019458327,0.07474792,0.046708155,0.045291092,0.0,0.0,0.0,0.0,0
0.23529412,1.0,3.0,4.0,0.6666667,0.36489,0.675,0.40741,0.45787,0.0,0.0,0.5,0.0,1
0.5294118,1.0,3.0,5.0,0.368,0.18331769,0.0,0.034298617,0.0700575,0.0,0.0,0.0,0.0,0
0.1764706,1.0,3.0,4.0,0.6666667,0.35997,0.625,0.40741,0.44465,0.0,0.0,0.5,0.0,1
0.47058824,1.0,1.0,4.0,0.368,0.11342299,0.04482621,0.0,0.043907046,0.0,0.0,0.0,0.0,0
0.05882353,2.0,3.0,4.0,0.5,0.28863,0.525,0.22222,0.31299,0.0,0.0,0.5,0.0,1
0.05882353,1.0,3.0,3.0,0.368,0.147635,0.037992865,0.11445733,0.10622383,0.0,0.0,0.0,0.0,0
0.23529412,2.0,3.0,4.0,0.8333333,0.23515,0.6,0.25926,0.33234,0.0,0.0,0.5,0.0,0
0.23529412,1.0,1.0,4.0,0.232,0.0,0.0196102,0.0,0.004614165,0.0,0.0,0.0,0.0,0
0.11764706,2.0,3.0,4.0,0.6666667,0.11999,0.575,0.07407,0.20544,0.0,0.0,0.5,0.0,0
0.05882353,2.0,3.0,3.0,0.722,0.031027433,0.09561806,0.07465697,0.06675678,0.0,0.0,0.0,0.0,0
0.05882353,1.0,3.0,3.0,0.626,0.09622885,0.15733916,0.022458863,0.075892456,0.0,0.0,0.0,0.0,0
0.23529412,1.0,3.0,4.0,0.5,0.14637,0.5,0.03704,0.17813,0.0,0.0,0.5,0.0,0
0.7058824,1.0,3.0,4.0,1.0,0.054072008,0.026930751,0.011103443,0.027465329,0.0,0.0,0.0,0.0,0
0.64705884,1.0,1.0,3.0,0.368,0.0,6.4590444e-05,0.14162478,0.06666215,0.0,0.0,0.0,0.0,0
0.1764706,1.0,3.0,3.0,0.326,0.05431098,0.1090314,0.07262179,0.07580323,0.0,0.0,0.0,0.0,0
0.0,2.0,3.0,4.0,0.8333333,0.35445,0.55,0.2963,0.3731,0.0,0.0,0.5,0.0,1
0.23529412,2.0,3.0,4.0,0.8333333,0.41058,0.625,0.48148,0.4944,0.0,0.0,0.5,0.0,1
0.7058824,2.0,3.0,3.0,0.122,0.0,0.09818667,0.009831211,0.027729198,0.0,0.0,0.0,0.0,0
0.1764706,2.0,1.0,3.0,0.544,0.20206828,0.1768879,0.08531863,0.14120248,0.0,0.0,0.0,0.0,0
0.64705884,2.0,1.0,4.0,0.476,0.122876994,0.13419512,0.06144508,0.096630946,0.0,0.0,0.0,0.0,0
0.8235294,2.0,3.0,3.0,0.368,0.056385033,0.14377454,0.0330308,0.06595704,0.0,0.0,0.0,0.0,0
0.23529412,2.0,3.0,4.0,0.6666667,0.23954,0.55,0.2963,0.3393,0.0,0.0,0.5,0.0,1
0.29411766,2.0,3.0,3.0,0.368,0.0479848,0.0,0.09678789,0.059660424,0.0,0.0,0.0,0.0,0
0.05882353,2.0,3.0,4.0,0.5,0.50816,0.7,0.59259,0.59303,0.0,0.0,0.5,0.0,2
0.23529412,1.0,3.0,4.0,1.0,0.06259,0.0,0.03704,0.03584,0.0,0.0,0.5,0.0,0
0.5294118,2.0,3.0,4.0,0.65,0.14642377,0.093787014,0.01959223,0.074353226,0.0,0.0,0.0,0.0,0
0.0,1.0,3.0,4.0,1.0,0.53144,0.65,0.11111,0.36153,0.0,0.0,0.5,0.0,2
0.23529412,2.0,3.0,4.0,0.33333334,0.13228,0.675,0.14815,0.26745,0.0,0.0,0.5,0.0,0
0.1764706,1.0,3.0,4.0,0.33333334,0.33014,0.575,0.22222,0.33697,0.0,0.0,0.5,0.0,1
1.0,2.0,1.0,2.0,0.816,0.0,0.088269055,0.0,0.020769188,0.0,0.0,0.0,0.0,0
0.11764706,1.0,3.0,4.0,0.368,0.010139864,0.0,0.0,0.0029823128,0.0,0.0,0.0,0.0,0
0.88235295,1.0,3.0,2.0,0.204,0.11147426,0.0530168,0.017329305,0.053416055,0.0,0.0,0.0,0.0,0
0.0,1.0,3.0,3.0,0.818,0.100360975,0.053108364,0.16068496,0.117630474,0.0,0.0,0.0,0.0,0
0.29411766,1.0,3.0,4.0,1.0,0.16733,0.575,0.33333,0.34137,0.0,0.0,0.5,0.0,0
0.88235295,2.0,3.0,3.0,0.44,0.079870276,0.092168175,0.07953316,0.08260526,0.0,0.0,0.0,0.0,0
0.05882353,2.0,3.0,4.0,0.8333333,0.4833,0.575,0.51852,0.52145,0.0,0.0,0.5,0.0,2
0.05882353,2.0,3.0,4.0,0.8333333,0.60245,0.6,0.37037,0.49266,0.0,0.0,0.5,0.0,2
0.23529412,1.0,3.0,4.0,0.5,0.30362,0.475,0.74074,0.54965,0.0,0.0,0.5,0.0,1
0.05882353,2.0,3.0,4.0,0.16666667,0.53521,0.6,0.14815,0.36831,0.0,0.0,0.5,0.0,2
1.0,2.0,1.0,2.0,0.462,0.054225758,0.0,0.007054769,0.019268643,0.0,0.0,0.0,0.0,0
0.1764706,1.0,3.0,4.0,0.6666667,0.27218,0.425,0.33333,0.33692,0.0,0.0,0.5,0.0,1
0.5294118,2.0,3.0,4.0,0.6666667,0.50272,0.675,0.44444,0.51583,0.0,0.0,0.5,0.0,2
0.0,2.0,3.0,4.0,0.5,0.17574,0.475,0.22222,0.26803,0.0,0.0,0.5,0.0,1
0.7058824,2.0,1.0,5.0,0.53,0.092624545,0.02072862,0.12323247,0.09011158,0.0,0.0,0.0,0.0,0
0.05882353,1.0,3.0,3.0,0.216,0.19374968,0.10201064,0.12786402,0.14115901,0.0,0.0,0.0,0.0,0
0.05882353,2.0,3.0,3.0,0.342,0.12131314,0.18219452,0.07407114,0.113406636,0.0,0.0,0.0,0.0,0
0.05882353,2.0,3.0,4.0,1.0,0.71997,0.625,0.2963,0.49825,0.0,0.0,0.5,0.0,2
0.23529412,2.0,3.0,4.0,1.0,0.20692,0.675,0.14815,0.2894,0.0,0.0,0.5,0.0,1
0.8235294,1.0,1.0,5.0,0.776,0.14121276,0.10888979,0.018323217,0.07577699,0.0,0.0,0.0,0.0,0
0.5294118,2.0,1.0,5.0,0.598,0.12005201,0.0662359,0.07975467,0.08842594,0.0,0.0,0.0,0.0,0
0.11764706,2.0,3.0,4.0,0.33333334,0.40073,0.7,0.51852,0.52658,0.0,0.0,0.5,0.0,2
0.88235295,2.0,1.0,5.0,1.0,0.21845116,0.14949523,0.024099514,0.110766634,0.0,0.0,0.0,0.0,0
0.1764706,2.0,1.0,2.0,0.024,0.10903755,0.23207678,0.10532555,0.13624114,0.0,0.0,0.0,0.0,0
0.0,2.0,3.0,4.0,0.5,0.90523,0.75,0.7037,0.77387,0.0,0.0,0.5,0.0,2
0.47058824,2.0,3.0,3.0,0.3,0.07628498,0.07604049,0.070767395,0.073630944,0.0,0.0,0.0,0.0,0
0.0,2.0,3.0,3.0,0.692,0.11467838,0.16276191,0.10453924,0.1212208,0.0,0.0,0.0,0.0,0
0.29411766,1.0,3.0,3.0,0.24,0.16446842,0.045120753,0.0013250195,0.059613254,0.0,0.0,0.0,0.0,0
0.3529412,1.0,1.0,3.0,0.596,0.067793116,0.039804123,0.0,0.029304828,0.0,0.0,0.0,0.0,0
0.7647059,1.0,1.0,5.0,1.0,0.06680616,0.08162558,0.09154684,0.081935756,0.0,0.0,0.0,0.0,0
0.64705884,2.0,1.0,4.0,0.364,0.15818153,0.0918261,0.0,0.06813012,0.0,0.0,0.0,0.0,0
0.3529412,2.0,1.0,1.0,0.174,0.12827857,0.12788095,0.07204585,0.10172255,0.0,0.0,0.0,0.0,0
0.0,2.0,3.0,3.0,0.446,0.1260647,0.07938936,0.037553117,0.073429756,0.0,0.0,0.0,0.0,0
0.0,1.0,3.0,3.0,0.266,0.0,0.0,0.03381128,0.01591119,0.0,0.0,0.0,0.0,0
1.0,1.0,1.0,3.0,0.462,0.08462599,0.039632864,0.009926956,0.038886886,0.0,0.0,0.0,0.0,0
0.11764706,2.0,1.0,2.0,0.104,0.3644222,0.19752976,0.24802086,0.2703763,1.0,0.0,0.0,0.0,1
0.0,2.0,3.0,4.0,0.16666667,0.24631,0.6,0.33333,0.37048,0.0,0.0,0.5,0.0,1
1.0,2.0,3.0,4.0,0.184,0.28136554,0.20887634,0.1297135,0.19294359,1.0,0.0,0.0,0.0,1
0.29411766,1.0,3.0,4.0,0.09,0.05429573,0.090781115,0.086443245,0.07800877,0.0,0.0,0.0,0.0,0
0.0,2.0,3.0,4.0,0.33333334,0.81465,0.675,0.66667,0.71215,0.0,0.0,0.5,0.0,2
1.0,1.0,2.0,3.0,0.196,0.10450224,0.07244292,0.04819457,0.07046114,0.0,0.0,0.0,0.0,0
0.0,1.0,3.0,3.0,0.328,0.12416258,0.1439055,0.05972447,0.09848416,0.0,0.0,0.0,0.0,0
0.11764706,1.0,3.0,4.0,0.5,0.198,0.45,0.33333,0.32098,0.0,0.0,0.5,0.0,1
0.0,2.0,3.0,4.0,1.0,0.19541,0.625,0.22222,0.30911,0.0,0.0,0.5,0.0,1
0.0,2.0,3.0,4.0,0.8333333,0.11084,0.5,0.37037,0.32454,0.0,0.0,0.5,0.0,0
0.7647059,2.0,1.0,4.0,0.3,0.14291598,0.16369994,0.067443386,0.11228981,0.0,0.0,0.0,0.0,0
0.29411766,1.0,3.0,4.0,0.6666667,0.08116,0.5,0.14815,0.21124,0.0,0.0,0.5,0.0,0
0.23529412,1.0,2.0,3.0,0.264,0.081223,0.021050408,0.0,0.028842157,0.0,0.0,0.0,0.0,0
0.05882353,1.0,3.0,4.0,0.6666667,0.02436,0.5,0.2963,0.26425,0.0,0.0,0.5,0.0,0
0.05882353,1.0,3.0,4.0,0.6666667,0.3051,0.575,0.55556,0.48647,0.0,0.0,0.5,0.0,1
0.7647059,1.0,3.0,4.0,0.318,0.0,0.10979615,0.0464695,0.047702387,0.0,0.0,0.0,0.0,0
0.3529412,1.0,3.0,3.0,1.0,0.1978603,0.054716844,0.021216845,0.08105315,0.0,0.0,0.0,0.0,0
0.0,1.0,3.0,4.0,1.0,0.19102,0.625,0.14815,0.27296,0.0,0.0,0.5,0.0,1
0.23529412,2.0,3.0,4.0,0.258,0.08867381,0.17514588,0.15310411,0.13934031,0.0,0.0,0.0,0.0,0
0.1764706,2.0,3.0,4.0,0.8333333,0.20204,0.65,0.07407,0.24722,0.0,0.0,0.5,0.0,1
0.0,1.0,3.0,4.0,0.33333334,0.68293,0.675,0.92593,0.79541,0.0,0.0,0.5,0.0,2
0.3529412,2.0,3.0,3.0,1.0,0.08525508,0.054475266,0.07551682,0.07343006,0.0,0.0,0.0,0.0,0
0.9411765,2.0,3.0,2.0,0.204,0.064601354,0.07330264,0.04260197,0.056296065,0.0,0.0,0.0,0.0,0
0.0,2.0,3.0,4.0,0.6666667,0.23595,0.525,0.22222,0.2975,0.0,0.0,0.5,0.0,1
0.7058824,1.0,1.0,5.0,1.0,0.039323125,0.05785238,0.05759017,0.052279208,0.0,0.0,0.0,0.0,0
0.11764706,1.0,3.0,4.0,0.6666667,0.28643,0.675,0.7037,0.57422,0.0,0.0,0.5,0.0,1
0.0,2.0,3.0,4.0,0.33333334,0.0,0.575,0.25926,0.2573,0.0,0.0,0.5,0.0,0
0.64705884,1.0,1.0,5.0,0.69,0.10535566,0.04986514,9.3900366e-05,0.04276412,0.0,0.0,0.0,0.0,0
0.0,2.0,3.0,3.0,0.156,0.0,0.04114598,0.032515004,0.024982585,0.0,0.0,0.0,0.0,0
0.23529412,2.0,1.0,4.0,0.67,0.1342646,0.04232558,0.046749458,0.0714483,0.0,0.0,0.0,0.0,0
0.23529412,2.0,3.0,4.0,0.5,0.47552,0.65,0.40741,0.48452,0.0,0.0,0.5,0.0,2
0.9411765,1.0,1.0,2.0,0.478,0.08726665,0.001169456,0.034172032,0.042022783,0.0,0.0,0.0,0.0,0
1.0,1.0,3.0,3.0,0.246,0.04278751,0.0,0.12179313,0.06989898,0.0,0.0,0.0,0.0,0
0.1764706,1.0,3.0,4.0,1.0,0.26124,0.6,0.14815,0.28773,0.0,0.0,0.5,0.0,1
0.29411766,1.0,1.0,5.0,0.828,0.3486947,0.18332876,0.26577905,0.27076596,1.0,0.0,0.0,0.0,1
0.0,2.0,3.0,3.0,0.244,0.08898913,0.050717704,0.0,0.03810685,0.0,0.0,0.0,0.0,0
0.7647059,1.0,3.0,3.0,0.368,0.08650997,0.0,0.05470143,0.051185958,0.0,0.0,0.0,0.0,0
0.05882353,1.0,3.0,4.0,0.6666667,0.0,0.6,0.18519,0.22832,0.0,0.0,0.5,0.0,0
0.8235294,2.0,2.0,4.0,0.17,0.04425825,0.075437576,0.0,0.030767152,0.0,0.0,0.0,0.0,0
0.64705884,2.0,3.0,4.0,0.202,0.09222801,0.10783389,0.13848436,0.117667675,0.0,0.0,0.0,0.0,0
0.05882353,2.0,3.0,4.0,0.8333333,0.22784,0.675,0.18519,0.31298,0.0,0.0,0.5,0.0,0
0.1764706,2.0,3.0,4.0,0.5,0.36892,0.65,0.2963,0.40088,0.0,0.0,0.5,0.0,1
0.05882353,2.0,3.0,3.0,0.972,0.014273514,0.07645663,0.08129508,0.060444392,0.0,0.0,0.0,0.0,0
0.1764706,1.0,3.0,4.0,0.6666667,0.39686,0.675,0.25926,0.39755,0.0,0.0,0.5,0.0,1
0.05882353,1.0,3.0,3.0,0.462,0.010845628,0.0830233,0.066367894,0.053956736,0.0,0.0,0.0,0.0,0
0.1764706,1.0,3.0,4.0,0.6666667,0.254,0.5,0.2963,0.33179,0.0,0.0,0.5,0.0,1
0.9411765,2.0,3.0,3.0,0.368,0.0,0.07408678,0.10346856,0.06612327,0.0,0.0,0.0,0.0,0
0.11764706,2.0,3.0,4.0,1.0,0.53593,0.6,0.14815,0.36852,0.0,0.0,0.5,0.0,2
0.7058824,2.0,3.0,5.0,0.368,0.058476906,0.004446777,0.0,0.018245392,0.0,0.0,0.0,0.0,0
0.11764706,2.0,3.0,4.0,0.596,0.0,0.13436526,0.07405917,0.066466734,0.0,0.0,0.0,0.0,0
0.05882353,1.0,3.0,4.0,0.6666667,0.12413,0.525,0.44444,0.36919,0.0,0.0,0.5,0.0,0
0.0,2.0,3.0,3.0,0.266,0.037370432,0.0,0.026653294,0.023534032,0.0,0.0,0.0,0.0,0
0.05882353,2.0,3.0,4.0,0.5,0.52591,0.575,0.59259,0.56884,0.0,0.0,0.5,0.0,2
0.05882353,2.0,3.0,4.0,0.16666667,0.15075,0.725,0.40741,0.40665,0.0,0.0,0.5,0.0,0
0.0,2.0,3.0,4.0,0.16666667,0.12855,0.7,0.07407,0.23737,0.0,0.0,0.5,0.0,0
0.23529412,1.0,3.0,2.0,0.24,0.059378516,0.0673398,0.10141991,0.08103594,0.0,0.0,0.0,0.0,0
0.29411766,2.0,3.0,4.0,0.16666667,0.6027,0.525,0.55556,0.56223,0.0,0.0,0.5,0.0,2
0.11764706,1.0,3.0,4.0,0.368,0.090584956,0.02645182,0.09716778,0.078592606,0.0,0.0,0.0,0.0,0
0.11764706,2.0,3.0,4.0,0.8333333,0.07329,0.5,0.07407,0.17406,0.0,0.0,0.5,0.0,0
0.05882353,2.0,3.0,4.0,0.33333334,0.09805,0.55,0.33333,0.31511,0.0,0.0,0.5,0.0,0
0.29411766,2.0,1.0,3.0,0.192,0.43152985,0.3016518,0.4249827,0.39788932,1.0,0.0,0.0,0.0,1
0.0,1.0,3.0,3.0,0.368,0.039790925,0.075076796,0.0,0.029368343,0.0,0.0,0.0,0.0,0
0.11764706,1.0,3.0,3.0,0.948,0.08506735,0.057276215,0.010328352,0.043356966,0.0,0.0,0.0,0.0,0
0.7058824,1.0,3.0,4.0,0.222,0.075386785,0.08907078,0.04376139,0.06372401,0.0,0.0,0.0,0.0,0
0.11764706,2.0,3.0,4.0,0.6666667,0.1993,0.5,0.18519,0.26341,0.0,0.0,0.5,0.0,1
0.05882353,2.0,3.0,3.0,0.368,0.0,0.0,0.0,0.0,0.0,0.0,0.0,0.0,0
0.1764706,2.0,3.0,3.0,0.082,0.08633899,0.036900662,0.100926615,0.08157121,0.0,0.0,0.0,0.0,0
0.11764706,1.0,3.0,4.0,1.0,0.50168,0.65,0.25926,0.4225,0.0,0.0,0.5,0.0,2
0.64705884,1.0,1.0,3.0,0.158,0.21865852,0.089778796,0.019152343,0.09444862,0.0,0.0,0.0,0.0,0
0.8235294,2.0,1.0,4.0,0.306,0.104612835,0.06678088,0.033376876,0.062188394,0.0,0.0,0.0,0.0,0
0.05882353,2.0,3.0,3.0,0.272,0.13758962,0.15624578,0.14505067,0.1454904,0.0,0.0,0.0,0.0,0
0.05882353,1.0,3.0,4.0,0.6666667,0.40655,0.725,0.51852,0.53417,0.0,0.0,0.5,0.0,2
0.7058824,2.0,3.0,5.0,0.746,0.043459803,0.03901495,0.086198576,0.062526315,0.0,0.0,0.0,0.0,0
0.88235295,1.0,3.0,5.0,0.578,0.03454925,0.06963525,0.0,0.026546309,0.0,0.0,0.0,0.0,0
0.0,1.0,3.0,4.0,0.5,0.4291,0.575,0.40741,0.45322,0.0,0.0,0.5,0.0,2
1.0,1.0,1.0,4.0,0.378,0.024878364,0.03867952,0.09364824,0.06048799,0.0,0.0,0.0,0.0,0
0.8235294,1.0,1.0,2.0,0.33,0.0,0.0,0.0,0.0,0.0,0.0,0.0,0.0,0
0.8235294,1.0,1.0,4.0,0.654,0.06458624,0.16528529,0.17841266,0.14184551,0.0,0.0,0.0,0.0,0
0.1764706,2.0,3.0,4.0,1.0,0.25546,0.6,0.2963,0.35575,0.0,0.0,0.5,0.0,1
0.88235295,2.0,1.0,3.0,0.226,0.12707293,0.06732674,0.14941493,0.12352888,0.0,0.0,0.0,0.0,0
0.05882353,1.0,3.0,4.0,0.8333333,0.0,0.675,0.07407,0.19368,0.0,0.0,0.5,0.0,0
0.0,1.0,3.0,4.0,0.33333334,0.30739,0.575,0.11111,0.27799,0.0,0.0,0.5,0.0,1
0.8235294,1.0,1.0,5.0,0.368,0.10062274,0.013482884,0.0,0.032767367,0.0,0.0,0.0,0.0,0
0.1764706,1.0,3.0,4.0,0.33333334,0.0951,0.625,0.37037,0.34932,0.0,0.0,0.5,0.0,0
0.11764706,2.0,3.0,3.0,0.368,0.029812152,0.036747444,0.12120925,0.07445438,0.0,0.0,0.0,0.0,0
0.3529412,2.0,3.0,4.0,0.194,0.15938494,0.052646782,0.07179687,0.09305216,0.0,0.0,0.0,0.0,0
0.05882353,2.0,3.0,4.0,0.33333334,0.53339,0.525,0.11111,0.3327,0.0,0.0,0.5,0.0,2
0.11764706,1.0,3.0,4.0,1.0,0.33858,0.55,0.22222,0.33357,0.0,0.0,0.5,0.0,2
0.0,2.0,3.0,3.0,0.202,0.63199586,0.5670163,0.523884,0.56583035,2.0,0.0,0.0,0.0,2
0.5294118,2.0,1.0,5.0,1.0,0.03855211,0.1497999,0.0,0.046585888,0.0,0.0,0.0,0.0,0
0.05882353,1.0,3.0,3.0,0.564,0.21768612,0.11673196,0.025261892,0.10337962,0.0,0.0,0.0,0.0,0
0.7058824,1.0,3.0,3.0,0.286,0.07365611,0.10769878,0.09380102,0.09114611,0.0,0.0,0.0,0.0,0
0.0,1.0,3.0,3.0,0.144,0.0,0.041029964,0.053921804,0.035029076,0.0,0.0,0.0,0.0,0
0.1764706,1.0,3.0,4.0,0.33333334,0.05432,0.5,0.0,0.13362,0.0,0.0,0.5,0.0,0
0.05882353,1.0,3.0,4.0,0.8333333,0.30709,0.475,0.33333,0.35895,0.0,0.0,0.5,0.0,1
0.0,1.0,3.0,3.0,0.04,0.04329843,0.0,0.00044659365,0.0129449945,0.0,0.0,0.0,0.0,0
0.3529412,2.0,3.0,4.0,1.0,0.06403,0.575,0.0,0.15413,0.0,0.0,0.5,0.0,0
0.7647059,1.0,1.0,5.0,0.368,0.013137125,0.058739807,0.045830194,0.039252143,0.0,0.0,0.0,0.0,0
0.5882353,1.0,3.0,4.0,1.0,0.32276,0.475,0.37037,0.38099,0.0,0.0,0.5,0.0,1
0.23529412,1.0,3.0,4.0,0.8333333,0.17985,0.5,0.18519,0.25769,0.0,0.0,0.5,0.0,1
0.0,2.0,3.0,3.0,0.944,0.053026553,0.03585859,0.0,0.024033362,0.0,0.0,0.0,0.0,0
0.05882353,2.0,3.0,4.0,1.0,0.38057,0.625,0.55556,0.52043,0.0,0.0,0.5,0.0,1
0.1764706,2.0,3.0,4.0,1.0,0.22539,0.425,0.03704,0.18372,0.0,0.0,0.5,0.0,0
0.05882353,1.0,3.0,3.0,0.16,0.20628165,0.18374917,0.16313821,0.1806771,1.0,0.0,0.0,0.0,1
0.11764706,2.0,3.0,4.0,1.0,0.41113,0.7,0.2963,0.42506,0.0,0.0,0.5,0.0,1
0.11764706,1.0,3.0,4.0,1.0,0.33067,0.525,0.18519,0.30793,0.0,0.0,0.5,0.0,1
0.4117647,2.0,2.0,3.0,0.162,0.15400441,0.08085632,0.13785626,0.12919396,0.0,0.0,0.0,0.0,0
0.5882353,2.0,1.0,5.0,1.0,0.0,0.08910278,0.123873755,0.0792589,0.0,0.0,0.0,0.0,0
0.29411766,1.0,3.0,5.0,0.828,0.07012331,0.07390503,0.1130706,0.09122361,0.0,0.0,0.0,0.0,0
0.3529412,1.0,3.0,4.0,0.6666667,0.72001,0.75,0.51852,0.63225,0.0,0.0,0.5,0.0,2
0.05882353,2.0,3.0,4.0,0.5,0.61059,0.85,0.81481,0.76303,0.0,0.0,0.5,0.0,2
1.0,2.0,1.0,4.0,0.26,0.07321914,0.15471311,0.10274491,0.10628867,0.0,0.0,0.0,0.0,0
0.88235295,1.0,1.0,4.0,0.758,0.09739014,0.02711368,0.0,0.03502385,0.0,0.0,0.0,0.0,0
0.1764706,1.0,3.0,4.0,0.776,0.10119529,0.00888741,0.022159671,0.042282555,0.0,0.0,0.0,0.0,0
0.05882353,2.0,3.0,3.0,0.024,0.0,0.066688195,0.058326993,0.04313934,0.0,0.0,0.0,0.0,0
0.0,2.0,3.0,4.0,1.0,0.45009,0.725,0.33333,0.45983,0.0,0.0,0.5,0.0,2
0.05882353,2.0,3.0,3.0,0.458,0.013771076,0.09397395,0.024690557,0.03778092,0.0,0.0,0.0,0.0,0
0.9411765,2.0,3.0,3.0,0.118,0.09628361,0.08493144,0.0,0.048302576,0.0,0.0,0.0,0.0,0
0.1764706,2.0,3.0,4.0,0.8333333,0.13346,0.625,0.07407,0.22117,0.0,0.0,0.5,0.0,0
0.1764706,1.0,3.0,3.0,0.368,0.03615897,0.09515769,0.078420274,0.0699287,0.0,0.0,0.0,0.0,0
0.11764706,1.0,3.0,4.0,0.6666667,0.34473,0.625,0.25926,0.37046,0.0,0.0,0.5,0.0,1
0.0,1.0,3.0,4.0,1.0,0.15141,0.5,0.22222,0.26676,0.0,0.0,0.5,0.0,0
0.0,1.0,3.0,4.0,0.16666667,0.131,0.525,0.03704,0.17949,0.0,0.0,0.5,0.0,0
0.05882353,1.0,3.0,3.0,0.0,0.04700999,0.1125103,0.10704014,0.09067131,0.0,0.0,0.0,0.0,0
0.3529412,2.0,3.0,4.0,0.8333333,0.37545,0.575,0.03704,0.26315,0.0,0.0,0.5,0.0,1
0.1764706,2.0,3.0,4.0,0.6666667,0.61616,0.625,0.55556,0.58972,0.0,0.0,0.5,0.0,2
0.8235294,1.0,3.0,3.0,0.368,0.0,0.0,0.0,0.0,0.0,0.0,0.0,0.0,0
0.7647059,2.0,3.0,5.0,0.368,0.048691433,0.07558352,0.0,0.032105368,0.0,0.0,0.0,0.0,0
0.4117647,2.0,3.0,4.0,0.194,0.10972635,0.083217524,3.688978e-05,0.05187041,0.0,0.0,0.0,0.0,0
0.0,1.0,3.0,4.0,0.6666667,0.88387,0.75,0.44444,0.64558,0.0,0.0,0.5,0.0,2
0.11764706,1.0,3.0,4.0,0.5,0.24734,0.425,0.14815,0.24246,0.0,0.0,0.5,0.0,1
0.1764706,2.0,3.0,4.0,1.0,0.33324,0.6,0.18519,0.32633,0.0,0.0,0.5,0.0,1
0.64705884,1.0,1.0,3.0,0.21,0.0,0.065216504,0.03031151,0.0296093,0.0,0.0,0.0,0.0,0
0.11764706,2.0,3.0,4.0,1.0,0.75996,0.75,0.88889,0.81829,0.0,0.0,0.5,0.0,2
0.11764706,1.0,3.0,4.0,1.0,0.15968,0.575,0.11111,0.23455,0.0,0.0,0.5,0.0,0
0.9411765,1.0,1.0,5.0,1.0,0.02590549,0.01706982,0.10699135,0.06198456,0.0,0.0,0.0,0.0,0
0.9411765,2.0,3.0,4.0,0.124,0.18572906,0.0,0.0,0.054626197,0.0,0.0,0.0,0.0,0
0.0,1.0,3.0,4.0,0.6666667,0.28126,0.525,0.25926,0.32826,0.0,0.0,0.5,0.0,1
0.23529412,2.0,3.0,4.0,0.6666667,0.21533,0.675,0.2963,0.36159,0.0,0.0,0.5,0.0,1
0.0,1.0,3.0,4.0,1.0,0.0173,0.325,0.59259,0.36043,0.0,0.0,0.5,0.0,0
0.05882353,2.0,3.0,4.0,0.8333333,0.1005,0.575,0.0,0.16485,0.0,0.0,0.5,0.0,0
0.23529412,2.0,3.0,4.0,0.33333334,0.18683,0.5,0.22222,0.27717,0.0,0.0,0.5,0.0,0
0.7058824,1.0,1.0,3.0,0.272,0.0939775,0.06705873,0.0,0.043418966,0.0,0.0,0.0,0.0,0
0.0,1.0,3.0,4.0,0.5,0.07053,0.425,0.07407,0.1556,0.0,0.0,0.5,0.0,0
0.5882353,1.0,1.0,4.0,0.65,0.020904448,0.088678256,0.12246544,0.08464463,0.0,0.0,0.0,0.0,0
0.05882353,1.0,3.0,3.0,1.0,0.079212986,0.01918124,0.08026706,0.0655839,0.0,0.0,0.0,0.0,0
0.0,1.0,3.0,4.0,0.5,0.23185,0.5,0.18519,0.27298,0.0,0.0,0.5,0.0,1
0.05882353,2.0,3.0,4.0,1.0,0.45691,0.7,0.37037,0.47338,0.0,0.0,0.5,0.0,2
0.0,2.0,3.0,3.0,0.368,0.12846525,0.010439021,0.0,0.04024014,0.0,0.0,0.0,0.0,0
0.11764706,2.0,1.0,4.0,0.098,0.09815681,0.040060893,0.09977581,0.08524907,0.0,0.0,0.0,0.0,0
0.23529412,1.0,3.0,4.0,0.5,0.13609,0.55,0.14815,0.23916,0.0,0.0,0.5,0.0,0
0.3529412,1.0,3.0,4.0,0.116,0.0,0.016002448,0.08983536,0.046040744,0.0,0.0,0.0,0.0,0
0.0,1.0,3.0,4.0,0.16666667,0.40751,0.65,0.37037,0.44709,0.0,0.0,0.5,0.0,2
0.11764706,1.0,3.0,4.0,1.0,0.51071,0.65,0.37037,0.47744,0.0,0.0,0.5,0.0,2
0.1764706,2.0,3.0,4.0,0.16666667,0.43395,0.6,0.25926,0.39081,0.0,0.0,0.5,0.0,1
0.29411766,2.0,3.0,4.0,0.33333334,0.5914,0.675,0.74074,0.68135,0.0,0.0,0.5,0.0,2
0.88235295,2.0,1.0,5.0,0.73,0.0,0.053753518,0.025201399,0.024507368,0.0,0.0,0.0,0.0,0
0.29411766,1.0,3.0,4.0,0.6666667,0.08138,0.675,0.0,0.18276,0.0,0.0,0.5,0.0,0
0.05882353,1.0,3.0,4.0,0.8333333,0.27769,0.575,0.25926,0.33897,0.0,0.0,0.5,0.0,1
0.88235295,2.0,1.0,5.0,1.0,0.0,0.111258015,0.11646093,0.0809835,0.0,0.0,0.0,0.0,0
1.0,2.0,3.0,5.0,0.62,0.0,0.08141511,0.052638315,0.04392747,0.0,0.0,0.0,0.0,0
0.5294118,2.0,3.0,3.0,0.368,0.12456793,0.0,0.14686282,0.10574954,0.0,0.0,0.0,0.0,0
0.23529412,1.0,3.0,3.0,0.726,0.07861412,0.07943763,0.10365427,0.09059149,0.0,0.0,0.0,0.0,0
0.23529412,2.0,3.0,4.0,0.8333333,0.58693,0.7,0.48148,0.56391,0.0,0.0,0.5,0.0,2
0.23529412,1.0,3.0,4.0,0.49,0.04775724,0.0013878507,0.0,0.0143728,0.0,0.0,0.0,0.0,0
0.4117647,2.0,3.0,5.0,0.764,0.2586208,0.23546061,0.23198362,0.2406362,1.0,0.0,0.0,0.0,1
0.3529412,1.0,3.0,4.0,0.33333334,0.0,0.525,0.14815,0.19325,0.0,0.0,0.5,0.0,0
0.1764706,2.0,3.0,4.0,0.33333334,0.02652,0.575,0.18519,0.23024,0.0,0.0,0.5,0.0,0
0.7647059,2.0,1.0,5.0,0.944,0.069955565,0.016566379,0.033577092,0.040274125,0.0,0.0,0.0,0.0,0
0.0,2.0,3.0,4.0,0.6666667,0.26607,0.625,0.2963,0.36475,0.0,0.0,0.5,0.0,1
0.0,1.0,3.0,3.0,0.368,0.02542089,0.06693066,0.0,0.023225121,0.0,0.0,0.0,0.0,0
0.9411765,1.0,2.0,4.0,1.0,0.024989406,0.039259616,0.0,0.016587382,0.0,0.0,0.0,0.0,0
0.0,1.0,3.0,3.0,0.368,0.095784254,0.11807529,0.23115067,0.16473106,0.0,0.0,0.0,0.0,0
0.23529412,2.0,3.0,4.0,0.8333333,0.68916,0.75,0.22222,0.48374,0.0,0.0,0.5,0.0,2
0.88235295,1.0,3.0,3.0,0.07,0.07794032,0.043851808,0.085799746,0.07361805,0.0,0.0,0.0,0.0,0
0.88235295,2.0,1.0,4.0,1.0,0.10545384,0.10206927,0.13891332,0.12040311,0.0,0.0,0.0,0.0,0
0.1764706,1.0,3.0,4.0,1.0,0.42577,0.6,0.37037,0.4407,0.0,0.0,0.5,0.0,2
0.1764706,1.0,3.0,4.0,0.8333333,0.07416,0.525,0.0,0.14534,0.0,0.0,0.5,0.0,0
0.4117647,1.0,1.0,4.0,0.416,0.0573938,0.026346939,0.06815205,0.055151362,0.0,0.0,0.0,0.0,0
0.7058824,2.0,2.0,4.0,0.282,0.10924145,0.07247786,0.16213211,0.12548092,0.0,0.0,0.0,0.0,0
0.5294118,1.0,1.0,2.0,0.112,0.09277274,0.15641098,0.0395545,0.08270256,0.0,0.0,0.0,0.0,0
0.4117647,1.0,3.0,3.0,0.936,0.086449765,0.030537108,0.0018221863,0.033469103,0.0,0.0,0.0,0.0,0
0.7058824,1.0,3.0,5.0,0.4,0.042924136,0.07380093,0.094217606,0.074327365,0.0,0.0,0.0,0.0,0
0.4117647,1.0,3.0,4.0,0.8333333,0.50777,0.75,0.44444,0.53497,0.0,0.0,0.5,0.0,2
0.88235295,1.0,1.0,5.0,1.0,0.04203785,0.15556926,0.054546464,0.07463753,0.0,0.0,0.0,0.0,0
0.7647059,1.0,3.0,2.0,0.368,0.09430946,0.0,0.025165869,0.039580837,0.0,0.0,0.0,0.0,0
0.23529412,2.0,3.0,4.0,0.6666667,0.5953,0.625,0.92593,0.75788,0.0,0.0,0.5,0.0,2
0.8235294,2.0,3.0,4.0,0.224,0.14216384,0.04127784,0.17007336,0.13155985,0.0,0.0,0.0,0.0,0
0.11764706,2.0,3.0,4.0,0.16666667,0.58172,0.625,0.66667,0.63188,0.0,0.0,0.5,0.0,2
0.1764706,2.0,3.0,4.0,0.078,0.15834936,0.08256591,0.060159788,0.0943111,0.0,0.0,0.0,0.0,0
0.05882353,2.0,3.0,4.0,0.33333334,0.7422,0.7,0.77778,0.74901,0.0,0.0,0.5,0.0,2
0.64705884,2.0,3.0,5.0,0.72,0.23096764,0.0,0.07179782,0.10171887,0.0,0.0,0.0,0.0,0
0.5294118,1.0,3.0,2.0,0.42,0.07172727,0.015971592,0.026691785,0.037415117,0.0,0.0,0.0,0.0,0
0.05882353,2.0,3.0,3.0,0.24,0.0,0.044341315,0.0309559,0.025000732,0.0,0.0,0.0,0.0,0
0.5882353,1.0,3.0,4.0,1.0,0.113231234,0.0952247,0.0011065821,0.05622986,0.0,0.0,0.0,0.0,0
0.23529412,2.0,1.0,3.0,0.136,0.1457296,0.14456055,0.042447574,0.09685122,0.0,0.0,0.0,0.0,0
0.0,2.0,3.0,4.0,0.5,0.49311,0.575,0.59259,0.55919,0.0,0.0,0.5,0.0,2
0.4117647,2.0,1.0,3.0,0.188,0.124874845,0.052903716,0.004095766,0.05110325,0.0,0.0,0.0,0.0,0
1.0,2.0,1.0,2.0,0.886,0.18093719,0.15066239,0.10808411,0.13952991,0.0,0.0,0.0,0.0,0
0.05882353,2.0,3.0,3.0,0.284,0.07916206,0.03358075,0.04842382,0.05397199,0.0,0.0,0.0,0.0,0
0.0,1.0,3.0,3.0,1.0,0.08404319,0.07604709,0.0,0.04261202,0.0,0.0,0.0,0.0,0
0.0,1.0,3.0,3.0,1.0,0.0,0.17465967,0.07723417,0.077441886,0.0,0.0,0.0,0.0,0
0.29411766,1.0,3.0,4.0,0.16666667,0.316,0.375,0.22222,0.28575,0.0,0.0,0.5,0.0,1
0.11764706,2.0,3.0,4.0,0.6666667,0.30812,0.675,0.07407,0.28431,0.0,0.0,0.5,0.0,1
0.5294118,2.0,1.0,4.0,1.0,0.07000005,0.07595116,0.03927752,0.056942653,0.0,0.0,0.0,0.0,0
1.0,2.0,3.0,4.0,0.444,0.023697777,0.04202612,0.067356244,0.04855549,0.0,0.0,0.0,0.0,0
1.0,2.0,1.0,5.0,0.418,0.15197162,0.120575786,0.10568102,0.12280055,0.0,0.0,0.0,0.0,0
0.7647059,1.0,1.0,3.0,0.578,0.0,0.09515842,0.094281815,0.06675813,0.0,0.0,0.0,0.0,0
0.7058824,1.0,3.0,4.0,0.6666667,0.30978,0.55,0.25926,0.34253,0.0,0.0,0.5,0.0,1
0.11764706,2.0,3.0,4.0,0.6666667,0.17966,0.575,0.11111,0.24042,0.0,0.0,0.5,0.0,1
0.3529412,2.0,1.0,5.0,0.112,0.0,0.0,0.03355062,0.015788527,0.0,0.0,0.0,0.0,0
0.8235294,2.0,3.0,4.0,0.056,0.11913059,0.08045904,0.06626415,0.08515308,0.0,0.0,0.0,0.0,0
0.0,1.0,3.0,4.0,0.8333333,0.15742,0.525,0.40741,0.36155,0.0,0.0,0.5,0.0,1
0.5882353,1.0,3.0,4.0,0.368,0.031034822,0.13582987,0.11466444,0.09504759,0.0,0.0,0.0,0.0,0
0.11764706,2.0,1.0,1.0,0.368,0.14004551,0.13565977,0.12640865,0.13259622,0.0,0.0,0.0,0.0,0
0.7647059,2.0,1.0,3.0,0.442,0.0,0.022242617,0.004191334,0.0072059496,0.0,0.0,0.0,0.0,0
0.1764706,1.0,3.0,4.0,0.8333333,0.06448,0.675,0.14815,0.24751,0.0,0.0,0.5,0.0,0
0.05882353,2.0,3.0,4.0,0.6666667,0.50283,0.675,0.2963,0.44615,0.0,0.0,0.5,0.0,2
0.29411766,1.0,3.0,4.0,0.8333333,0.18943,0.575,0.14815,0.26072,0.0,0.0,0.5,0.0,0
0.47058824,1.0,3.0,3.0,0.368,0.094860025,0.054186027,0.028768962,0.054187994,0.0,0.0,0.0,0.0,0
0.1764706,1.0,3.0,3.0,0.616,0.114647366,0.11071834,0.015349021,0.06699426,0.0,0.0,0.0,0.0,0
0.3529412,2.0,3.0,4.0,0.6666667,0.5215,0.625,0.59259,0.57931,0.0,0.0,0.5,0.0,2
0.1764706,2.0,3.0,4.0,0.6666667,0.54999,0.7,0.59259,0.60533,0.0,0.0,0.5,0.0,2
0.88235295,1.0,1.0,5.0,0.986,0.12248117,0.040923614,0.10645514,0.0957495,0.0,0.0,0.0,0.0,0
0.23529412,2.0,3.0,4.0,0.5,0.18287,0.525,0.14815,0.24703,0.0,0.0,0.5,0.0,1
0.4117647,1.0,3.0,4.0,0.16666667,0.3462,0.675,0.18519,0.34779,0.0,0.0,0.5,0.0,1
0.4117647,2.0,3.0,5.0,0.816,0.0,0.0,0.008691362,0.0040900526,0.0,0.0,0.0,0.0,0
0.0,2.0,3.0,4.0,0.5,0.23269,0.625,0.48148,0.44208,0.0,0.0,0.5,0.0,1
0.0,1.0,3.0,4.0,0.16666667,0.10494,0.6,0.14815,0.24176,0.0,0.0,0.5,0.0,0
0.5882353,1.0,2.0,4.0,0.142,0.123700865,0.0,0.06694171,0.06788459,0.0,0.0,0.0,0.0,0
0.23529412,1.0,3.0,4.0,1.0,0.17199,0.475,0.07407,0.19721,0.0,0.0,0.5,0.0,0
0.11764706,1.0,3.0,4.0,0.6666667,0.31117,0.525,0.33333,0.37191,0.0,0.0,0.5,0.0,1
0.9411765,1.0,2.0,4.0,0.784,0.13708028,0.02734494,0.06778698,0.078651585,0.0,0.0,0.0,0.0,0
0.29411766,2.0,3.0,4.0,0.5,0.30938,0.55,0.33333,0.37727,0.0,0.0,0.5,0.0,1
0.05882353,2.0,3.0,3.0,1.0,0.0,0.0018169165,0.016801773,0.008334226,0.0,0.0,0.0,0.0,0
0.29411766,2.0,3.0,4.0,0.8333333,0.17965,0.675,0.18519,0.29881,0.0,0.0,0.5,0.0,1
0.29411766,1.0,3.0,4.0,0.8333333,0.49182,0.625,0.11111,0.344,0.0,0.0,0.5,0.0,2
0.3529412,1.0,3.0,4.0,0.33333334,0.42268,0.6,0.59259,0.54436,0.0,0.0,0.5,0.0,2
0.23529412,1.0,3.0,4.0,0.33333334,0.09629,0.5,0.07407,0.18083,0.0,0.0,0.5,0.0,0
0.11764706,2.0,3.0,4.0,0.6666667,0.70211,0.8,0.07407,0.4296,0.0,0.0,0.5,0.0,2
0.3529412,1.0,3.0,4.0,0.8333333,0.27844,0.725,0.33333,0.40934,0.0,0.0,0.5,0.0,1
0.47058824,2.0,3.0,5.0,0.73,0.06603308,0.08883599,0.0,0.04032408,0.0,0.0,0.0,0.0,0
0.0,2.0,3.0,3.0,0.92,0.0,0.0,0.029457007,0.013862121,0.0,0.0,0.0,0.0,0
0.5294118,2.0,3.0,4.0,0.076,0.14164245,0.13186425,0.037337895,0.090257205,0.0,0.0,0.0,0.0,0
0.11764706,1.0,3.0,4.0,0.8333333,0.12051,0.675,0.03704,0.2117,0.0,0.0,0.5,0.0,1
1.0,2.0,3.0,4.0,0.38,0.1625171,0.11997947,0.13835251,0.14113668,0.0,0.0,0.0,0.0,0
0.3529412,2.0,3.0,4.0,0.592,0.04274463,0.10872563,0.13765296,0.10293232,0.0,0.0,0.0,0.0,0
0.9411765,2.0,1.0,4.0,0.04,0.3759545,0.25693712,0.24507694,0.28636098,1.0,0.0,0.0,0.0,1
0.05882353,2.0,3.0,4.0,0.5,0.19271,0.45,0.22222,0.26714,0.0,0.0,0.5,0.0,0
0.23529412,1.0,3.0,4.0,0.368,0.19016519,0.031726826,0.0,0.063396074,0.0,0.0,0.0,0.0,0
0.5882353,2.0,3.0,5.0,1.0,0.13762878,0.15179765,0.0,0.07619615,0.0,0.0,0.0,0.0,0
0.0,2.0,3.0,4.0,1.0,0.32325,0.575,0.25926,0.35237,0.0,0.0,0.5,0.0,1
0.8235294,2.0,1.0,3.0,0.264,0.26237735,0.26851708,0.21823198,0.2430477,1.0,0.0,0.0,0.0,1
0.29411766,1.0,3.0,3.0,1.0,0.003883023,0.0,0.06451776,0.031503364,0.0,0.0,0.0,0.0,0
0.88235295,1.0,1.0,4.0,0.368,0.08999544,0.0,0.0,0.026469246,0.0,0.0,0.0,0.0,0
0.47058824,1.0,1.0,4.0,0.414,0.042478777,0.0,0.082961865,0.051534634,0.0,0.0,0.0,0.0,0
0.23529412,2.0,3.0,4.0,0.16666667,0.40023,0.7,0.48148,0.509,0.0,0.0,0.5,0.0,1
0.23529412,1.0,3.0,4.0,0.308,0.06354676,0.0054554236,0.0,0.019973852,0.0,0.0,0.0,0.0,0
0.05882353,1.0,3.0,4.0,0.8333333,0.64242,0.65,0.40741,0.53361,0.0,0.0,0.5,0.0,2
0.0,2.0,3.0,4.0,0.5,0.0,0.6,0.03704,0.15861,0.0,0.0,0.5,0.0,0
0.3529412,1.0,3.0,4.0,0.8333333,0.30336,0.6,0.18519,0.31754,0.0,0.0,0.5,0.0,1
0.7058824,2.0,1.0,5.0,0.85,0.06426492,0.096866496,0.124056466,0.10007308,0.0,0.0,0.0,0.0,0
0.05882353,2.0,3.0,4.0,0.8333333,0.1126,0.6,0.14815,0.24401,0.0,0.0,0.5,0.0,0
0.8235294,2.0,1.0,4.0,0.256,0.21387571,0.19363326,0.24424443,0.22340395,1.0,0.0,0.0,0.0,1
0.23529412,2.0,3.0,4.0,0.6666667,0.41314,0.6,0.22222,0.36726,0.0,0.0,0.5,0.0,1
0.0,1.0,3.0,4.0,0.5,0.57461,0.55,0.66667,0.61214,0.0,0.0,0.5,0.0,2
0.05882353,2.0,3.0,4.0,0.8333333,0.64489,0.75,0.44444,0.57529,0.0,0.0,0.5,0.0,2
0.1764706,2.0,3.0,3.0,0.36,0.10024778,0.051072326,0.0,0.041501656,0.0,0.0,0.0,0.0,0
0.0,1.0,3.0,4.0,0.8333333,0.55844,0.8,0.44444,0.56163,0.0,0.0,0.5,0.0,2
0.64705884,1.0,1.0,3.0,0.486,0.066908576,0.051695295,0.07150065,0.065489955,0.0,0.0,0.0,0.0,0
0.1764706,2.0,3.0,4.0,0.8333333,0.58399,0.775,0.37037,0.52841,0.0,0.0,0.5,0.0,2
0.23529412,2.0,3.0,4.0,0.5,0.40115,0.55,0.51852,0.49141,0.0,0.0,0.5,0.0,1
0.05882353,2.0,3.0,3.0,0.238,0.04060873,0.0026282745,0.04150064,0.032091875,0.0,0.0,0.0,0.0,0
0.7647059,2.0,1.0,4.0,0.182,0.14278832,0.059027687,0.06022946,0.08422871,0.0,0.0,0.0,0.0,0
0.1764706,2.0,3.0,4.0,0.33333334,0.70766,0.65,0.62963,0.65737,0.0,0.0,0.5,0.0,2
0.11764706,1.0,1.0,2.0,0.298,0.08148413,0.07599924,0.12165129,0.09909576,0.0,0.0,0.0,0.0,0
0.88235295,2.0,1.0,5.0,0.844,0.0,0.02803575,0.024694562,0.018217618,0.0,0.0,0.0,0.0,0
0.23529412,2.0,3.0,4.0,0.8333333,0.43286,0.575,0.88889,0.68091,0.0,0.0,0.5,0.0,2
0.4117647,1.0,3.0,3.0,0.332,0.061130866,0.0009612954,0.08204229,0.05681399,0.0,0.0,0.0,0.0,0
0.1764706,2.0,3.0,4.0,0.6666667,0.19942,0.55,0.11111,0.24035,0.0,0.0,0.5,0.0,1
0.11764706,1.0,3.0,4.0,0.5,0.81954,0.4,0.85185,0.73603,0.0,0.0,0.5,0.0,2
0.11764706,2.0,3.0,4.0,0.6666667,0.31408,0.5,0.11111,0.26231,0.0,0.0,0.5,0.0,1
0.05882353,2.0,3.0,4.0,0.5,0.26322,0.625,0.22222,0.32905,0.0,0.0,0.5,0.0,1
0.05882353,1.0,3.0,4.0,0.33333334,0.27893,0.55,0.11111,0.26374,0.0,0.0,0.5,0.0,1
0.1764706,1.0,3.0,3.0,0.924,0.071384,0.0,0.040517144,0.04006218,0.0,0.0,0.0,0.0,0
0.1764706,2.0,3.0,4.0,0.33333334,0.22089,0.575,0.51852,0.44427,0.0,0.0,0.5,0.0,1
0.1764706,1.0,3.0,4.0,0.33333334,0.10246,0.6,0.14815,0.24103,0.0,0.0,0.5,0.0,0
0.29411766,2.0,3.0,4.0,0.5,0.59677,0.7,0.59259,0.61909,0.0,0.0,0.5,0.0,2
0.7647059,1.0,1.0,3.0,0.154,0.04093023,0.063944764,0.07630224,0.06299107,0.0,0.0,0.0,0.0,0
0.64705884,2.0,3.0,4.0,0.24,0.28596997,0.30278036,0.24789266,0.27200663,1.0,0.0,0.0,0.0,1
0.11764706,1.0,3.0,4.0,0.6666667,0.44043,0.5,0.66667,0.56091,0.0,0.0,0.5,0.0,2
0.23529412,2.0,1.0,3.0,0.56,0.11276154,0.043609846,0.095373854,0.08830812,0.0,0.0,0.0,0.0,0
0.64705884,1.0,3.0,5.0,0.296,0.08628559,0.033331655,0.057512693,0.060285654,0.0,0.0,0.0,0.0,0
0.05882353,2.0,3.0,4.0,0.33333334,0.11629,0.7,0.0,0.19891,0.0,0.0,0.5,0.0,0
0.0,1.0,3.0,4.0,0.6666667,0.07396,0.575,0.07407,0.19191,0.0,0.0,0.5,0.0,0
1.0,1.0,3.0,3.0,0.0,0.03016773,0.13166168,0.03381183,0.05576353,0.0,0.0,0.0,0.0,0
0.05882353,1.0,3.0,4.0,0.8333333,0.24257,0.55,0.07407,0.23561,0.0,0.0,0.5,0.0,1
0.0,1.0,3.0,4.0,0.6666667,0.20754,0.575,0.18519,0.28348,0.0,0.0,0.5,0.0,1
0.0,1.0,3.0,4.0,0.8333333,0.33043,0.675,0.48148,0.48259,0.0,0.0,0.5,0.0,1
0.47058824,2.0,3.0,3.0,0.24,0.061007604,0.0,0.08315906,0.057077087,0.0,0.0,0.0,0.0,0
0.3529412,1.0,3.0,3.0,0.024,0.005938314,0.0,0.10293453,0.050186343,0.0,0.0,0.0,0.0,0
0.05882353,2.0,3.0,3.0,0.994,0.14760847,0.035714604,0.07638322,0.087762736,0.0,0.0,0.0,0.0,0
0.3529412,2.0,3.0,3.0,0.236,0.09594962,0.14374003,0.010103292,0.06679615,0.0,0.0,0.0,0.0,0
0.05882353,1.0,3.0,4.0,0.8333333,0.29412,0.5,0.0,0.20415,0.0,0.0,0.5,0.0,1
0.23529412,1.0,3.0,4.0,0.33333334,0.16651,0.6,0.22222,0.29473,0.0,0.0,0.5,0.0,1
0.1764706,2.0,3.0,4.0,0.5,0.43176,0.7,0.66667,0.60542,0.0,0.0,0.5,0.0,2
0.7647059,1.0,1.0,5.0,1.0,0.06135861,0.07133752,0.0,0.03483195,0.0,0.0,0.0,0.0,0
0.1764706,1.0,3.0,4.0,0.5,0.34011,0.7,0.88889,0.68304,0.0,0.0,0.5,0.0,1
0.11764706,1.0,3.0,4.0,1.0,0.26595,0.5,0.18519,0.28301,0.0,0.0,0.5,0.0,1
0.1764706,2.0,3.0,4.0,0.33333334,0.55279,0.65,0.74074,0.66411,0.0,0.0,0.5,0.0,2
0.0,2.0,3.0,4.0,0.5,0.42019,0.575,0.51852,0.50289,0.0,0.0,0.5,0.0,1
0.5882353,2.0,1.0,5.0,0.676,0.03052725,0.02521125,0.096379705,0.060265817,0.0,0.0,0.0,0.0,0
0.9411765,2.0,3.0,5.0,0.432,0.10398247,0.0,0.06424994,0.060818344,0.0,0.0,0.0,0.0,0
0.05882353,2.0,3.0,4.0,0.5,0.41755,0.6,0.33333,0.42085,0.0,0.0,0.5,0.0,1
0.88235295,2.0,1.0,5.0,0.412,0.048036717,0.0045646885,0.0,0.01520249,0.0,0.0,0.0,0.0,0
0.23529412,2.0,3.0,4.0,0.6666667,0.4696,0.55,0.22222,0.37211,0.0,0.0,0.5,0.0,2
0.23529412,2.0,3.0,4.0,0.6666667,0.36649,0.5,0.22222,0.33001,0.0,0.0,0.5,0.0,1
0.05882353,1.0,3.0,4.0,0.8333333,0.33222,0.65,0.33333,0.40752,0.0,0.0,0.5,0.0,1
0.9411765,1.0,3.0,4.0,0.248,0.035100486,0.057476528,0.0,0.023847561,0.0,0.0,0.0,0.0,0
0.05882353,1.0,3.0,4.0,0.8333333,0.24867,0.55,0.18519,0.2897,0.0,0.0,0.5,0.0,1
0.0,2.0,3.0,4.0,0.5,0.29846,0.65,0.66667,0.55445,0.0,0.0,0.5,0.0,1
0.88235295,2.0,3.0,1.0,0.184,0.31958073,0.23165195,0.19686142,0.24114133,1.0,0.0,0.0,0.0,1
0.5294118,2.0,1.0,5.0,0.368,0.08601512,0.0116531495,0.059219226,0.055908352,0.0,0.0,0.0,0.0,0
0.47058824,1.0,3.0,4.0,1.0,0.03968171,0.09868269,0.056409705,0.06143629,0.0,0.0,0.0,0.0,0
0.05882353,1.0,3.0,3.0,0.1,0.02910003,0.0,0.07605328,0.04434861,0.0,0.0,0.0,0.0,0
0.5882353,1.0,3.0,4.0,0.368,0.03337937,0.0362372,0.06403435,0.048477676,0.0,0.0,0.0,0.0,0
0.0,1.0,3.0,3.0,0.196,0.05807548,0.062360402,0.05194837,0.05620035,0.0,0.0,0.0,0.0,0
0.9411765,2.0,2.0,3.0,0.01,0.081581876,0.105107956,0.014795032,0.05568832,0.0,0.0,0.0,0.0,0
0.29411766,2.0,1.0,4.0,0.478,0.09372382,0.07361209,0.0,0.044886317,0.0,0.0,0.0,0.0,0
0.47058824,1.0,1.0,3.0,0.076,0.0,0.053284258,0.0,0.012537473,0.0,0.0,0.0,0.0,0
0.29411766,2.0,3.0,4.0,1.0,0.30938,0.675,0.14815,0.31953,0.0,0.0,0.5,0.0,1
0.29411766,1.0,3.0,4.0,1.0,0.18936,0.5,0.07407,0.2082,0.0,0.0,0.5,0.0,0
0.9411765,2.0,1.0,5.0,0.368,0.14040777,0.024921376,0.0,0.047160257,0.0,0.0,0.0,0.0,0
0.05882353,2.0,3.0,3.0,0.368,0.14273286,0.031441417,0.019076452,0.058355384,0.0,0.0,0.0,0.0,0
0.11764706,2.0,3.0,4.0,0.8333333,0.23759,0.575,0.14815,0.27489,0.0,0.0,0.5,0.0,1
0.05882353,2.0,3.0,3.0,0.368,0.25447604,0.25121656,0.2917755,0.27126178,1.0,0.0,0.0,0.0,1
0.3529412,2.0,1.0,3.0,0.362,0.18085966,0.14760739,0.065691285,0.11883871,0.0,0.0,0.0,0.0,0
0.11764706,2.0,3.0,4.0,0.6666667,0.27957,0.45,0.18519,0.27525,0.0,0.0,0.5,0.0,1
0.4117647,1.0,1.0,4.0,0.58,0.1780564,0.069625854,0.042411022,0.08871021,0.0,0.0,0.0,0.0,0
0.23529412,2.0,3.0,4.0,0.148,0.10318182,0.087483466,0.0028028605,0.052250933,0.0,0.0,0.0,0.0,0
0.05882353,1.0,3.0,4.0,1.0,0.8436,0.95,1.0,0.94224,0.0,0.0,0.5,0.0,2
0.1764706,2.0,3.0,4.0,1.0,0.15183951,0.05459251,0.09734917,0.103315346,0.0,0.0,0.0,0.0,0
0.11764706,1.0,3.0,4.0,0.6666667,0.07981,0.5,0.51852,0.38513,0.0,0.0,0.5,0.0,0
0.3529412,2.0,3.0,4.0,0.33333334,0.18512,0.575,0.07407,0.2246,0.0,0.0,0.5,0.0,1
0.47058824,2.0,1.0,4.0,0.8,0.069656245,0.10576523,0.040370014,0.06437072,0.0,0.0,0.0,0.0,0
0.0,1.0,3.0,4.0,0.6666667,0.26467,0.475,0.03704,0.20704,0.0,0.0,0.5,0.0,1
0.5294118,2.0,1.0,5.0,1.0,0.0,0.097062126,0.03347284,0.038590074,0.0,0.0,0.0,0.0,0
0.3529412,2.0,3.0,5.0,0.33,0.14580168,0.13667147,0.15683709,0.14884652,0.0,0.0,0.0,0.0,0
0.05882353,2.0,3.0,4.0,0.5,0.74951,0.675,0.92593,0.815,0.0,0.0,0.5,0.0,2
0.7647059,2.0,1.0,2.0,0.098,0.09044391,0.0548862,0.08295305,0.07855228,0.0,0.0,0.0,0.0,0
0.9411765,2.0,1.0,4.0,0.7,0.02936489,0.06832459,0.032922167,0.04020589,0.0,0.0,0.0,0.0,0
0.47058824,1.0,3.0,4.0,0.016,0.12717034,0.0,0.069849335,0.07027332,0.0,0.0,0.0,0.0,0
0.05882353,1.0,3.0,3.0,0.086,0.10928869,0.03008059,0.030973857,0.053797454,0.0,0.0,0.0,0.0,0
0.5882353,2.0,1.0,5.0,1.0,0.11692992,0.08104754,0.051584806,0.07773636,0.0,0.0,0.0,0.0,0
0.5882353,1.0,3.0,3.0,0.352,0.045067232,0.12498968,0.062781915,0.07220884,0.0,0.0,0.0,0.0,0
0.23529412,1.0,3.0,4.0,0.6666667,0.38996,0.75,0.40741,0.48289,0.0,0.0,0.5,0.0,2
0.0,1.0,3.0,4.0,0.8333333,0.09111,0.525,0.18519,0.23747,0.0,0.0,0.5,0.0,0
0.5294118,2.0,3.0,5.0,0.688,0.105797365,0.091967456,0.0696481,0.08553185,0.0,0.0,0.0,0.0,0
0.1764706,2.0,1.0,4.0,0.68,0.03138589,0.0379227,0.090650044,0.060812976,0.0,0.0,0.0,0.0,0
0.23529412,2.0,3.0,3.0,0.368,0.011730135,0.0,0.0,0.0034500398,0.0,0.0,0.0,0.0,0
0.05882353,2.0,3.0,4.0,0.5,0.0,0.55,0.18519,0.21656,0.0,0.0,0.5,0.0,0
0.29411766,2.0,3.0,5.0,0.028,0.030876284,0.08771907,0.025875887,0.04189793,0.0,0.0,0.0,0.0,0
0.1764706,1.0,3.0,4.0,0.5,0.22994,0.45,0.37037,0.3478,0.0,0.0,0.5,0.0,1
0.0,2.0,3.0,4.0,0.6666667,0.23717,0.725,0.2963,0.37978,0.0,0.0,0.5,0.0,1
0.23529412,1.0,3.0,4.0,0.398,0.047491115,0.09422323,0.08711769,0.077134706,0.0,0.0,0.0,0.0,0
0.7647059,2.0,1.0,5.0,0.986,0.0,0.0,0.0,0.0,0.0,0.0,0.0,0.0,0
0.0,2.0,3.0,4.0,0.5,0.79854,0.75,0.48148,0.63791,0.0,0.0,0.5,0.0,2
0.11764706,1.0,3.0,4.0,0.6666667,0.73151,0.7,0.81481,0.7633,0.0,0.0,0.5,0.0,2
0.29411766,1.0,3.0,4.0,0.368,0.4541509,0.4854914,0.45171478,0.4603787,2.0,0.0,0.0,0.0,2
0.05882353,1.0,3.0,4.0,0.8333333,0.12975,0.325,0.03704,0.13206,0.0,0.0,0.5,0.0,0
0.1764706,1.0,3.0,4.0,0.5,0.32861,0.625,0.37037,0.418,0.0,0.0,0.5,0.0,1
1.0,1.0,1.0,2.0,0.368,0.053000122,0.08895014,0.09991396,0.08353605,0.0,0.0,0.0,0.0,0
0.47058824,1.0,3.0,4.0,0.388,0.08774267,0.13141808,0.048711114,0.079651445,0.0,0.0,0.0,0.0,0
0.0,2.0,3.0,4.0,0.6666667,0.23682,0.7,0.62963,0.53065,0.0,0.0,0.5,0.0,1
0.8235294,1.0,1.0,2.0,0.368,0.15055326,0.08103263,0.22077581,0.16724136,0.0,0.0,0.0,0.0,0
0.64705884,1.0,1.0,3.0,0.342,0.104036845,0.04887426,0.07743662,0.07853966,0.0,0.0,0.0,0.0,0
0.1764706,2.0,3.0,4.0,0.8333333,0.85092,0.85,0.59259,0.72914,0.0,0.0,0.5,0.0,2
0.23529412,2.0,3.0,4.0,1.0,0.2922,0.675,0.11111,0.29705,0.0,0.0,0.5,0.0,1
0.11764706,2.0,3.0,4.0,0.33333334,0.3653,0.575,0.37037,0.41703,0.0,0.0,0.5,0.0,1
1.0,2.0,3.0,4.0,0.242,0.0705081,0.016946927,0.0,0.024725188,0.0,0.0,0.0,0.0,0
0.5294118,2.0,3.0,4.0,0.17,0.19213778,0.15265615,0.0,0.092430204,0.0,0.0,0.0,0.0,0
0.0,2.0,3.0,3.0,0.282,0.046236098,0.09204572,0.08067584,0.07322177,0.0,0.0,0.0,0.0,0
0.7058824,1.0,1.0,3.0,0.388,0.092117235,0.07674948,0.1636219,0.12215055,0.0,0.0,0.0,0.0,0
0.4117647,1.0,1.0,2.0,0.416,0.0,0.044387043,0.046198417,0.03218444,0.0,0.0,0.0,0.0,0
0.0,2.0,3.0,4.0,0.5,0.01838,0.325,0.0,0.08188,0.0,0.0,0.5,0.0,0
0.23529412,2.0,3.0,4.0,0.8333333,0.04855,0.475,0.18519,0.21319,0.0,0.0,0.5,0.0,0
0.5882353,2.0,2.0,5.0,0.576,0.07587927,0.050611403,0.10919282,0.08561085,0.0,0.0,0.0,0.0,0
0.1764706,1.0,3.0,4.0,1.0,0.0348979,0.09556408,0.0422034,0.052610178,0.0,0.0,0.0,0.0,0
0.11764706,2.0,3.0,4.0,0.6666667,0.31758,0.75,0.77778,0.63589,0.0,0.0,0.5,0.0,1
1.0,2.0,1.0,2.0,0.368,0.017701367,0.07987331,0.047107454,0.046168216,0.0,0.0,0.0,0.0,0
0.0,2.0,3.0,4.0,0.6666667,0.31364,0.625,0.22222,0.34388,0.0,0.0,0.5,0.0,1
0.9411765,2.0,1.0,3.0,0.368,0.016139872,0.0,0.0,0.0047470215,0.0,0.0,0.0,0.0,0
0.11764706,1.0,3.0,4.0,0.368,0.052786075,0.06712637,0.059489403,0.05931477,0.0,0.0,0.0,0.0,0
0.05882353,1.0,3.0,4.0,0.5,0.29445,0.45,0.07407,0.22734,0.0,0.0,0.5,0.0,1
1.0,1.0,1.0,5.0,0.146,0.11772497,0.08530994,0.13341391,0.11748093,0.0,0.0,0.0,0.0,0
0.11764706,2.0,3.0,4.0,0.33333334,0.7089,0.775,0.92593,0.82658,0.0,0.0,0.5,0.0,2
0.1764706,2.0,3.0,4.0,0.8333333,0.81804,0.7,0.62963,0.7016,0.0,0.0,0.5,0.0,2
0.05882353,2.0,3.0,4.0,0.6666667,0.44257,0.575,0.44444,0.47461,0.0,0.0,0.5,0.0,2
0.5882353,1.0,1.0,3.0,0.65,0.050560832,0.06967077,0.07313908,0.065682344,0.0,0.0,0.0,0.0,0
0.23529412,1.0,3.0,4.0,0.16666667,0.16684,0.625,0.22222,0.3007,0.0,0.0,0.5,0.0,0
0.1764706,1.0,3.0,4.0,0.8333333,0.44512,0.575,0.14815,0.33593,0.0,0.0,0.5,0.0,2
0.0,2.0,3.0,3.0,0.368,0.117227055,0.0014948414,0.08897825,0.07670239,0.0,0.0,0.0,0.0,0
0.1764706,2.0,3.0,4.0,0.5,0.15807,0.55,0.33333,0.33277,0.0,0.0,0.5,0.0,0
0.5294118,2.0,1.0,5.0,0.146,0.105138,0.0931402,0.1182257,0.108473904,0.0,0.0,0.0,0.0,0
0.0,1.0,3.0,4.0,0.33333334,0.10551,0.525,0.14815,0.22428,0.0,0.0,0.5,0.0,0
0.1764706,1.0,3.0,4.0,0.8333333,0.22138,0.575,0.14815,0.27012,0.0,0.0,0.5,0.0,1
0.1764706,1.0,3.0,4.0,1.0,0.24892,0.6,0.07407,0.24925,0.0,0.0,0.5,0.0,0
1.0,1.0,1.0,4.0,0.368,0.0,0.0,0.0,0.0,0.0,0.0,0.0,0.0,0
0.7058824,1.0,1.0,5.0,0.27,0.0,0.04511837,0.034249905,0.026733689,0.0,0.0,0.0,0.0,0
0.5294118,2.0,3.0,2.0,0.014,0.22298826,0.3297009,0.22947392,0.2511492,1.0,0.0,0.0,0.0,1
0.0,2.0,3.0,3.0,0.342,0.05925067,0.10263185,0.043529972,0.062060032,0.0,0.0,0.0,0.0,0
0.9411765,1.0,1.0,5.0,0.368,0.001744642,0.0,0.04424564,0.021334607,0.0,0.0,0.0,0.0,0
0.0,1.0,3.0,3.0,0.952,0.09925809,0.0571367,0.044216562,0.06344528,0.0,0.0,0.0,0.0,0
0.05882353,2.0,3.0,4.0,0.5,0.3666,0.6,0.33333,0.40586,0.0,0.0,0.5,0.0,1
0.0,2.0,3.0,4.0,0.5,0.4179,0.55,0.37037,0.42661,0.0,0.0,0.5,0.0,1
0.5294118,2.0,3.0,4.0,0.8333333,0.07806,0.55,0.0,0.15237,0.0,0.0,0.5,0.0,0
1.0,1.0,1.0,1.0,0.368,0.16421421,0.094095655,0.13288996,0.1329749,0.0,0.0,0.0,0.0,0
0.0,1.0,3.0,3.0,0.332,0.05022326,0.016961088,0.027223434,0.03157342,0.0,0.0,0.0,0.0,0
0.11764706,1.0,3.0,4.0,0.5,0.15492,0.45,0.14815,0.22116,0.0,0.0,0.5,0.0,0
0.11764706,2.0,3.0,4.0,0.33333334,0.25074,0.65,0.33333,0.38355,0.0,0.0,0.5,0.0,1
0.1764706,1.0,3.0,4.0,0.8333333,0.36823,0.575,0.07407,0.27846,0.0,0.0,0.5,0.0,1
0.1764706,2.0,3.0,4.0,0.8333333,0.3435,0.625,0.22222,0.35266,0.0,0.0,0.5,0.0,1
0.0,2.0,3.0,4.0,0.6666667,0.14822,0.65,0.07407,0.23139,0.0,0.0,0.5,0.0,1
0.5882353,2.0,3.0,5.0,1.0,0.056053277,0.041928336,0.09534261,0.071218856,0.0,0.0,0.0,0.0,0
1.0,1.0,3.0,2.0,0.288,0.07220653,0.027815972,0.14198694,0.09459953,0.0,0.0,0.0,0.0,0
0.05882353,2.0,3.0,4.0,0.6666667,0.29728,0.6,0.7037,0.55977,0.0,0.0,0.5,0.0,1
0.11764706,2.0,3.0,4.0,0.8333333,0.55907,0.525,0.37037,0.46225,0.0,0.0,0.5,0.0,2
0.0,2.0,3.0,3.0,0.032,0.023467746,0.13378455,0.0,0.03838099,0.0,0.0,0.0,0.0,0
0.88235295,2.0,3.0,3.0,0.236,0.06548406,0.015926745,0.07106632,0.056450464,0.0,0.0,0.0,0.0,0
0.3529412,1.0,1.0,5.0,0.8,0.06792937,0.14766708,0.061985128,0.083893895,0.0,0.0,0.0,0.0,0
0.1764706,1.0,3.0,4.0,0.6666667,0.28878,0.575,0.25926,0.34223,0.0,0.0,0.5,0.0,1
0.9411765,1.0,1.0,4.0,0.294,0.16158748,0.0038148884,0.05295514,0.07334341,0.0,0.0,0.0,0.0,0
0.0,2.0,3.0,4.0,0.5,0.09193,0.65,0.25926,0.30198,0.0,0.0,0.5,0.0,0
0.0,1.0,3.0,4.0,0.6666667,0.08519,0.575,0.03704,0.17778,0.0,0.0,0.5,0.0,0
0.11764706,2.0,3.0,4.0,0.33333334,0.22919,0.6,0.18519,0.29573,0.0,0.0,0.5,0.0,1
0.9411765,2.0,1.0,4.0,0.346,0.18388586,0.094426,0.1267999,0.1359725,0.0,0.0,0.0,0.0,0
0.11764706,2.0,3.0,4.0,0.5,0.21551,0.575,0.25926,0.32068,0.0,0.0,0.5,0.0,1
0.0,1.0,3.0,3.0,0.02,0.09910934,0.058592018,0.024173992,0.05431216,0.0,0.0,0.0,0.0,0
0.7647059,2.0,3.0,4.0,0.44,0.07673833,0.12513255,0.13853769,0.11720725,0.0,0.0,0.0,0.0,0
0.0,1.0,3.0,4.0,0.8333333,0.09931,0.625,0.07407,0.21113,0.0,0.0,0.5,0.0,0
0.0,1.0,3.0,4.0,0.33333334,0.12679,0.575,0.03704,0.19001,0.0,0.0,0.5,0.0,0
0.9411765,1.0,3.0,5.0,0.32,0.09666915,0.06542859,0.02134073,0.05386976,0.0,0.0,0.0,0.0,0
0.11764706,1.0,3.0,4.0,0.33333334,0.05119,0.625,0.11111,0.2144,0.0,0.0,0.5,0.0,0
0.05882353,2.0,3.0,4.0,0.33333334,0.35924,0.475,0.25926,0.33943,0.0,0.0,0.5,0.0,1
0.9411765,1.0,1.0,3.0,1.0,0.08644068,0.03564603,0.038544267,0.05194951,0.0,0.0,0.0,0.0,0
0.1764706,2.0,3.0,4.0,0.5,0.90266,0.575,0.88889,0.81908,0.0,0.0,0.5,0.0,2
0.88235295,1.0,1.0,3.0,0.862,0.0,0.0,0.0,0.0,0.0,0.0,0.0,0.0,0
0.0,2.0,3.0,4.0,0.33333334,0.3181,0.625,0.0,0.24062,0.0,0.0,0.5,0.0,1
0.0,1.0,3.0,3.0,0.518,0.0,0.09418444,0.064286746,0.05241363,0.0,0.0,0.0,0.0,0
0.7647059,2.0,1.0,1.0,0.162,0.033648357,0.0,0.0,0.0098965755,0.0,0.0,0.0,0.0,0
0.0,2.0,3.0,4.0,0.5,0.70083,0.55,0.48148,0.56212,0.0,0.0,0.5,0.0,2
0.47058824,1.0,1.0,3.0,0.388,0.043377083,0.044003107,0.031037452,0.037717495,0.0,0.0,0.0,0.0,0
0.0,2.0,3.0,4.0,0.33333334,0.41751,0.55,0.33333,0.40907,0.0,0.0,0.5,0.0,1
0.1764706,1.0,3.0,4.0,0.33333334,0.28695,0.65,0.44444,0.44649,0.0,0.0,0.5,0.0,1
0.8235294,1.0,2.0,4.0,0.348,0.0,0.075984076,0.016944533,0.025852503,0.0,0.0,0.0,0.0,0
0.11764706,1.0,3.0,3.0,0.224,0.0,0.023067506,0.0,0.0054276483,0.0,0.0,0.0,0.0,0
0.9411765,2.0,1.0,4.0,0.304,0.14484082,0.11497809,0.08890647,0.11149225,0.0,0.0,0.0,0.0,0
0.4117647,2.0,3.0,3.0,0.086,0.276528,0.19512597,0.3048874,0.27072018,1.0,0.0,0.0,0.0,1
0.05882353,1.0,3.0,3.0,0.236,0.062125485,0.04336617,0.106480375,0.07858442,0.0,0.0,0.0,0.0,0
0.88235295,2.0,2.0,2.0,0.378,0.10956604,0.06772335,0.0,0.048160214,0.0,0.0,0.0,0.0,0
0.05882353,2.0,3.0,3.0,0.148,0.0065936907,0.042308673,0.0,0.011894302,0.0,0.0,0.0,0.0,0
0.5882353,2.0,1.0,5.0,0.738,0.112813964,0.09751207,0.03326157,0.0717771,0.0,0.0,0.0,0.0,0
0.05882353,1.0,3.0,4.0,0.6666667,0.51472,0.7,0.62963,0.61239,0.0,0.0,0.5,0.0,2
0.5882353,1.0,3.0,3.0,0.21,0.36687386,0.27091238,0.338655,0.33101523,1.0,0.0,0.0,0.0,1
0.29411766,2.0,3.0,3.0,0.23,0.06623261,0.0,0.07149119,0.05312309,0.0,0.0,0.0,0.0,0
0.1764706,2.0,3.0,4.0,0.16666667,0.29636,0.6,0.51852,0.47235,0.0,0.0,0.5,0.0,1
0.23529412,1.0,3.0,2.0,0.308,0.0,0.17881761,0.0251728,0.053920757,0.0,0.0,0.0,0.0,0
0.47058824,1.0,1.0,4.0,0.556,0.077590674,0.06603379,0.03792368,0.056204583,0.0,0.0,0.0,0.0,0
0.23529412,1.0,3.0,4.0,0.6666667,0.61455,0.65,0.51852,0.5777,0.0,0.0,0.5,0.0,2
0.0,1.0,3.0,3.0,0.238,0.16768895,0.11494755,0.0,0.07636676,0.0,0.0,0.0,0.0,0
0.0,2.0,3.0,4.0,1.0,0.11822,0.575,0.0,0.17007,0.0,0.0,0.5,0.0,0
0.0,1.0,3.0,3.0,0.096,0.0747175,0.11449967,0.043455034,0.06936626,0.0,0.0,0.0,0.0,0
0.0,2.0,3.0,4.0,1.0,0.32598,0.7,0.48148,0.48716,0.0,0.0,0.5,0.0,2
0.64705884,2.0,3.0,2.0,0.116,0.0026308114,0.03737854,0.0,0.009568718,0.0,0.0,0.0,0.0,0
0.11764706,1.0,3.0,4.0,0.8333333,0.45946,0.475,0.33333,0.40376,0.0,0.0,0.5,0.0,2
0.7647059,2.0,3.0,4.0,0.368,0.0,0.11885211,0.108139746,0.078854494,0.0,0.0,0.0,0.0,0
0.1764706,1.0,3.0,4.0,0.16666667,0.04639,0.55,0.11111,0.19534,0.0,0.0,0.5,0.0,0
0.64705884,2.0,1.0,3.0,0.832,0.09110831,0.11315678,0.12775908,0.11354361,0.0,0.0,0.0,0.0,0
0.0,2.0,3.0,4.0,0.5,0.18228,0.575,0.40741,0.38063,0.0,0.0,0.5,0.0,1
0.7647059,2.0,3.0,4.0,1.0,0.42338,0.6,0.66667,0.57943,0.0,0.0,0.5,0.0,2
0.1764706,1.0,3.0,4.0,0.16666667,0.60143,0.65,0.18519,0.41698,0.0,0.0,0.5,0.0,2
0.11764706,1.0,3.0,4.0,0.6666667,0.20103,0.55,0.0,0.18854,0.0,0.0,0.5,0.0,0
0.0,2.0,3.0,4.0,0.8333333,0.40898,0.675,0.51852,0.52312,0.0,0.0,0.5,0.0,2
0.05882353,1.0,3.0,4.0,0.33333334,0.92145,0.7,0.81481,0.81916,0.0,0.0,0.5,0.0,2
0.11764706,1.0,3.0,4.0,0.8333333,0.0,0.45,0.07407,0.14074,0.0,0.0,0.5,0.0,0
0.7647059,2.0,3.0,3.0,0.14,0.084034115,0.0,0.09341394,0.068675414,0.0,0.0,0.0,0.0,0
0.0,1.0,3.0,3.0,0.368,0.11613687,0.0055150464,0.06118146,0.06424683,0.0,0.0,0.0,0.0,0
0.7647059,2.0,2.0,4.0,0.026,0.0,0.058182683,0.0,0.013690043,0.0,0.0,0.0,0.0,0
0.11764706,1.0,3.0,4.0,0.368,0.011626973,0.038537502,0.006069085,0.015343386,0.0,0.0,0.0,0.0,0
0.05882353,2.0,3.0,4.0,0.5,0.0,0.525,0.14815,0.19325,0.0,0.0,0.5,0.0,0
0.0,2.0,3.0,4.0,0.33333334,0.81603,0.925,1.0,0.92824,0.0,0.0,0.5,0.0,2
0.23529412,2.0,3.0,4.0,0.358,0.017923588,0.060947083,0.014065247,0.026231073,0.0,0.0,0.0,0.0,0
0.7058824,2.0,3.0,4.0,0.286,0.08924426,0.025197633,0.015211805,0.039335664,0.0,0.0,0.0,0.0,0
0.64705884,1.0,3.0,4.0,0.6666667,0.35487,0.55,0.11111,0.28607,0.0,0.0,0.5,0.0,1
0.0,2.0,3.0,4.0,0.6666667,0.56641,0.675,0.7037,0.65657,0.0,0.0,0.5,0.0,2
0.29411766,1.0,3.0,3.0,0.618,0.13790146,0.09211438,0.10222607,0.11033961,0.0,0.0,0.0,0.0,0
0.1764706,1.0,3.0,2.0,0.48,0.05013288,0.0012819936,0.045742743,0.03657261,0.0,0.0,0.0,0.0,0
0.11764706,2.0,3.0,4.0,0.082,0.061129346,0.12446615,0.03190434,0.06227918,0.0,0.0,0.0,0.0,0
0.0,1.0,3.0,4.0,0.6666667,0.36909,0.525,0.22222,0.33666,0.0,0.0,0.5,0.0,1
0.11764706,2.0,3.0,4.0,0.6666667,0.74833,0.75,0.55556,0.658,0.0,0.0,0.5,0.0,2
0.23529412,2.0,3.0,4.0,0.33333334,0.0,0.525,0.0,0.12353,0.0,0.0,0.5,0.0,0
0.05882353,2.0,3.0,4.0,1.0,0.47817,0.525,0.59259,0.54303,0.0,0.0,0.5,0.0,2
0.29411766,1.0,3.0,4.0,0.5,0.31215,0.55,0.25926,0.34323,0.0,0.0,0.5,0.0,1
0.0,2.0,3.0,3.0,0.368,0.15931502,0.053984404,0.009641273,0.06409664,0.0,0.0,0.0,0.0,0
0.3529412,1.0,3.0,4.0,0.5,0.88158,0.8,0.88889,0.86582,0.0,0.0,0.5,0.0,2
0.11764706,2.0,3.0,4.0,1.0,0.38223,0.625,0.55556,0.52092,0.0,0.0,0.5,0.0,1
0.7058824,1.0,3.0,3.0,0.272,0.0,0.06633074,0.010648276,0.020618185,0.0,0.0,0.0,0.0,0
0.4117647,1.0,3.0,5.0,1.0,0.12674071,0.0827804,0.100048326,0.103835985,0.0,0.0,0.0,0.0,0
0.05882353,1.0,3.0,4.0,0.5,0.48186,0.7,0.44444,0.51558,0.0,0.0,0.5,0.0,2
0.64705884,2.0,1.0,1.0,0.05,0.03266805,0.010078876,0.085583515,0.052254345,0.0,0.0,0.0,0.0,0
0.4117647,1.0,3.0,5.0,0.754,0.0,0.0,0.007689884,0.0036187689,0.0,0.0,0.0,0.0,0
0.1764706,2.0,3.0,4.0,0.5,0.3132,0.65,0.51852,0.48907,0.0,0.0,0.5,0.0,1
0.05882353,1.0,3.0,3.0,0.368,0.0070878733,0.07948964,0.004955981,0.02312034,0.0,0.0,0.0,0.0,0
0.0,1.0,3.0,3.0,1.0,0.0,0.054621216,0.031464797,0.027659014,0.0,0.0,0.0,0.0,0
0.5882353,2.0,1.0,4.0,0.81,0.102096796,0.037248988,0.03664518,0.056037728,0.0,0.0,0.0,0.0,0
0.29411766,2.0,1.0,5.0,0.248,0.16980511,0.010735723,0.017180506,0.060553677,0.0,0.0,0.0,0.0,0
0.11764706,1.0,3.0,4.0,0.33333334,0.06401,0.55,0.07407,0.1831,0.0,0.0,0.5,0.0,0
0.11764706,2.0,3.0,4.0,0.6666667,0.60905,0.8,0.37037,0.54166,0.0,0.0,0.5,0.0,2
0.1764706,1.0,3.0,4.0,0.8333333,0.05019,0.5,0.25926,0.25441,0.0,0.0,0.5,0.0,0
0.88235295,2.0,3.0,4.0,0.8333333,0.51259,0.85,0.51852,0.59477,0.0,0.0,0.5,0.0,2
0.8235294,1.0,1.0,4.0,0.666,0.28596333,0.29065862,0.3561099,0.32007825,1.0,0.0,0.0,0.0,1
0.05882353,1.0,3.0,3.0,0.368,0.04305212,0.12900975,0.08962292,0.08519312,0.0,0.0,0.0,0.0,0
0.0,2.0,3.0,4.0,0.8333333,0.15552,0.575,0.07407,0.21589,0.0,0.0,0.5,0.0,0
0.05882353,1.0,3.0,4.0,0.6666667,0.45873,0.65,0.74074,0.63645,0.0,0.0,0.5,0.0,2
0.4117647,2.0,3.0,3.0,0.512,0.0,0.0,0.057000015,0.026823537,0.0,0.0,0.0,0.0,0
0.7647059,2.0,3.0,4.0,0.2,0.084315166,0.09164059,0.028539572,0.059791457,0.0,0.0,0.0,0.0,0
0.05882353,1.0,3.0,3.0,0.652,0.0915481,0.03403988,0.07202074,0.068827406,0.0,0.0,0.0,0.0,0
0.29411766,2.0,3.0,4.0,0.458,0.12434544,0.11828984,0.1522152,0.13603577,0.0,0.0,0.0,0.0,0
0.0,2.0,3.0,3.0,0.23,0.094148986,0.0,0.08701789,0.06864047,0.0,0.0,0.0,0.0,0
0.29411766,2.0,3.0,4.0,1.0,0.022340145,0.006674849,0.124135554,0.066557914,0.0,0.0,0.0,0.0,0
0.05882353,1.0,3.0,4.0,1.0,0.08407,0.5,0.0,0.14237,0.0,0.0,0.5,0.0,0
0.29411766,1.0,3.0,5.0,0.094,0.041554306,0.062323567,0.06819357,0.058977313,0.0,0.0,0.0,0.0,0
0.64705884,2.0,3.0,5.0,0.476,0.055015445,0.11513196,0.11416223,0.09699429,0.0,0.0,0.0,0.0,0
0.23529412,1.0,3.0,4.0,0.75,0.13405381,0.050692957,0.093330435,0.09527555,0.0,0.0,0.0,0.0,0
0.0,2.0,3.0,3.0,0.266,0.0069120717,0.0,0.0,0.0020329622,0.0,0.0,0.0,0.0,0
0.29411766,2.0,3.0,4.0,0.5,0.27915,0.475,0.33333,0.35073,0.0,0.0,0.5,0.0,1
0.29411766,2.0,3.0,4.0,0.8333333,0.34231,0.55,0.18519,0.31724,0.0,0.0,0.5,0.0,1
0.7647059,2.0,1.0,5.0,0.838,0.09658385,0.0645012,0.13537997,0.10729199,0.0,0.0,0.0,0.0,0
0.47058824,1.0,1.0,4.0,0.454,0.16836336,0.1741171,0.13832667,0.15558228,0.0,0.0,0.0,0.0,0
0.7058824,1.0,1.0,2.0,0.364,0.10488314,0.04577849,0.1371904,0.10617958,0.0,0.0,0.0,0.0,0
0.05882353,1.0,3.0,4.0,0.33333334,0.65955,0.7,0.48148,0.58527,0.0,0.0,0.5,0.0,2
0.11764706,1.0,3.0,4.0,0.33333334,0.28248,0.45,0.25926,0.31097,0.0,0.0,0.5,0.0,1
0.5882353,2.0,1.0,3.0,0.284,0.0,0.07396266,0.0,0.017402979,0.0,0.0,0.0,0.0,0
0.05882353,1.0,3.0,4.0,0.5,0.30697,0.45,0.22222,0.30074,0.0,0.0,0.5,0.0,1
0.05882353,2.0,3.0,4.0,0.8333333,0.19823,0.55,0.11111,0.24,0.0,0.0,0.5,0.0,0
0.47058824,1.0,3.0,4.0,0.33333334,0.32135,0.6,0.33333,0.39255,0.0,0.0,0.5,0.0,1
0.23529412,1.0,3.0,4.0,0.8333333,0.2187,0.525,0.14815,0.25757,0.0,0.0,0.5,0.0,1
0.88235295,1.0,1.0,5.0,0.784,0.02650787,0.09967684,0.043078654,0.051522113,0.0,0.0,0.0,0.0,0
0.29411766,2.0,3.0,4.0,0.8333333,0.49347,0.65,0.48148,0.52466,0.0,0.0,0.5,0.0,2
0.64705884,1.0,3.0,5.0,0.3,0.0,0.05601822,0.061667822,0.042200908,0.0,0.0,0.0,0.0,0
0.1764706,2.0,3.0,4.0,0.33333334,0.34638,0.675,0.40741,0.45242,0.0,0.0,0.5,0.0,1
0.0,2.0,3.0,4.0,1.0,0.49606,0.725,0.11111,0.36878,0.0,0.0,0.5,0.0,2
0.11764706,1.0,3.0,3.0,0.686,0.07300749,0.024176916,0.0,0.027161475,0.0,0.0,0.0,0.0,0
0.8235294,2.0,1.0,3.0,0.404,0.0,0.026718767,0.10801949,0.05711947,0.0,0.0,0.0,0.0,0
0.05882353,1.0,3.0,3.0,0.166,0.33080673,0.28077105,0.32692325,0.3172061,1.0,0.0,0.0,0.0,1
0.23529412,2.0,3.0,4.0,0.8333333,0.59825,0.675,0.62963,0.63107,0.0,0.0,0.5,0.0,2
0.05882353,2.0,3.0,3.0,0.368,0.0,0.057781488,0.0,0.013595644,0.0,0.0,0.0,0.0,0
0.5882353,2.0,1.0,4.0,0.226,0.07410082,0.06982781,0.13420744,0.10138088,0.0,0.0,0.0,0.0,0
0.23529412,2.0,3.0,4.0,0.33333334,0.07523,0.55,0.18519,0.23868,0.0,0.0,0.5,0.0,0
0.1764706,2.0,3.0,4.0,0.8333333,0.89772,0.775,0.92593,0.88212,0.0,0.0,0.5,0.0,2
0.1764706,1.0,3.0,4.0,0.8333333,0.29038,0.575,0.37037,0.39499,0.0,0.0,0.5,0.0,1
0.0,1.0,3.0,4.0,0.8333333,0.30408,0.575,0.07407,0.25959,0.0,0.0,0.5,0.0,1
0.11764706,2.0,3.0,4.0,0.16666667,0.30635,0.775,0.18519,0.3596,0.0,0.0,0.5,0.0,1
0.9411765,1.0,3.0,4.0,0.378,0.023126887,0.08915635,0.04078429,0.046972595,0.0,0.0,0.0,0.0,0
0.0,1.0,3.0,4.0,0.8333333,0.0,0.6,0.40741,0.3329,0.0,0.0,0.5,0.0,0
0.29411766,1.0,3.0,4.0,0.6666667,0.43064,0.7,0.2963,0.4308,0.0,0.0,0.5,0.0,1
0.5294118,1.0,3.0,4.0,1.0,0.18713379,0.046372544,0.17568009,0.14862351,0.0,0.0,0.0,0.0,0
0.23529412,2.0,3.0,4.0,0.6666667,0.42998,0.675,0.2963,0.42472,0.0,0.0,0.5,0.0,2
0.0,2.0,3.0,4.0,0.5,0.57963,0.7,0.51852,0.5792,0.0,0.0,0.5,0.0,2
0.88235295,2.0,1.0,5.0,1.0,0.02083175,0.033493113,0.015147574,0.021135988,0.0,0.0,0.0,0.0,0
0.5882353,1.0,3.0,2.0,0.43,0.0062694075,0.10555336,0.12183108,0.0840123,0.0,0.0,0.0,0.0,0
0.0,2.0,3.0,4.0,0.16666667,0.74633,0.7,0.77778,0.75023,0.0,0.0,0.5,0.0,2
0.9411765,1.0,3.0,5.0,0.912,0.02981572,0.09005792,0.08162591,0.068371624,0.0,0.0,0.0,0.0,0
0.05882353,1.0,3.0,4.0,0.6666667,0.01644,0.525,0.0,0.12836,0.0,0.0,0.5,0.0,0
0.3529412,2.0,3.0,5.0,0.368,0.0,0.0,0.067779474,0.031896222,0.0,0.0,0.0,0.0,0
0.05882353,2.0,3.0,4.0,0.6666667,0.6975,0.825,0.44444,0.60841,0.0,0.0,0.5,0.0,2
1.0,1.0,3.0,4.0,0.578,0.064578325,0.01133246,0.06963443,0.05442923,0.0,0.0,0.0,0.0,0
0.3529412,1.0,1.0,3.0,0.198,0.04725529,0.090986975,0.059048127,0.06309467,0.0,0.0,0.0,0.0,0
0.64705884,1.0,3.0,3.0,0.048,0.081274465,0.16871364,0.0,0.06360158,0.0,0.0,0.0,0.0,0
0.11764706,2.0,1.0,3.0,0.108,0.18402992,0.069111586,0.07861372,0.10738269,0.0,0.0,0.0,0.0,0
0.0,2.0,3.0,4.0,0.5,0.16429,0.625,0.11111,0.24767,0.0,0.0,0.5,0.0,0
0.3529412,1.0,3.0,4.0,0.184,0.1352484,0.0,0.009677696,0.04433315,0.0,0.0,0.0,0.0,0
0.7058824,1.0,1.0,4.0,0.788,0.069966905,0.0,0.06214512,0.049823266,0.0,0.0,0.0,0.0,0
0.5882353,2.0,2.0,4.0,0.17,0.07628491,0.0,0.0,0.022436738,0.0,0.0,0.0,0.0,0
0.7058824,1.0,1.0,3.0,0.664,0.079071276,0.04739788,0.066836335,0.06586109,0.0,0.0,0.0,0.0,0
0.1764706,2.0,3.0,4.0,0.6666667,0.29047,0.675,0.55556,0.50569,0.0,0.0,0.5,0.0,1
0.0,2.0,3.0,4.0,0.16666667,0.32171,0.55,0.14815,0.29375,0.0,0.0,0.5,0.0,1
0.23529412,2.0,3.0,4.0,1.0,0.13625,0.5,0.14815,0.22744,0.0,0.0,0.5,0.0,0
0.7058824,2.0,1.0,2.0,0.368,0.0,0.028604787,0.07733057,0.043121394,0.0,0.0,0.0,0.0,0
0.23529412,2.0,3.0,4.0,1.0,0.32982,0.6,0.33333,0.39505,0.0,0.0,0.5,0.0,1
0.1764706,1.0,3.0,4.0,1.0,0.59017,0.775,0.66667,0.66966,0.0,0.0,0.5,0.0,2
0.4117647,1.0,3.0,4.0,0.5,0.08501,0.525,0.03704,0.16596,0.0,0.0,0.5,0.0,0
0.23529412,1.0,3.0,4.0,0.33333334,0.46475,0.525,0.2963,0.39965,0.0,0.0,0.5,0.0,2
0.11764706,1.0,3.0,4.0,0.5,0.64678,0.5,0.59259,0.58674,0.0,0.0,0.5,0.0,2
0.64705884,1.0,3.0,4.0,0.116,0.00724029,0.15921763,0.039790798,0.058317553,0.0,0.0,0.0,0.0,0
0.64705884,1.0,3.0,4.0,0.308,0.17655095,0.0534958,0.18498759,0.15156698,0.0,0.0,0.0,0.0,0
0.0,1.0,3.0,4.0,0.5,0.2669,0.65,0.11111,0.28373,0.0,0.0,0.5,0.0,1
0.64705884,1.0,1.0,5.0,0.752,0.0,0.016831186,0.03976151,0.022671578,0.0,0.0,0.0,0.0,0
0.7647059,2.0,3.0,2.0,0.486,0.20092437,0.11279416,0.091360174,0.12862822,0.0,0.0,0.0,0.0,0
0.05882353,1.0,3.0,3.0,0.362,0.20235923,0.31439805,0.28253698,0.266452,1.0,0.0,0.0,0.0,1
0.23529412,1.0,1.0,3.0,0.388,0.005366476,0.049645737,0.09334843,0.0571884,0.0,0.0,0.0,0.0,0
0.0,1.0,3.0,4.0,0.33333334,0.43799,0.475,0.11111,0.29287,0.0,0.0,0.5,0.0,2
0.7647059,1.0,1.0,5.0,1.0,0.0,0.0,0.14322525,0.06740011,0.0,0.0,0.0,0.0,0
0.05882353,2.0,3.0,4.0,0.8333333,0.32647,0.65,0.18519,0.33611,0.0,0.0,0.5,0.0,1
0.05882353,2.0,3.0,4.0,0.5,0.16326,0.55,0.03704,0.19486,0.0,0.0,0.5,0.0,1
0.0,2.0,3.0,4.0,0.5,0.62643,0.625,0.85185,0.73217,0.0,0.0,0.5,0.0,2
0.0,1.0,3.0,4.0,0.6666667,0.86213,0.65,0.74074,0.75509,0.0,0.0,0.5,0.0,2
0.1764706,1.0,3.0,4.0,0.8333333,0.22545,0.475,0.11111,0.23036,0.0,0.0,0.5,0.0,0
0.47058824,2.0,1.0,5.0,1.0,0.35446087,0.27594233,0.2982671,0.3095418,1.0,0.0,0.0,0.0,1
0.11764706,2.0,3.0,4.0,0.292,0.05929024,0.07987598,0.08936475,0.078286655,0.0,0.0,0.0,0.0,0
0.5882353,2.0,1.0,4.0,0.136,0.11696854,0.07501933,0.0069618113,0.055330265,0.0,0.0,0.0,0.0,0
0.29411766,1.0,3.0,3.0,0.0,0.033559307,0.005530432,0.10665959,0.06136441,0.0,0.0,0.0,0.0,0
0.8235294,1.0,2.0,5.0,1.0,0.038871232,0.066763364,0.0,0.027141742,0.0,0.0,0.0,0.0,0
0.7647059,2.0,2.0,4.0,0.354,0.13715333,0.116083436,0.10844279,0.118684866,0.0,0.0,0.0,0.0,0
0.11764706,1.0,3.0,4.0,0.8333333,0.0,0.525,0.11111,0.17582,0.0,0.0,0.5,0.0,0
0.11764706,2.0,3.0,4.0,1.0,0.30271,0.575,0.18519,0.31147,0.0,0.0,0.5,0.0,1
0.64705884,1.0,1.0,3.0,0.334,0.116256535,0.021775087,0.05867779,0.06692973,0.0,0.0,0.0,0.0,0
0.88235295,1.0,1.0,3.0,0.408,0.12341295,0.008945544,0.0,0.038402762,0.0,0.0,0.0,0.0,0
0.1764706,1.0,3.0,3.0,0.214,0.19206521,0.12926397,0.15901703,0.16173635,0.0,0.0,0.0,0.0,0
0.9411765,2.0,1.0,4.0,0.22,0.0,0.00630826,0.022371035,0.012011843,0.0,0.0,0.0,0.0,0
0.23529412,2.0,3.0,4.0,1.0,0.15573,0.725,0.25926,0.33839,0.0,0.0,0.5,0.0,0
0.23529412,1.0,3.0,4.0,0.5,0.23296,0.525,0.22222,0.29662,0.0,0.0,0.5,0.0,1
0.1764706,2.0,1.0,2.0,0.48,0.08115491,0.0,0.089824155,0.06613928,0.0,0.0,0.0,0.0,0
1.0,2.0,1.0,3.0,0.364,0.0,0.09339555,0.1000689,0.06906667,0.0,0.0,0.0,0.0,0
0.1764706,1.0,3.0,4.0,0.6666667,0.20256,0.475,0.07407,0.2062,0.0,0.0,0.5,0.0,1
0.0,2.0,3.0,4.0,0.8333333,0.31556,0.625,0.37037,0.41416,0.0,0.0,0.5,0.0,1
0.0,1.0,3.0,3.0,0.638,0.0066345655,0.0724019,0.08751814,0.060172092,0.0,0.0,0.0,0.0,0
0.0,2.0,3.0,3.0,0.0,0.0,0.057853896,0.0003381209,0.013771797,0.0,0.0,0.0,0.0,0
0.05882353,2.0,3.0,4.0,0.8333333,0.44773,0.6,0.37037,0.44715,0.0,0.0,0.5,0.0,2
0.88235295,2.0,2.0,4.0,0.114,0.0,0.16233197,0.0,0.03819576,0.0,0.0,0.0,0.0,0
0.3529412,2.0,3.0,4.0,1.0,0.3413,0.6,0.33333,0.39842,0.0,0.0,0.5,0.0,1
0.3529412,2.0,1.0,4.0,0.486,0.021122169,0.0,0.0006746552,0.0065298877,0.0,0.0,0.0,0.0,0
0.0,2.0,3.0,4.0,0.6666667,0.08803,0.5,0.14815,0.21325,0.0,0.0,0.5,0.0,0
0.64705884,1.0,1.0,3.0,0.162,0.06526211,0.02938651,0.0,0.026109211,0.0,0.0,0.0,0.0,0
0.05882353,2.0,3.0,4.0,0.6666667,0.86665,0.775,0.81481,0.82069,0.0,0.0,0.5,0.0,2
0.4117647,2.0,1.0,4.0,0.43,0.04657865,0.0,0.020262005,0.023234664,0.0,0.0,0.0,0.0,0
0.0,1.0,3.0,3.0,0.0,0.05993258,0.026120307,0.013363813,0.030062037,0.0,0.0,0.0,0.0,0
0.1764706,2.0,3.0,4.0,0.192,0.0,0.077436276,0.0,0.0182203,0.0,0.0,0.0,0.0,0
0.05882353,1.0,3.0,4.0,0.8333333,0.46077,0.7,0.40741,0.49195,0.0,0.0,0.5,0.0,2
0.29411766,1.0,1.0,2.0,0.544,0.09205764,0.040570233,0.03412254,0.05267938,0.0,0.0,0.0,0.0,0
0.5882353,1.0,2.0,3.0,0.046,0.109817624,0.002330078,0.026714971,0.045419306,0.0,0.0,0.0,0.0,0
0.23529412,1.0,3.0,4.0,0.33333334,0.23446,0.525,0.11111,0.24477,0.0,0.0,0.5,0.0,0
0.0,2.0,3.0,4.0,0.16666667,0.34319,0.625,0.2963,0.38743,0.0,0.0,0.5,0.0,1
0.05882353,2.0,3.0,4.0,0.6666667,0.18527,0.575,0.18519,0.27693,0.0,0.0,0.5,0.0,1
0.88235295,1.0,1.0,4.0,1.0,0.08433309,0.11889436,0.022262761,0.063255586,0.0,0.0,0.0,0.0,0
0.3529412,1.0,3.0,4.0,0.166,0.06453396,0.10370316,0.09869068,0.08982399,0.0,0.0,0.0,0.0,0
0.11764706,2.0,3.0,4.0,0.146,0.028638951,0.04695123,0.033165492,0.03507786,0.0,0.0,0.0,0.0,0
0.11764706,2.0,3.0,4.0,0.12,0.11590255,0.123577446,0.09680425,0.10872097,0.0,0.0,0.0,0.0,0
0.1764706,2.0,3.0,4.0,0.8333333,0.71977,0.75,0.2963,0.5276,0.0,0.0,0.5,0.0,2
0.05882353,1.0,3.0,4.0,0.6666667,0.49135,0.75,0.7037,0.65214,0.0,0.0,0.5,0.0,2
0.1764706,2.0,3.0,4.0,0.6666667,0.81285,0.575,0.51852,0.61838,0.0,0.0,0.5,0.0,2
0.0,1.0,3.0,3.0,0.01,0.10672372,0.17010944,0.10700175,0.12176885,0.0,0.0,0.0,0.0,0
0.5294118,1.0,1.0,3.0,0.368,0.071054704,0.110621065,0.046322316,0.06872567,0.0,0.0,0.0,0.0,0
0.11764706,1.0,3.0,4.0,0.16666667,0.12414,0.55,0.07407,0.20078,0.0,0.0,0.5,0.0,0
0.3529412,1.0,3.0,4.0,0.6666667,0.48949,0.625,0.59259,0.56989,0.0,0.0,0.5,0.0,2
0.1764706,1.0,3.0,4.0,0.5,0.44388,0.625,0.74074,0.62619,0.0,0.0,0.5,0.0,1
0.0,1.0,3.0,4.0,0.8333333,0.33051,0.55,0.14815,0.29634,0.0,0.0,0.5,0.0,1
0.05882353,2.0,3.0,4.0,0.5,0.26684,0.525,0.25926,0.32402,0.0,0.0,0.5,0.0,1
0.1764706,2.0,3.0,4.0,0.498,0.04033341,0.042892855,0.013725185,0.028414115,0.0,0.0,0.0,0.0,0
0.64705884,2.0,1.0,2.0,0.07,0.122590065,0.09010712,0.04043089,0.07628388,0.0,0.0,0.0,0.0,0
0.4117647,1.0,3.0,3.0,1.0,0.16230322,0.0,0.11559615,0.10213444,0.0,0.0,0.0,0.0,0
0.7058824,1.0,2.0,5.0,0.368,0.0,0.001332075,0.02630715,0.012693265,0.0,0.0,0.0,0.0,0
0.7647059,1.0,3.0,4.0,0.148,0.0,0.0,0.009505141,0.0044730073,0.0,0.0,0.0,0.0,0
0.1764706,2.0,3.0,4.0,0.68,0.06480669,0.009785774,0.0,0.021363327,0.0,0.0,0.0,0.0,0
0.11764706,1.0,3.0,2.0,0.368,0.13960646,0.10505711,0.006781819,0.068971485,0.0,0.0,0.0,0.0,0
0.11764706,2.0,3.0,4.0,0.5,0.09285,0.575,0.22222,0.26718,0.0,0.0,0.5,0.0,0
0.0,2.0,3.0,4.0,1.0,0.63722,0.75,0.44444,0.57304,0.0,0.0,0.5,0.0,2
0.1764706,2.0,3.0,4.0,0.5,0.22202,0.475,0.14815,0.24678,0.0,0.0,0.5,0.0,1
0.0,1.0,3.0,4.0,0.16666667,0.35819,0.525,0.07407,0.26374,0.0,0.0,0.5,0.0,1
0.9411765,1.0,1.0,5.0,0.704,0.03715977,0.07047395,0.0,0.027511448,0.0,0.0,0.0,0.0,0
0.7058824,1.0,1.0,4.0,0.288,0.042015407,0.0,0.04060481,0.03146562,0.0,0.0,0.0,0.0,0
0.7058824,2.0,1.0,5.0,0.532,0.13543181,0.10020587,0.046141468,0.085124366,0.0,0.0,0.0,0.0,0
0.05882353,2.0,3.0,4.0,0.5,0.21895,0.6,0.07407,0.24043,0.0,0.0,0.5,0.0,1
0.05882353,2.0,3.0,3.0,0.034,0.10203034,0.12770367,0.0,0.060056843,0.0,0.0,0.0,0.0,0
0.7058824,2.0,1.0,5.0,0.368,0.0,0.07707171,0.057637468,0.045258034,0.0,0.0,0.0,0.0,0
0.0,1.0,3.0,4.0,0.33333334,0.59674,0.675,0.44444,0.54348,0.0,0.0,0.5,0.0,2
0.1764706,2.0,3.0,4.0,0.24,0.10270471,0.122553,0.0009619091,0.059495933,0.0,0.0,0.0,0.0,0
0.23529412,1.0,3.0,4.0,0.6666667,0.43663,0.675,0.2963,0.42668,0.0,0.0,0.5,0.0,1
0.7058824,1.0,3.0,3.0,0.368,0.12582469,0.11429922,0.034410663,0.08009445,0.0,0.0,0.0,0.0,0
0.8235294,2.0,1.0,5.0,0.732,0.029325247,0.059443876,0.047196362,0.044821918,0.0,0.0,0.0,0.0,0
0.64705884,2.0,3.0,4.0,0.034,0.08321799,0.04692155,0.18580107,0.122952044,0.0,0.0,0.0,0.0,0
0.05882353,2.0,3.0,4.0,0.16666667,0.56222,0.65,0.37037,0.49259,0.0,0.0,0.5,0.0,2
0.05882353,2.0,3.0,3.0,0.0,0.0143099595,0.014369591,0.0059291217,0.010380067,0.0,0.0,0.0,0.0,0
0.1764706,1.0,3.0,4.0,0.6666667,0.55415,0.575,0.51852,0.54229,0.0,0.0,0.5,0.0,2
0.47058824,1.0,3.0,4.0,0.8333333,0.2112,0.575,0.11111,0.2497,0.0,0.0,0.5,0.0,0
0.29411766,1.0,3.0,5.0,0.868,0.09815365,0.015572062,0.06448298,0.06287767,0.0,0.0,0.0,0.0,0
0.64705884,2.0,3.0,4.0,0.368,0.004704282,0.11535685,0.11234568,0.081394956,0.0,0.0,0.0,0.0,0
0.11764706,1.0,3.0,4.0,0.5,0.20254,0.55,0.22222,0.29356,0.0,0.0,0.5,0.0,0
0.0,1.0,3.0,3.0,0.71,0.023094935,0.09071639,0.039529625,0.04673984,0.0,0.0,0.0,0.0,0
0.4117647,2.0,3.0,4.0,0.6666667,0.44326,0.625,0.44444,0.48658,0.0,0.0,0.5,0.0,1
0.11764706,2.0,3.0,4.0,0.5,0.54136,0.55,0.59259,0.5675,0.0,0.0,0.5,0.0,2
0.11764706,2.0,3.0,4.0,0.8333333,0.41364,0.675,0.77778,0.64649,0.0,0.0,0.5,0.0,2
0.05882353,1.0,3.0,4.0,0.33333334,0.47559,0.65,0.59259,0.57169,0.0,0.0,0.5,0.0,2
0.64705884,1.0,1.0,4.0,1.0,0.17497271,0.11480105,0.15214087,0.15007028,0.0,0.0,0.0,0.0,0
0.4117647,2.0,1.0,3.0,0.106,0.026396673,0.048118625,0.0,0.019085757,0.0,0.0,0.0,0.0,0
0.9411765,1.0,1.0,4.0,0.212,0.03556662,0.0045377985,0.09006979,0.053914275,0.0,0.0,0.0,0.0,0
1.0,2.0,2.0,4.0,0.164,0.0,0.030292064,0.0,0.0071275444,0.0,0.0,0.0,0.0,0
0.0,1.0,3.0,3.0,0.368,0.058681857,0.0,0.13048346,0.07866336,0.0,0.0,0.0,0.0,0
0.5882353,2.0,1.0,4.0,0.43,0.0,0.06405039,0.08076823,0.05307926,0.0,0.0,0.0,0.0,0
0.1764706,1.0,3.0,4.0,0.6666667,0.49492,0.5,0.92593,0.69894,0.0,0.0,0.5,0.0,2
0.05882353,2.0,3.0,4.0,0.8333333,0.42648,0.625,0.48148,0.49907,0.0,0.0,0.5,0.0,1
0.0,2.0,3.0,4.0,0.16666667,0.61371,0.575,0.77778,0.68181,0.0,0.0,0.5,0.0,2
0.05882353,2.0,3.0,3.0,0.382,0.14634022,0.02977427,0.013777803,0.056530625,0.0,0.0,0.0,0.0,0
0.05882353,2.0,3.0,4.0,0.8333333,0.59623,0.55,0.62963,0.60107,0.0,0.0,0.5,0.0,2
0.11764706,1.0,3.0,4.0,0.16666667,0.64189,0.5,0.51852,0.55045,0.0,0.0,0.5,0.0,2
0.11764706,2.0,3.0,4.0,0.6666667,0.63728,0.775,0.37037,0.54408,0.0,0.0,0.5,0.0,2
0.29411766,2.0,3.0,5.0,0.668,0.067118555,0.17449684,0.09296454,0.10454685,0.0,0.0,0.0,0.0,0
0.05882353,2.0,3.0,3.0,0.368,0.096870385,0.106732525,0.107814215,0.104340926,0.0,0.0,0.0,0.0,0
0.23529412,2.0,3.0,4.0,0.5,0.4348,0.725,0.44444,0.50762,0.0,0.0,0.5,0.0,2
0.7647059,2.0,1.0,5.0,0.368,0.036666676,0.06784286,0.006019519,0.029580059,0.0,0.0,0.0,0.0,0
0.1764706,1.0,3.0,4.0,0.6666667,0.23061,0.6,0.11111,0.26129,0.0,0.0,0.5,0.0,0
0.11764706,2.0,3.0,4.0,1.0,0.52759,0.6,0.7037,0.6275,0.0,0.0,0.5,0.0,2
0.05882353,2.0,3.0,4.0,0.8333333,0.3696,0.5,0.37037,0.40064,0.0,0.0,0.5,0.0,1
0.23529412,2.0,3.0,4.0,0.5,0.60101,0.675,0.59259,0.61446,0.0,0.0,0.5,0.0,2
0.05882353,2.0,3.0,3.0,0.024,0.090486236,0.16087879,0.017825983,0.07285613,0.0,0.0,0.0,0.0,0
0.5294118,2.0,1.0,3.0,0.308,0.34682846,0.36852306,0.32651988,0.3423761,1.0,0.0,0.0,0.0,1
0.4117647,2.0,3.0,3.0,0.368,0.101412885,0.15760402,0.10083908,0.1143643,0.0,0.0,0.0,0.0,0
0.3529412,2.0,3.0,5.0,0.296,0.11927569,0.0765272,0.1615107,0.12909251,0.0,0.0,0.0,0.0,0
0.05882353,1.0,3.0,4.0,0.5,0.55426,0.6,0.40741,0.49592,0.0,0.0,0.5,0.0,2
0.1764706,2.0,1.0,4.0,0.188,0.051810708,0.22737955,0.07352129,0.10333777,0.0,0.0,0.0,0.0,0
0.5882353,1.0,3.0,4.0,0.364,0.299139,0.23933862,0.3068284,0.28868687,1.0,0.0,0.0,0.0,1
0.5882353,1.0,3.0,5.0,1.0,0.060344256,0.09761462,0.04324951,0.06106917,0.0,0.0,0.0,0.0,0
0.05882353,2.0,3.0,4.0,0.8333333,0.26972,0.7,0.96296,0.69719,0.0,0.0,0.5,0.0,1
0.0,2.0,3.0,4.0,0.5,0.13549,0.6,0.11111,0.23331,0.0,0.0,0.5,0.0,0
0.11764706,1.0,3.0,4.0,1.0,0.18601,0.45,0.14815,0.23031,0.0,0.0,0.5,0.0,0
0.05882353,2.0,3.0,4.0,0.33333334,0.0976,0.6,0.11111,0.22217,0.0,0.0,0.5,0.0,1
0.05882353,2.0,3.0,4.0,0.6666667,0.64664,0.65,0.66667,0.65686,0.0,0.0,0.5,0.0,2
0.11764706,2.0,3.0,4.0,0.5,0.53967,0.7,0.66667,0.63716,0.0,0.0,0.5,0.0,2
0.05882353,1.0,3.0,4.0,0.8333333,0.0359,0.7,0.07407,0.21012,0.0,0.0,0.5,0.0,0
0.0,1.0,3.0,4.0,0.6666667,0.17267,0.5,0.11111,0.22072,0.0,0.0,0.5,0.0,0
0.23529412,1.0,3.0,4.0,0.508,0.05035106,0.0,0.01570909,0.022201648,0.0,0.0,0.0,0.0,0
0.3529412,2.0,3.0,3.0,0.212,0.17074624,0.15565757,0.24278043,0.2010944,0.0,0.0,0.0,0.0,0
0.0,2.0,3.0,4.0,0.33333334,0.30565,0.575,0.33333,0.38205,0.0,0.0,0.5,0.0,1
0.47058824,2.0,3.0,5.0,0.774,0.0,0.0,0.0,0.0,0.0,0.0,0.0,0.0,0
0.11764706,1.0,3.0,4.0,0.588,0.016392173,0.09874484,0.0,0.028055308,0.0,0.0,0.0,0.0,0
0.5882353,2.0,1.0,5.0,1.0,0.12366763,0.10927321,0.0,0.062084176,0.0,0.0,0.0,0.0,0
0.29411766,2.0,3.0,4.0,1.0,0.29422,0.55,0.44444,0.4251,0.0,0.0,0.5,0.0,1
0.88235295,2.0,3.0,5.0,0.96,0.049740274,0.09221295,0.100146286,0.08345432,0.0,0.0,0.0,0.0,0
0.1764706,1.0,3.0,3.0,0.182,0.10562941,0.06193113,0.15706626,0.11955303,0.0,0.0,0.0,0.0,0
0.29411766,2.0,3.0,4.0,0.6666667,0.27093,0.625,0.25926,0.34875,0.0,0.0,0.5,0.0,1
0.7058824,1.0,3.0,4.0,0.6666667,0.14405,0.575,0.18519,0.26481,0.0,0.0,0.5,0.0,0
0.4117647,2.0,3.0,3.0,0.558,0.06519022,0.09196916,0.010168653,0.045598645,0.0,0.0,0.0,0.0,0
0.1764706,1.0,3.0,4.0,0.5,0.11651,0.6,0.2963,0.31488,0.0,0.0,0.5,0.0,0
0.8235294,1.0,3.0,2.0,0.024,0.0,0.002442884,0.15801321,0.07493395,0.0,0.0,0.0,0.0,0
0.05882353,1.0,3.0,4.0,0.8333333,0.40526,0.525,0.22222,0.3473,0.0,0.0,0.5,0.0,1
0.0,2.0,3.0,4.0,0.33333334,0.30288,0.575,0.14815,0.29409,0.0,0.0,0.5,0.0,1
0.05882353,1.0,3.0,4.0,1.0,0.33665,0.525,0.33333,0.37941,0.0,0.0,0.5,0.0,1
0.11764706,2.0,3.0,4.0,0.704,0.29132128,0.27391294,0.21735364,0.2524169,1.0,0.0,0.0,0.0,1
0.5882353,2.0,2.0,4.0,0.188,0.16073777,0.043960683,0.09633425,0.10295327,0.0,0.0,0.0,0.0,0
0.05882353,2.0,3.0,4.0,0.33333334,0.32724,0.7,0.44444,0.4701,0.0,0.0,0.5,0.0,1
0.05882353,1.0,3.0,4.0,0.6666667,0.3628,0.575,0.33333,0.39886,0.0,0.0,0.5,0.0,1
0.64705884,1.0,1.0,4.0,0.358,0.07019107,0.0,0.0,0.020644432,0.0,0.0,0.0,0.0,0
0.23529412,1.0,3.0,4.0,0.6666667,0.37728,0.55,0.48148,0.46696,0.0,0.0,0.5,0.0,1
0.1764706,2.0,3.0,4.0,0.564,0.025717836,0.050052702,0.0,0.019341176,0.0,0.0,0.0,0.0,0
0.23529412,2.0,3.0,5.0,0.24,0.031780336,0.020192105,0.011556358,0.019536527,0.0,0.0,0.0,0.0,0
0.8235294,1.0,1.0,5.0,1.0,0.02387332,0.026282756,0.045749627,0.03473498,0.0,0.0,0.0,0.0,0
0.3529412,1.0,3.0,4.0,0.8333333,0.41955,0.575,0.22222,0.36327,0.0,0.0,0.5,0.0,2
0.4117647,2.0,1.0,4.0,0.77,0.08628656,0.06432749,0.048642322,0.06340478,0.0,0.0,0.0,0.0,0
0.7058824,2.0,1.0,5.0,0.49,0.0048317006,0.0,0.081621595,0.03983125,0.0,0.0,0.0,0.0,0
0.5882353,2.0,1.0,4.0,0.654,0.077882394,0.0,0.029139932,0.036619496,0.0,0.0,0.0,0.0,0
0.3529412,2.0,1.0,4.0,1.0,0.43663144,0.38523528,0.48876536,0.44907182,2.0,0.0,0.0,0.0,2
0.29411766,2.0,3.0,4.0,0.6666667,0.10329,0.625,0.22222,0.28201,0.0,0.0,0.5,0.0,0
0.05882353,1.0,3.0,4.0,0.5,0.37853,0.5,0.2963,0.36841,0.0,0.0,0.5,0.0,1
0.1764706,2.0,3.0,4.0,0.6666667,0.22888,0.65,0.14815,0.28998,0.0,0.0,0.5,0.0,0
0.3529412,1.0,3.0,4.0,0.6666667,0.00058,0.45,0.07407,0.14091,0.0,0.0,0.5,0.0,0
0.29411766,2.0,3.0,4.0,0.5,0.50993,0.575,0.55556,0.54671,0.0,0.0,0.5,0.0,2
0.29411766,2.0,3.0,4.0,0.8333333,0.16322,0.55,0.22222,0.28199,0.0,0.0,0.5,0.0,0
0.0,2.0,3.0,4.0,1.0,0.19805,0.575,0.07407,0.2284,0.0,0.0,0.5,0.0,0
0.11764706,1.0,3.0,4.0,0.33333334,0.0,0.475,0.0,0.11176,0.0,0.0,0.5,0.0,0
0.1764706,1.0,3.0,4.0,0.8333333,0.24791,0.525,0.11111,0.24873,0.0,0.0,0.5,0.0,1
0.3529412,1.0,1.0,2.0,0.24,0.0,0.10723885,0.0,0.02523267,0.0,0.0,0.0,0.0,0
0.0,2.0,3.0,4.0,0.16666667,0.54418,0.75,0.48148,0.5631,0.0,0.0,0.5,0.0,2
0.64705884,2.0,1.0,4.0,0.578,0.15751399,0.14388226,0.032405864,0.09543211,0.0,0.0,0.0,0.0,0
0.11764706,2.0,3.0,4.0,0.6666667,0.47479,0.65,0.37037,0.46688,0.0,0.0,0.5,0.0,2
0.05882353,1.0,3.0,4.0,1.0,0.83686,0.725,0.85185,0.81759,0.0,0.0,0.5,0.0,2
0.23529412,1.0,2.0,4.0,0.338,0.08505399,0.0,0.0,0.02501588,0.0,0.0,0.0,0.0,0
1.0,2.0,3.0,3.0,0.206,0.1783565,0.1803925,0.177681,0.17851768,0.0,0.0,0.0,0.0,0
0.11764706,1.0,3.0,3.0,0.016,0.030302014,0.096409656,0.0,0.03159698,0.0,0.0,0.0,0.0,0
0.05882353,2.0,3.0,3.0,0.36,0.27533892,0.30571324,0.19214357,0.24333507,1.0,0.0,0.0,0.0,1
0.05882353,2.0,3.0,4.0,0.6666667,0.84739,0.65,0.88889,0.82047,0.0,0.0,0.5,0.0,2
0.7647059,2.0,1.0,5.0,0.478,0.043442965,0.079332374,0.0,0.031443782,0.0,0.0,0.0,0.0,0
0.0,2.0,3.0,4.0,0.5,0.0,0.45,0.0,0.10588,0.0,0.0,0.5,0.0,0
0.88235295,1.0,3.0,4.0,0.368,0.0,0.0,0.003628654,0.001707602,0.0,0.0,0.0,0.0,0
0.05882353,1.0,3.0,4.0,0.33333334,0.5511,0.675,0.44444,0.53006,0.0,0.0,0.5,0.0,2
0.23529412,2.0,3.0,4.0,0.8333333,0.45776,0.625,0.14815,0.35141,0.0,0.0,0.5,0.0,2
0.0,1.0,3.0,4.0,0.5,0.46413,0.65,0.40741,0.48117,0.0,0.0,0.5,0.0,2
0.05882353,1.0,3.0,3.0,0.082,0.07984177,0.03820269,0.0,0.032471742,0.0,0.0,0.0,0.0,0
0.05882353,1.0,3.0,4.0,0.8333333,0.30642,0.55,0.2963,0.35897,0.0,0.0,0.5,0.0,1
0.11764706,2.0,3.0,4.0,0.8333333,0.35717,0.525,0.44444,0.43773,0.0,0.0,0.5,0.0,1
0.64705884,2.0,1.0,3.0,0.368,0.060677048,0.09843758,0.0,0.041007973,0.0,0.0,0.0,0.0,0
0.0,1.0,3.0,4.0,0.33333334,0.29246,0.65,0.14815,0.30868,0.0,0.0,0.5,0.0,1
0.23529412,1.0,3.0,4.0,0.5,0.30634,0.55,0.22222,0.32409,0.0,0.0,0.5,0.0,1
0.3529412,2.0,3.0,4.0,1.0,0.25627,0.65,0.11111,0.2806,0.0,0.0,0.5,0.0,0
0.1764706,1.0,3.0,4.0,0.368,0.051820926,0.13020277,0.06622081,0.07704013,0.0,0.0,0.0,0.0,0
0.8235294,2.0,1.0,4.0,0.546,0.0,0.120231956,0.017144954,0.036358085,0.0,0.0,0.0,0.0,0
1.0,1.0,1.0,1.0,0.09,0.14549139,0.046974793,0.0,0.053844478,0.0,0.0,0.0,0.0,0
0.11764706,2.0,3.0,4.0,0.16666667,0.29318,0.6,0.2963,0.36684,0.0,0.0,0.5,0.0,1
0.29411766,1.0,3.0,4.0,0.358,0.059019275,0.2277786,0.1195368,0.12720619,0.0,0.0,0.0,0.0,0
0.23529412,1.0,1.0,5.0,0.122,0.0,0.13533334,0.03134572,0.04659407,0.0,0.0,0.0,0.0,0
0.29411766,1.0,3.0,4.0,0.368,0.08569684,0.0,0.0,0.025204953,0.0,0.0,0.0,0.0,0
0.0,1.0,3.0,4.0,0.16666667,0.76718,0.6,0.74074,0.7154,0.0,0.0,0.5,0.0,2
0.1764706,2.0,3.0,4.0,1.0,0.19729,0.6,0.07407,0.23406,0.0,0.0,0.5,0.0,1
0.3529412,1.0,3.0,3.0,0.522,0.0,0.01591456,0.0,0.0037446024,0.0,0.0,0.0,0.0,0
0.11764706,2.0,3.0,4.0,0.8333333,0.04675,0.575,0.18519,0.23619,0.0,0.0,0.5,0.0,0
0.11764706,1.0,3.0,4.0,0.16666667,0.12503,0.525,0.11111,0.21259,0.0,0.0,0.5,0.0,0
0.05882353,1.0,3.0,4.0,1.0,0.36031,0.675,0.33333,0.42166,0.0,0.0,0.5,0.0,2
0.1764706,2.0,3.0,4.0,0.6666667,0.44826,0.7,0.0,0.29655,0.0,0.0,0.5,0.0,2
0.05882353,2.0,3.0,4.0,0.8333333,0.32088,0.75,0.55556,0.53228,0.0,0.0,0.5,0.0,1
0.0,1.0,3.0,4.0,0.8333333,0.08316,0.575,0.11111,0.21204,0.0,0.0,0.5,0.0,0
0.29411766,2.0,1.0,4.0,0.368,0.054196443,0.056850646,0.007699247,0.03293993,0.0,0.0,0.0,0.0,0
0.0,1.0,3.0,4.0,0.6666667,0.48725,0.6,0.33333,0.44135,0.0,0.0,0.5,0.0,2
0.11764706,2.0,3.0,3.0,0.232,0.0737465,0.07664914,0.069555916,0.07245743,0.0,0.0,0.0,0.0,0
0.11764706,1.0,3.0,4.0,1.0,0.36516,0.525,0.33333,0.38779,0.0,0.0,0.5,0.0,1
0.1764706,1.0,3.0,4.0,1.0,0.7815,0.625,0.62963,0.67321,0.0,0.0,0.5,0.0,2
0.05882353,2.0,3.0,4.0,0.8333333,0.44808,0.725,0.44444,0.51153,0.0,0.0,0.5,0.0,2
0.23529412,1.0,3.0,4.0,0.5,0.31475,0.625,0.25926,0.36164,0.0,0.0,0.5,0.0,1
0.1764706,2.0,3.0,4.0,0.6666667,0.0,0.625,0.0,0.14706,0.0,0.0,0.5,0.0,0
0.11764706,2.0,3.0,3.0,0.298,0.040579237,0.0,0.01596208,0.019446637,0.0,0.0,0.0,0.0,0
0.0,1.0,3.0,4.0,0.5,0.2497,0.525,0.33333,0.35383,0.0,0.0,0.5,0.0,1
0.0,2.0,3.0,3.0,1.0,0.0,0.039393343,0.0,0.009269022,0.0,0.0,0.0,0.0,0
0.11764706,1.0,3.0,4.0,0.8333333,0.03546,0.55,0.18519,0.22699,0.0,0.0,0.5,0.0,0
0.0,1.0,3.0,4.0,0.5,0.26872,0.625,0.22222,0.33067,0.0,0.0,0.5,0.0,1
0.0,2.0,3.0,4.0,0.5,0.46583,0.625,0.48148,0.51065,0.0,0.0,0.5,0.0,2
0.7647059,1.0,1.0,3.0,0.368,0.10996898,0.0,0.03513537,0.048878107,0.0,0.0,0.0,0.0,0
0.11764706,2.0,3.0,4.0,0.33333334,0.52937,0.75,0.48148,0.55875,0.0,0.0,0.5,0.0,2
0.29411766,2.0,3.0,4.0,0.33333334,0.78081,0.575,0.2963,0.50438,0.0,0.0,0.5,0.0,2
0.05882353,2.0,3.0,4.0,0.8333333,0.81417,0.725,0.96296,0.86321,0.0,0.0,0.5,0.0,2
0.1764706,2.0,3.0,4.0,0.5,0.30347,0.475,0.22222,0.3056,0.0,0.0,0.5,0.0,1
0.05882353,1.0,3.0,3.0,0.168,0.29262358,0.25216338,0.2574742,0.26656264,1.0,0.0,0.0,0.0,1
0.0,1.0,3.0,4.0,1.0,0.25469,0.425,0.11111,0.2272,0.0,0.0,0.5,0.0,1
0.0,2.0,3.0,4.0,0.33333334,0.19295,0.7,0.18519,0.3086,0.0,0.0,0.5,0.0,0
0.7647059,1.0,3.0,3.0,0.406,0.08853486,0.07199935,0.043242313,0.06333002,0.0,0.0,0.0,0.0,0
0.1764706,2.0,3.0,4.0,0.6666667,0.79426,0.825,0.74074,0.77631,0.0,0.0,0.5,0.0,2
0.05882353,1.0,3.0,3.0,0.248,0.11596829,0.1045355,0.12624101,0.11811244,0.0,0.0,0.0,0.0,0
0.11764706,2.0,3.0,4.0,0.33333334,0.02497,0.55,0.03704,0.15419,0.0,0.0,0.5,0.0,0
0.7647059,2.0,1.0,5.0,0.558,0.030662337,0.0,0.024,0.020312453,0.0,0.0,0.0,0.0,0
0.5294118,2.0,3.0,4.0,0.6666667,0.20424,0.525,0.25926,0.3056,0.0,0.0,0.5,0.0,1
0.8235294,2.0,1.0,4.0,0.294,0.089850195,0.03131944,0.17345324,0.11542086,0.0,0.0,0.0,0.0,0
0.0,2.0,3.0,3.0,0.368,0.1321731,0.1404279,0.16299815,0.14862132,0.0,0.0,0.0,0.0,0
0.1764706,2.0,3.0,4.0,0.8333333,0.18381,0.55,0.0,0.18347,0.0,0.0,0.5,0.0,0
0.47058824,2.0,1.0,2.0,0.368,0.015090782,0.13966525,0.020517552,0.046956196,0.0,0.0,0.0,0.0,0
0.0,2.0,3.0,4.0,0.5,0.17418,0.625,0.07407,0.23315,0.0,0.0,0.5,0.0,0
0.5882353,1.0,1.0,4.0,0.156,0.041871246,0.08754861,0.09109936,0.07578503,0.0,0.0,0.0,0.0,0
0.05882353,2.0,3.0,4.0,0.33333334,0.44679,0.7,0.37037,0.47041,0.0,0.0,0.5,0.0,2
0.4117647,1.0,3.0,4.0,0.5,0.07503,0.55,0.22222,0.25606,0.0,0.0,0.5,0.0,0
0.0,2.0,3.0,4.0,0.33333334,0.34458,0.625,0.18519,0.33555,0.0,0.0,0.5,0.0,1
0.29411766,2.0,1.0,4.0,0.94,0.0,0.033314366,0.01331115,0.014102744,0.0,0.0,0.0,0.0,0
0.7647059,1.0,1.0,3.0,0.464,0.32461485,0.30887672,0.28166002,0.3006977,1.0,0.0,0.0,0.0,1
0.29411766,2.0,3.0,4.0,0.378,0.37176502,0.3579106,0.21154349,0.2931068,1.0,0.0,0.0,0.0,1
0.88235295,1.0,1.0,1.0,0.008,0.0882992,0.04912476,0.048533507,0.06036842,0.0,0.0,0.0,0.0,0
0.05882353,2.0,3.0,3.0,1.0,0.059867643,0.061617754,0.0,0.032106426,0.0,0.0,0.0,0.0,0
1.0,2.0,3.0,3.0,0.132,0.0,0.069132976,0.09807263,0.06241841,0.0,0.0,0.0,0.0,0
0.5882353,1.0,3.0,4.0,0.5,0.28069,0.65,0.55556,0.49693,0.0,0.0,0.5,0.0,1
0.11764706,1.0,3.0,3.0,0.272,0.067452714,0.14530434,0.118398696,0.10974532,0.0,0.0,0.0,0.0,0
0.05882353,1.0,3.0,4.0,1.0,0.2387,0.575,0.51852,0.44951,0.0,0.0,0.5,0.0,1
0.9411765,1.0,3.0,5.0,1.0,0.06425166,0.018206343,0.033878926,0.039124418,0.0,0.0,0.0,0.0,0
0.0,2.0,3.0,3.0,0.198,0.0,0.0,0.0,0.0,0.0,0.0,0.0,0.0,0
0.29411766,2.0,3.0,4.0,0.308,0.0017220418,0.0,0.0,0.00050648284,0.0,0.0,0.0,0.0,0
0.8235294,2.0,3.0,3.0,0.368,0.11672682,0.065612495,0.088240966,0.09129482,0.0,0.0,0.0,0.0,0
0.1764706,2.0,3.0,4.0,0.16666667,0.24119,0.5,0.03704,0.20601,0.0,0.0,0.5,0.0,0
0.88235295,2.0,3.0,3.0,0.012,0.051330835,0.03545917,0.034432318,0.039644085,0.0,0.0,0.0,0.0,0
0.0,2.0,3.0,4.0,0.5,0.55183,0.725,0.81481,0.71633,0.0,0.0,0.5,0.0,2
0.5882353,1.0,3.0,4.0,1.0,0.00819,0.525,0.0,0.12594,0.0,0.0,0.5,0.0,0
0.4117647,1.0,3.0,3.0,0.082,0.044045847,0.032387502,0.1938187,0.111784056,0.0,0.0,0.0,0.0,0
0.7058824,1.0,3.0,4.0,1.0,0.04833141,0.012551384,0.0,0.017168388,0.0,0.0,0.0,0.0,0
0.5294118,1.0,1.0,3.0,0.922,0.0,0.028767366,0.040489238,0.025822552,0.0,0.0,0.0,0.0,0
0.1764706,1.0,3.0,4.0,1.0,0.0882,0.45,0.07407,0.16668,0.0,0.0,0.5,0.0,0
0.1764706,2.0,3.0,4.0,0.27,0.32393208,0.2254341,0.20207958,0.24341373,1.0,0.0,0.0,0.0,1
0.05882353,1.0,3.0,3.0,0.218,0.058327787,0.15946884,0.0570104,0.08150574,0.0,0.0,0.0,0.0,0
0.23529412,2.0,3.0,4.0,1.0,0.34153,0.65,0.2963,0.39283,0.0,0.0,0.5,0.0,1
0.4117647,2.0,3.0,5.0,0.68,0.15672867,0.009901504,0.0946824,0.09298286,0.0,0.0,0.0,0.0,0
0.11764706,2.0,3.0,4.0,0.33333334,0.28072,0.65,0.25926,0.35751,0.0,0.0,0.5,0.0,1
0.0,2.0,3.0,4.0,0.5,0.06878,0.55,0.14815,0.21936,0.0,0.0,0.5,0.0,0
0.05882353,2.0,3.0,4.0,0.5,0.49692,0.65,0.25926,0.4211,0.0,0.0,0.5,0.0,2
0.1764706,1.0,3.0,4.0,0.8333333,0.50062,0.6,0.25926,0.41042,0.0,0.0,0.5,0.0,2
0.9411765,2.0,3.0,3.0,0.13,0.10611609,0.067748345,0.15197362,0.1186684,0.0,0.0,0.0,0.0,0
0.0,2.0,3.0,4.0,0.16666667,0.5054,0.55,0.62963,0.57435,0.0,0.0,0.5,0.0,2
0.0,1.0,3.0,4.0,1.0,0.45946,0.65,0.7037,0.61923,0.0,0.0,0.5,0.0,2
0.1764706,1.0,3.0,4.0,0.5,0.26701,0.6,0.2963,0.35914,0.0,0.0,0.5,0.0,1
0.11764706,2.0,3.0,4.0,0.16666667,0.44593,0.6,0.48148,0.49891,0.0,0.0,0.5,0.0,2
0.0,2.0,3.0,3.0,1.0,0.14823292,0.11453355,0.0,0.070546985,0.0,0.0,0.0,0.0,0
0.05882353,2.0,3.0,4.0,0.5,0.29419,0.575,0.48148,0.4484,0.0,0.0,0.5,0.0,1
0.0,2.0,3.0,3.0,0.746,0.121056765,0.12449696,0.0,0.064898334,0.0,0.0,0.0,0.0,0
0.05882353,2.0,3.0,4.0,0.5,0.10854,0.575,0.11111,0.21951,0.0,0.0,0.5,0.0,0
0.8235294,2.0,3.0,1.0,0.006,0.10914192,0.06863206,0.056085154,0.0746423,0.0,0.0,0.0,0.0,0
0.0,2.0,3.0,4.0,0.6666667,0.24108,0.7,0.2963,0.37504,0.0,0.0,0.5,0.0,0
0.29411766,1.0,3.0,4.0,0.282,0.07505408,0.0,0.10825712,0.07301926,0.0,0.0,0.0,0.0,0
0.05882353,1.0,3.0,3.0,0.092,0.005747538,0.06645377,0.06996202,0.050249934,0.0,0.0,0.0,0.0,0
0.1764706,2.0,3.0,4.0,0.6666667,0.85938,0.775,0.51852,0.67912,0.0,0.0,0.5,0.0,2
0.9411765,2.0,3.0,5.0,1.0,0.057010476,0.05657122,0.0,0.03007866,0.0,0.0,0.0,0.0,0
0.1764706,2.0,3.0,4.0,1.0,0.22474,0.525,0.14815,0.25935,0.0,0.0,0.5,0.0,1
0.1764706,1.0,3.0,4.0,0.8333333,0.38421,0.575,0.33333,0.40516,0.0,0.0,0.5,0.0,1
0.11764706,1.0,3.0,4.0,0.8333333,0.12059,0.575,0.03704,0.18819,0.0,0.0,0.5,0.0,0
0.3529412,2.0,3.0,4.0,0.36,0.018183732,0.0,0.014506523,0.012174755,0.0,0.0,0.0,0.0,0
0.0,1.0,3.0,4.0,0.16666667,0.31821,0.7,0.25926,0.3803,0.0,0.0,0.5,0.0,1
0.11764706,1.0,3.0,4.0,0.5,0.27486,0.575,0.55556,0.47757,0.0,0.0,0.5,0.0,1
0.11764706,2.0,3.0,4.0,0.16666667,0.70394,0.75,0.74074,0.73209,0.0,0.0,0.5,0.0,2
0.1764706,1.0,3.0,4.0,0.8333333,0.19685,0.55,0.14815,0.25703,0.0,0.0,0.5,0.0,1
0.1764706,1.0,3.0,4.0,0.5,0.33913,0.575,0.7037,0.56619,0.0,0.0,0.5,0.0,1
0.5882353,1.0,1.0,3.0,0.112,0.0,0.0005123342,0.0,0.00012054922,0.0,0.0,0.0,0.0,0
0.11764706,2.0,3.0,4.0,0.6666667,0.41554,0.6,0.33333,0.42026,0.0,0.0,0.5,0.0,2
0.5294118,1.0,3.0,2.0,0.478,0.0,0.0,0.045510888,0.02141689,0.0,0.0,0.0,0.0,0
0.11764706,1.0,3.0,4.0,1.0,0.3,0.525,0.14815,0.28148,0.0,0.0,0.5,0.0,1
0.05882353,1.0,3.0,4.0,0.6666667,0.33432,0.6,0.25926,0.36151,0.0,0.0,0.5,0.0,1
0.23529412,1.0,3.0,4.0,0.6666667,0.5396,0.775,0.48148,0.56764,0.0,0.0,0.5,0.0,2
0.0,2.0,3.0,3.0,0.354,0.113971956,0.06160179,0.12537032,0.1070135,0.0,0.0,0.0,0.0,0
0.0,1.0,3.0,3.0,0.962,0.06265384,0.0,0.092505775,0.06195973,0.0,0.0,0.0,0.0,0
0.8235294,2.0,1.0,5.0,0.488,0.08639828,0.06522906,0.0,0.040759273,0.0,0.0,0.0,0.0,0
0.11764706,2.0,3.0,4.0,0.16666667,0.67243,0.75,0.7037,0.7054,0.0,0.0,0.5,0.0,2
0.05882353,2.0,3.0,4.0,0.33333334,0.16047,0.6,0.14815,0.25809,0.0,0.0,0.5,0.0,0
0.05882353,2.0,3.0,4.0,1.0,0.49424,0.725,0.55556,0.57739,0.0,0.0,0.5,0.0,2
0.23529412,2.0,3.0,4.0,1.0,0.27511,0.5,0.11111,0.25085,0.0,0.0,0.5,0.0,1
0.29411766,1.0,3.0,4.0,0.6666667,0.15757,0.7,0.14815,0.28077,0.0,0.0,0.5,0.0,0
0.05882353,1.0,3.0,4.0,0.6666667,0.36946,0.675,0.48148,0.49407,0.0,0.0,0.5,0.0,1
0.3529412,1.0,1.0,3.0,0.252,0.009300129,0.032143813,0.0,0.010298582,0.0,0.0,0.0,0.0,0
0.64705884,2.0,1.0,4.0,0.242,0.0,0.08149856,0.015308848,0.026380297,0.0,0.0,0.0,0.0,0
0.4117647,2.0,1.0,4.0,0.292,0.014799699,0.03438461,0.050640684,0.036274258,0.0,0.0,0.0,0.0,0
0.8235294,2.0,3.0,2.0,0.122,0.105277516,0.06461813,0.061770536,0.07523673,0.0,0.0,0.0,0.0,0
0.05882353,2.0,3.0,3.0,0.368,0.306187,0.29674417,0.23238492,0.26923478,1.0,0.0,0.0,0.0,1
0.05882353,2.0,3.0,3.0,0.278,0.017527008,0.0005603413,0.088768795,0.0470604,0.0,0.0,0.0,0.0,0
0.7647059,2.0,2.0,4.0,0.0,0.08922907,0.11739543,0.022262994,0.064343,0.0,0.0,0.0,0.0,0
0.3529412,1.0,3.0,3.0,0.142,0.21434015,0.061216183,0.15923798,0.15238054,0.0,0.0,0.0,0.0,0
0.1764706,1.0,3.0,4.0,0.6666667,0.14641,0.475,0.14815,0.22454,0.0,0.0,0.5,0.0,0
0.1764706,2.0,3.0,4.0,0.5,0.13782,0.625,0.03704,0.20502,0.0,0.0,0.5,0.0,0
0.05882353,1.0,3.0,4.0,0.6666667,0.12554,0.75,0.14815,0.28311,0.0,0.0,0.5,0.0,0
0.23529412,1.0,3.0,4.0,1.0,0.0,0.0,0.033063754,0.015559414,0.0,0.0,0.0,0.0,0
0.64705884,2.0,3.0,5.0,1.0,0.12372094,0.050078552,0.023350302,0.059160076,0.0,0.0,0.0,0.0,0
0.5882353,1.0,1.0,3.0,0.168,0.0,0.035276975,0.05265856,0.033080965,0.0,0.0,0.0,0.0,0
0.05882353,1.0,3.0,4.0,0.33333334,0.42002,0.625,0.44444,0.47974,0.0,0.0,0.5,0.0,2
0.05882353,2.0,3.0,4.0,0.5,0.11201,0.6,0.11111,0.22641,0.0,0.0,0.5,0.0,0
0.88235295,2.0,1.0,4.0,0.252,0.0,0.00425172,0.03205835,0.016086688,0.0,0.0,0.0,0.0,0
0.23529412,2.0,3.0,4.0,0.796,0.1383718,0.0,0.04271215,0.060797423,0.0,0.0,0.0,0.0,0
0.05882353,1.0,3.0,4.0,0.8333333,0.24496,0.5,0.2963,0.32913,0.0,0.0,0.5,0.0,1
0.64705884,1.0,1.0,4.0,0.316,0.05912041,0.025487017,0.12300476,0.0812699,0.0,0.0,0.0,0.0,0
0.47058824,1.0,1.0,3.0,0.392,0.10231406,0.1075193,0.06478875,0.085879855,0.0,0.0,0.0,0.0,0
0.23529412,1.0,3.0,4.0,0.6666667,0.19181,0.65,0.14815,0.27907,0.0,0.0,0.5,0.0,1
0.29411766,2.0,3.0,5.0,0.192,0.16079935,0.07907772,0.07325437,0.1003731,0.0,0.0,0.0,0.0,0
0.1764706,2.0,3.0,4.0,0.33333334,0.38375,0.75,0.33333,0.4462,0.0,0.0,0.5,0.0,1
0.05882353,2.0,3.0,3.0,0.53,0.12429095,0.052851018,0.00934168,0.05338778,0.0,0.0,0.0,0.0,0
0.3529412,2.0,3.0,3.0,0.366,0.07483847,0.0,0.03237485,0.037246536,0.0,0.0,0.0,0.0,0
0.3529412,1.0,3.0,3.0,0.118,0.09669353,0.089807145,0.0058066286,0.052302897,0.0,0.0,0.0,0.0,0
0.0,2.0,3.0,4.0,0.33333334,0.51393,0.6,0.33333,0.4492,0.0,0.0,0.5,0.0,2
0.05882353,1.0,3.0,3.0,0.14,0.090251416,0.102853075,0.07877233,0.08781459,0.0,0.0,0.0,0.0,0
0.0,2.0,3.0,3.0,0.358,0.04127442,0.05166737,0.14774373,0.09382302,0.0,0.0,0.0,0.0,0
0.1764706,2.0,3.0,4.0,0.16666667,0.09959,0.575,0.33333,0.32145,0.0,0.0,0.5,0.0,0
0.1764706,1.0,3.0,4.0,0.8333333,0.03895,0.6,0.40741,0.34435,0.0,0.0,0.5,0.0,0
0.23529412,2.0,3.0,4.0,0.6666667,0.1894,0.7,0.40741,0.41213,0.0,0.0,0.5,0.0,1
0.3529412,1.0,1.0,4.0,0.24,0.0,0.0,0.112917185,0.0531375,0.0,0.0,0.0,0.0,0
0.5294118,1.0,3.0,5.0,0.368,0.14448962,0.10461095,0.05114644,0.0911802,0.0,0.0,0.0,0.0,0
0.88235295,1.0,3.0,3.0,0.368,0.0065513556,0.00047761432,0.10601851,0.051930312,0.0,0.0,0.0,0.0,0
0.05882353,2.0,3.0,3.0,0.332,0.119640484,0.09175913,0.05876549,0.08443311,0.0,0.0,0.0,0.0,0
0.23529412,2.0,3.0,5.0,0.08,0.09636102,0.10750932,0.112860315,0.10674852,0.0,0.0,0.0,0.0,0
0.05882353,2.0,3.0,4.0,0.8333333,0.45909,0.675,0.40741,0.48557,0.0,0.0,0.5,0.0,2
0.0,2.0,3.0,3.0,0.214,0.010969125,0.025575684,0.008516938,0.013251993,0.0,0.0,0.0,0.0,0
0.11764706,1.0,3.0,4.0,0.5,0.31125,0.475,0.37037,0.3776,0.0,0.0,0.5,0.0,1
0.0,2.0,3.0,4.0,0.6666667,0.29437,0.65,0.2963,0.37895,0.0,0.0,0.5,0.0,1
0.05882353,2.0,3.0,4.0,0.8333333,0.17707,0.575,0.03704,0.2048,0.0,0.0,0.5,0.0,0
0.11764706,2.0,3.0,4.0,0.8333333,0.08482,0.425,0.22222,0.22952,0.0,0.0,0.5,0.0,0
0.5294118,2.0,1.0,5.0,0.24,0.083443925,0.08907059,0.051285755,0.069634594,0.0,0.0,0.0,0.0,0
0.11764706,1.0,3.0,4.0,0.6666667,0.17694,0.6,0.14815,0.26293,0.0,0.0,0.5,0.0,1
0.88235295,2.0,1.0,5.0,1.0,0.066592,0.101383984,0.021734728,0.053669043,0.0,0.0,0.0,0.0,0
0.3529412,2.0,3.0,5.0,0.02,0.023333946,0.020837395,0.09077391,0.054482978,0.0,0.0,0.0,0.0,0
0.1764706,1.0,3.0,4.0,0.6666667,0.26621,0.525,0.37037,0.37612,0.0,0.0,0.5,0.0,1
0.7058824,2.0,3.0,4.0,0.368,0.0,0.07052278,0.13947365,0.08222825,0.0,0.0,0.0,0.0,0
0.29411766,1.0,3.0,5.0,0.368,0.0,0.0669097,0.0,0.015743459,0.0,0.0,0.0,0.0,0
0.05882353,1.0,3.0,4.0,0.6666667,0.46972,0.725,0.55556,0.57018,0.0,0.0,0.5,0.0,2
0.0,2.0,3.0,4.0,0.33333334,0.64143,0.625,0.48148,0.5623,0.0,0.0,0.5,0.0,2
0.3529412,2.0,2.0,3.0,0.196,0.11672682,0.059307646,0.066282004,0.07947769,0.0,0.0,0.0,0.0,0
0.4117647,1.0,3.0,4.0,0.064,0.09268489,0.032855906,0.098085605,0.08114899,0.0,0.0,0.0,0.0,0
0.23529412,1.0,3.0,4.0,0.6666667,0.70097,0.875,0.77778,0.77806,0.0,0.0,0.5,0.0,2
0.29411766,1.0,3.0,4.0,0.6666667,0.09979,0.5,0.03704,0.16443,0.0,0.0,0.5,0.0,0
0.23529412,2.0,3.0,4.0,0.6666667,0.54696,0.55,0.62963,0.58658,0.0,0.0,0.5,0.0,2
0.8235294,2.0,2.0,5.0,0.468,0.03462459,0.016029513,0.0,0.013955354,0.0,0.0,0.0,0.0,0
0.11764706,2.0,3.0,4.0,0.6666667,0.53641,0.65,0.44444,0.51986,0.0,0.0,0.5,0.0,2
0.11764706,2.0,3.0,4.0,0.16666667,0.2227,0.475,0.33333,0.33413,0.0,0.0,0.5,0.0,1
0.23529412,1.0,3.0,4.0,1.0,0.17547,0.5,0.40741,0.36098,0.0,0.0,0.5,0.0,0
0.23529412,2.0,3.0,3.0,0.368,0.06893392,0.06088037,0.02815969,0.047851093,0.0,0.0,0.0,0.0,0
0.0,2.0,3.0,3.0,0.184,0.0,0.047313575,0.050024033,0.034673326,0.0,0.0,0.0,0.0,0
0.11764706,1.0,3.0,2.0,0.368,0.0,0.028991291,0.085465826,0.047040693,0.0,0.0,0.0,0.0,0
0.0,2.0,3.0,4.0,0.6666667,0.24795,0.625,0.11111,0.27227,0.0,0.0,0.5,0.0,0
0.05882353,2.0,3.0,4.0,0.5,0.03201,0.5,0.14815,0.19678,0.0,0.0,0.5,0.0,0
0.11764706,2.0,3.0,4.0,0.5,0.29315,0.6,0.18519,0.31454,0.0,0.0,0.5,0.0,1
0.0,2.0,3.0,4.0,0.33333334,0.31756,0.575,0.33333,0.38556,0.0,0.0,0.5,0.0,1
0.0,1.0,3.0,4.0,0.8333333,0.48538,0.6,0.33333,0.4408,0.0,0.0,0.5,0.0,2
0.11764706,1.0,3.0,4.0,0.6666667,0.24706,0.575,0.44444,0.41711,0.0,0.0,0.5,0.0,1
0.0,2.0,3.0,4.0,0.6666667,0.31447,0.625,0.25926,0.36155,0.0,0.0,0.5,0.0,1
0.1764706,2.0,3.0,4.0,0.8333333,0.0,0.5,0.18519,0.20479,0.0,0.0,0.5,0.0,0
0.11764706,1.0,3.0,4.0,0.5,0.20191,0.55,0.18519,0.27594,0.0,0.0,0.5,0.0,1
0.11764706,1.0,3.0,4.0,0.33333334,0.62564,0.75,0.40741,0.5522,0.0,0.0,0.5,0.0,2
0.29411766,1.0,1.0,3.0,0.622,0.0,0.055718362,0.057647694,0.04023853,0.0,0.0,0.0,0.0,0
0.0,2.0,3.0,3.0,0.358,0.061821144,0.06538918,0.04614758,0.055284888,0.0,0.0,0.0,0.0,0
0.11764706,2.0,3.0,4.0,0.5,0.48794,0.6,0.48148,0.51127,0.0,0.0,0.5,0.0,2
0.3529412,1.0,3.0,4.0,0.5,0.73171,0.65,0.7037,0.69931,0.0,0.0,0.5,0.0,2
0.23529412,2.0,1.0,2.0,0.128,0.01369212,0.0,0.02687649,0.016674854,0.0,0.0,0.0,0.0,0
0.1764706,1.0,3.0,4.0,0.6666667,0.50612,0.675,0.66667,0.62141,0.0,0.0,0.5,0.0,2
0.88235295,1.0,1.0,5.0,1.0,0.047808886,0.036207486,0.1238889,0.080881506,0.0,0.0,0.0,0.0,0
0.05882353,2.0,3.0,3.0,0.144,0.10211406,0.06292247,0.03158069,0.059700336,0.0,0.0,0.0,0.0,0
0.3529412,1.0,3.0,2.0,1.0,0.11323656,0.1333886,0.06749017,0.0964505,0.0,0.0,0.0,0.0,0
0.05882353,1.0,3.0,4.0,0.8333333,0.15261,0.45,0.18519,0.23791,0.0,0.0,0.5,0.0,0
0.1764706,2.0,3.0,4.0,0.33333334,0.17824,0.65,0.22222,0.30994,0.0,0.0,0.5,0.0,0
0.05882353,1.0,3.0,4.0,0.6666667,0.15873,0.55,0.25926,0.2981,0.0,0.0,0.5,0.0,0
0.1764706,1.0,3.0,4.0,0.5,0.86762,0.65,0.88889,0.82643,0.0,0.0,0.5,0.0,2
0.9411765,1.0,3.0,5.0,1.0,0.064004265,0.13603131,0.14009133,0.11675748,0.0,0.0,0.0,0.0,0
0.0,2.0,3.0,4.0,1.0,0.56711,0.65,0.44444,0.52889,0.0,0.0,0.5,0.0,2
0.0,1.0,3.0,4.0,1.0,0.05087,0.55,0.03704,0.1618,0.0,0.0,0.5,0.0,0
0.1764706,2.0,3.0,4.0,0.5,0.2749,0.525,0.2963,0.34381,0.0,0.0,0.5,0.0,1
0.05882353,2.0,3.0,4.0,0.6666667,0.67395,0.675,0.44444,0.56619,0.0,0.0,0.5,0.0,2
0.11764706,2.0,3.0,4.0,0.6666667,0.19924,0.675,0.40741,0.40915,0.0,0.0,0.5,0.0,1
0.05882353,1.0,3.0,4.0,0.8333333,0.30948,0.625,0.03704,0.25551,0.0,0.0,0.5,0.0,1
0.23529412,1.0,3.0,4.0,0.8333333,0.24804,0.5,0.40741,0.38232,0.0,0.0,0.5,0.0,1
0.05882353,2.0,3.0,3.0,0.322,0.0,0.016423889,0.018822419,0.012722054,0.0,0.0,0.0,0.0,0
0.05882353,1.0,3.0,4.0,0.6666667,0.43786,0.45,0.81481,0.61811,0.0,0.0,0.5,0.0,1
0.29411766,1.0,3.0,2.0,0.082,0.12813169,0.14164183,0.11384308,0.12458649,0.0,0.0,0.0,0.0,0
0.05882353,2.0,3.0,4.0,0.6666667,0.41847,0.675,0.7037,0.61306,0.0,0.0,0.5,0.0,2
0.4117647,1.0,3.0,4.0,0.368,0.114792414,0.032285273,0.0,0.04135901,0.0,0.0,0.0,0.0,0
0.0,2.0,3.0,4.0,0.33333334,0.23286,0.7,0.25926,0.3552,0.0,0.0,0.5,0.0,0
0.1764706,1.0,3.0,3.0,0.258,0.05134247,0.0041558295,0.0,0.016078569,0.0,0.0,0.0,0.0,0
0.3529412,2.0,1.0,3.0,0.368,0.03373215,0.0,0.0,0.009921221,0.0,0.0,0.0,0.0,0
0.47058824,2.0,1.0,3.0,0.382,0.03280191,0.0,0.0,0.009647621,0.0,0.0,0.0,0.0,0
0.05882353,2.0,3.0,4.0,0.5,0.17274,0.55,0.33333,0.33708,0.0,0.0,0.5,0.0,0
0.23529412,2.0,3.0,4.0,0.8333333,0.19145,0.575,0.07407,0.22646,0.0,0.0,0.5,0.0,1
0.05882353,1.0,3.0,3.0,0.132,0.12181642,0.0006577569,0.007752464,0.039631344,0.0,0.0,0.0,0.0,0
0.05882353,1.0,3.0,4.0,0.6666667,0.36502,0.725,0.33333,0.43481,0.0,0.0,0.5,0.0,2
0.4117647,1.0,1.0,5.0,0.464,0.12641475,0.14197953,0.086288445,0.11119408,0.0,0.0,0.0,0.0,0
0.05882353,2.0,3.0,4.0,0.5,0.24454,0.675,0.48148,0.45733,0.0,0.0,0.5,0.0,1
0.05882353,2.0,3.0,4.0,0.5,0.25088,0.525,0.07407,0.23218,0.0,0.0,0.5,0.0,1
0.5882353,2.0,3.0,5.0,1.0,0.05013866,0.0,0.08699862,0.055687193,0.0,0.0,0.0,0.0,0
0.05882353,2.0,3.0,4.0,0.5,0.67232,0.775,0.66667,0.69382,0.0,0.0,0.5,0.0,2
0.23529412,2.0,3.0,4.0,1.0,0.12768647,0.0,0.014022604,0.04415372,0.0,0.0,0.0,0.0,0
0.0,1.0,3.0,4.0,0.5,0.031,0.475,0.22222,0.22546,0.0,0.0,0.5,0.0,0
0.7058824,2.0,3.0,5.0,0.368,0.0,0.090556,0.16032937,0.09675641,0.0,0.0,0.0,0.0,0
0.23529412,2.0,3.0,4.0,0.33333334,0.25602,0.675,0.18519,0.32127,0.0,0.0,0.5,0.0,1
0.05882353,1.0,3.0,4.0,1.0,0.14975,0.5,0.11111,0.21398,0.0,0.0,0.5,0.0,0
0.29411766,1.0,3.0,4.0,0.8333333,0.34428,0.55,0.85185,0.63154,0.0,0.0,0.5,0.0,1
0.5882353,1.0,3.0,4.0,0.05,0.06705626,0.041841593,0.0,0.02956751,0.0,0.0,0.0,0.0,0
0.05882353,1.0,3.0,4.0,0.6666667,0.11353,0.625,0.11111,0.23274,0.0,0.0,0.5,0.0,0
0.1764706,1.0,3.0,4.0,0.6666667,0.24065,0.65,0.37037,0.39801,0.0,0.0,0.5,0.0,1
0.11764706,2.0,3.0,3.0,0.368,0.15737501,0.027135508,0.15672559,0.1264248,0.0,0.0,0.0,0.0,0
0.64705884,1.0,1.0,5.0,0.532,0.15575838,0.056856293,0.11098512,0.11141753,0.0,0.0,0.0,0.0,0
0.1764706,1.0,3.0,4.0,0.33333334,0.37124,0.575,0.51852,0.48849,0.0,0.0,0.5,0.0,1
0.7058824,1.0,1.0,1.0,0.238,0.1598552,0.08510955,0.04395534,0.087726876,0.0,0.0,0.0,0.0,0
0.05882353,2.0,3.0,4.0,1.0,0.64943,0.675,0.48148,0.57641,0.0,0.0,0.5,0.0,2
1.0,2.0,1.0,4.0,0.768,0.060359024,0.043586746,0.06904469,0.060499977,0.0,0.0,0.0,0.0,0
0.29411766,2.0,3.0,4.0,0.6666667,0.26159,0.7,0.11111,0.29393,0.0,0.0,0.5,0.0,1
0.0,2.0,3.0,3.0,0.232,0.25603783,0.10194452,0.10404869,0.14825629,0.0,0.0,0.0,0.0,0
0.0,2.0,3.0,4.0,0.33333334,0.56579,0.5,0.33333,0.44092,0.0,0.0,0.5,0.0,2
0.05882353,1.0,3.0,3.0,0.404,0.16716114,0.08894458,0.08003013,0.10775441,0.0,0.0,0.0,0.0,0
0.05882353,2.0,3.0,4.0,0.5,0.63471,0.725,0.59259,0.63613,0.0,0.0,0.5,0.0,2
0.11764706,1.0,3.0,4.0,0.16666667,0.43166,0.625,0.40741,0.46574,0.0,0.0,0.5,0.0,2
0.05882353,2.0,3.0,4.0,0.6666667,0.20251,0.725,0.33333,0.38701,0.0,0.0,0.5,0.0,1
0.29411766,2.0,1.0,5.0,0.932,0.055617813,0.02695413,0.0,0.022700328,0.0,0.0,0.0,0.0,0
0.88235295,1.0,1.0,1.0,0.282,0.06689448,0.012280358,0.07187744,0.05638902,0.0,0.0,0.0,0.0,0
0.29411766,2.0,3.0,4.0,0.5,0.44216,0.7,0.2963,0.43419,0.0,0.0,0.5,0.0,2
0.11764706,1.0,3.0,4.0,0.33333334,0.29461,0.65,0.44444,0.44874,0.0,0.0,0.5,0.0,1
0.1764706,1.0,3.0,4.0,1.0,0.2038,0.55,0.11111,0.24164,0.0,0.0,0.5,0.0,0
0.23529412,1.0,3.0,3.0,0.422,0.011432907,0.10357152,0.022475697,0.038309187,0.0,0.0,0.0,0.0,0
0.47058824,1.0,1.0,4.0,0.564,0.0,0.046947706,0.098483406,0.05739165,0.0,0.0,0.0,0.0,0
0.7058824,1.0,2.0,4.0,0.304,0.09199412,0.0,0.0,0.027057094,0.0,0.0,0.0,0.0,0
0.88235295,2.0,1.0,5.0,0.792,0.15257859,0.09193209,0.19770624,0.15954536,0.0,0.0,0.0,0.0,0
0.11764706,1.0,3.0,4.0,0.6666667,0.0,0.475,0.0,0.11176,0.0,0.0,0.5,0.0,0
0.1764706,1.0,3.0,4.0,0.8333333,0.80298,0.825,0.81481,0.81373,0.0,0.0,0.5,0.0,2
0.11764706,1.0,3.0,4.0,0.6666667,0.56845,0.575,0.81481,0.68593,0.0,0.0,0.5,0.0,2
0.3529412,1.0,3.0,4.0,0.368,0.0,0.040047493,0.04909516,0.032526545,0.0,0.0,0.0,0.0,0
0.1764706,1.0,3.0,4.0,0.6666667,0.02932,0.45,0.18519,0.20165,0.0,0.0,0.5,0.0,0
0.05882353,1.0,3.0,4.0,0.6666667,0.44535,0.55,0.37037,0.43469,0.0,0.0,0.5,0.0,2
0.47058824,2.0,3.0,4.0,0.564,0.038870666,0.07474066,0.07846227,0.06594201,0.0,0.0,0.0,0.0,0
0.64705884,2.0,1.0,5.0,0.938,0.1354888,0.026191236,0.0,0.04601229,0.0,0.0,0.0,0.0,0
1.0,2.0,1.0,4.0,0.258,0.0,0.06165776,0.009180942,0.018828152,0.0,0.0,0.0,0.0,0
0.11764706,2.0,3.0,4.0,0.5,0.66734,0.5,0.66667,0.62765,0.0,0.0,0.5,0.0,2
0.29411766,2.0,3.0,5.0,1.0,0.15627725,0.16668719,0.10434601,0.13428842,0.0,0.0,0.0,0.0,0
0.0,1.0,3.0,4.0,0.8333333,0.45496,0.7,0.48148,0.5251,0.0,0.0,0.5,0.0,2
1.0,2.0,1.0,4.0,0.244,0.07496478,0.09397903,0.09144574,0.087194465,0.0,0.0,0.0,0.0,0
0.47058824,2.0,1.0,4.0,0.922,0.046252802,0.10708685,0.10591209,0.08864166,0.0,0.0,0.0,0.0,0
0.9411765,1.0,3.0,3.0,0.222,0.14519538,0.16080624,0.045038115,0.101735696,0.0,0.0,0.0,0.0,0
0.29411766,1.0,3.0,3.0,0.368,0.24195364,0.168602,0.115500525,0.16518708,0.0,0.0,0.0,0.0,0
0.11764706,2.0,3.0,4.0,0.5,0.28667,0.675,0.44444,0.45229,0.0,0.0,0.5,0.0,1
0.11764706,2.0,3.0,4.0,0.8333333,0.57754,0.625,0.2963,0.45636,0.0,0.0,0.5,0.0,2
0.05882353,2.0,3.0,4.0,0.6666667,0.22074,0.5,0.33333,0.33943,0.0,0.0,0.5,0.0,0
0.0,1.0,3.0,3.0,0.064,0.074249655,0.09918549,0.05435288,0.07075372,0.0,0.0,0.0,0.0,0
0.4117647,2.0,3.0,4.0,0.5,0.42443,0.725,0.51852,0.53943,0.0,0.0,0.5,0.0,1
0.11764706,2.0,3.0,4.0,0.6666667,0.38448,0.525,0.51852,0.48062,0.0,0.0,0.5,0.0,1
0.05882353,2.0,3.0,4.0,0.6666667,0.83271,0.725,1.0,0.88609,0.0,0.0,0.5,0.0,2
0.05882353,2.0,3.0,4.0,0.5,0.0,0.575,0.07407,0.17015,0.0,0.0,0.5,0.0,0
0.9411765,1.0,2.0,4.0,0.212,0.094343685,0.09146949,0.07932524,0.0865999,0.0,0.0,0.0,0.0,0
0.47058824,1.0,1.0,5.0,0.368,0.1168621,0.014186992,0.0,0.03770932,0.0,0.0,0.0,0.0,0
0.1764706,1.0,3.0,4.0,0.6666667,0.51678,0.625,0.18519,0.3862,0.0,0.0,0.5,0.0,2
0.64705884,2.0,3.0,4.0,0.122,0.019387025,0.032668408,0.005679454,0.016061435,0.0,0.0,0.0,0.0,0
0.0,2.0,3.0,4.0,0.8333333,0.54305,0.625,0.25926,0.42878,0.0,0.0,0.5,0.0,2
0.11764706,2.0,3.0,4.0,0.8333333,0.62705,0.8,0.62963,0.66896,0.0,0.0,0.5,0.0,2
0.7058824,2.0,1.0,5.0,0.46,0.0,0.0,0.030722016,0.0144574195,0.0,0.0,0.0,0.0,0
0.3529412,1.0,3.0,3.0,1.0,0.12233568,0.0918523,0.01977961,0.06690144,0.0,0.0,0.0,0.0,0
0.7647059,1.0,3.0,2.0,0.862,0.035851944,0.11990436,0.010162038,0.043539617,0.0,0.0,0.0,0.0,0
0.1764706,2.0,3.0,4.0,0.5,0.46732,0.8,0.25926,0.44769,0.0,0.0,0.5,0.0,2
0.1764706,2.0,3.0,4.0,0.33333334,0.65839,0.625,0.40741,0.53242,0.0,0.0,0.5,0.0,2
0.11764706,1.0,3.0,4.0,0.8333333,0.175,0.55,0.03704,0.19831,0.0,0.0,0.5,0.0,1
0.1764706,1.0,3.0,4.0,0.33333334,0.06599,0.525,0.07407,0.1778,0.0,0.0,0.5,0.0,0
0.11764706,1.0,3.0,4.0,0.6666667,0.62644,0.65,0.48148,0.56377,0.0,0.0,0.5,0.0,2
0.23529412,1.0,3.0,3.0,0.298,0.016790997,0.0,0.00977202,0.009537126,0.0,0.0,0.0,0.0,0
0.7058824,2.0,1.0,4.0,0.368,0.63019276,0.6787098,0.6043741,0.6294586,2.0,0.0,0.0,0.0,2
0.5882353,2.0,3.0,4.0,0.48,0.20017141,0.18254864,0.20797387,0.19969662,1.0,0.0,0.0,0.0,1
0.5294118,2.0,3.0,4.0,0.0,0.11527949,0.12604171,0.08648736,0.10426254,0.0,0.0,0.0,0.0,0
0.88235295,1.0,1.0,2.0,0.53,0.14688191,0.17607486,0.07479203,0.11982619,0.0,0.0,0.0,0.0,0
0.3529412,2.0,3.0,4.0,0.6666667,0.33858,0.625,0.40741,0.43836,0.0,0.0,0.5,0.0,1
0.05882353,1.0,3.0,4.0,0.16666667,0.30992,0.45,0.07407,0.23189,0.0,0.0,0.5,0.0,1
0.05882353,2.0,3.0,4.0,0.8333333,0.44506,0.575,0.55556,0.52763,0.0,0.0,0.5,0.0,2
0.11764706,2.0,3.0,3.0,0.398,0.0,0.041865215,0.032456204,0.025124148,0.0,0.0,0.0,0.0,0
0.64705884,2.0,1.0,3.0,0.186,0.0,0.0,0.0,0.0,0.0,0.0,0.0,0.0,0
0.11764706,1.0,3.0,4.0,0.33333334,0.0,0.6,0.0,0.14118,0.0,0.0,0.5,0.0,0
0.05882353,2.0,3.0,4.0,0.5,0.21819,0.45,0.14815,0.23977,0.0,0.0,0.5,0.0,1
0.1764706,2.0,3.0,4.0,0.5,0.44103,0.475,0.55556,0.50292,0.0,0.0,0.5,0.0,2
0.3529412,2.0,3.0,4.0,1.0,0.52748,0.625,0.25926,0.4242,0.0,0.0,0.5,0.0,2
0.3529412,1.0,3.0,2.0,0.332,0.11869678,0.000101841826,0.1579193,0.10924974,0.0,0.0,0.0,0.0,0
0.47058824,2.0,1.0,3.0,0.394,0.12644249,0.08718167,0.07712374,0.093995824,0.0,0.0,0.0,0.0,0
0.0,2.0,3.0,3.0,0.192,0.079292856,0.075857826,0.019631868,0.050408855,0.0,0.0,0.0,0.0,0
0.11764706,1.0,3.0,4.0,0.8333333,0.73083,0.65,0.7037,0.69905,0.0,0.0,0.5,0.0,2
0.05882353,1.0,3.0,4.0,0.6666667,0.0,0.45,0.03704,0.12331,0.0,0.0,0.5,0.0,0
0.3529412,2.0,1.0,5.0,0.662,0.07357915,0.079206705,0.015033493,0.04735238,0.0,0.0,0.0,0.0,0
0.29411766,1.0,3.0,4.0,0.142,0.0,0.050667584,0.049826596,0.035369594,0.0,0.0,0.0,0.0,0
0.11764706,1.0,3.0,4.0,0.6666667,0.45139,0.65,0.44444,0.49485,0.0,0.0,0.5,0.0,2
0.9411765,2.0,3.0,5.0,0.478,0.0,0.0,0.108318694,0.0509735,0.0,0.0,0.0,0.0,0
0.29411766,1.0,3.0,3.0,0.16,0.050779544,0.13715523,0.0,0.047206983,0.0,0.0,0.0,0.0,0
0.1764706,2.0,3.0,4.0,0.564,0.06184152,0.0,0.0041757002,0.020153718,0.0,0.0,0.0,0.0,0
0.23529412,1.0,3.0,4.0,0.6666667,0.35301,0.55,0.51852,0.47725,0.0,0.0,0.5,0.0,1
0.05882353,1.0,3.0,4.0,0.8333333,0.37653,0.625,0.25926,0.37981,0.0,0.0,0.5,0.0,1
0.47058824,2.0,1.0,4.0,0.368,0.10418219,0.09129253,0.035278194,0.06872392,0.0,0.0,0.0,0.0,0
0.05882353,2.0,3.0,4.0,0.6666667,0.36071,0.725,0.07407,0.31154,0.0,0.0,0.5,0.0,1
0.0,1.0,3.0,4.0,0.5,0.0,0.475,0.14815,0.18148,0.0,0.0,0.5,0.0,0
0.05882353,1.0,3.0,4.0,0.8333333,0.24581,0.5,0.11111,0.24223,0.0,0.0,0.5,0.0,0
0.05882353,2.0,3.0,4.0,0.6666667,0.37953,0.7,0.55556,0.53777,0.0,0.0,0.5,0.0,1
0.5882353,2.0,3.0,4.0,0.8333333,0.3483,0.6,0.11111,0.2959,0.0,0.0,0.5,0.0,1
0.47058824,2.0,3.0,2.0,0.0,0.045868736,0.12535247,0.0,0.042985506,0.0,0.0,0.0,0.0,0
0.0,2.0,3.0,4.0,0.16666667,0.2603,0.625,0.25926,0.34562,0.0,0.0,0.5,0.0,1
0.29411766,1.0,3.0,4.0,0.5,0.32406,0.6,0.40741,0.42821,0.0,0.0,0.5,0.0,1
0.05882353,1.0,3.0,4.0,1.0,0.06523,0.55,0.11111,0.20089,0.0,0.0,0.5,0.0,0
0.05882353,1.0,3.0,4.0,1.0,0.23417,0.5,0.07407,0.22138,0.0,0.0,0.5,0.0,1
0.05882353,2.0,3.0,3.0,0.164,0.06940118,0.09379062,0.028774071,0.056021236,0.0,0.0,0.0,0.0,0
0.11764706,1.0,3.0,4.0,1.0,0.82111,0.575,0.88889,0.7951,0.0,0.0,0.5,0.0,2
0.9411765,1.0,3.0,5.0,1.0,0.060295936,0.1716834,0.09599131,0.103302576,0.0,0.0,0.0,0.0,0
0.23529412,1.0,3.0,4.0,0.6666667,0.22864,0.4,0.48148,0.38794,0.0,0.0,0.5,0.0,1
0.47058824,2.0,3.0,3.0,0.544,0.027841054,0.18813206,0.11149643,0.10492382,0.0,0.0,0.0,0.0,0
0.05882353,2.0,3.0,4.0,0.33333334,0.07491,0.475,0.03704,0.15123,0.0,0.0,0.5,0.0,0
0.88235295,2.0,1.0,5.0,1.0,0.2090184,0.12256237,0.1385785,0.15552762,0.0,0.0,0.0,0.0,0
0.29411766,2.0,1.0,3.0,0.108,0.005357056,0.0032622425,0.0,0.002343191,0.0,0.0,0.0,0.0,0
0.0,2.0,3.0,3.0,0.742,0.046631943,0.0,0.026971927,0.026407948,0.0,0.0,0.0,0.0,0
0.05882353,1.0,3.0,4.0,0.6666667,0.28812,0.725,0.33333,0.41219,0.0,0.0,0.5,0.0,1
0.1764706,2.0,3.0,4.0,0.8333333,0.0,0.45,0.03704,0.12331,0.0,0.0,0.5,0.0,0
0.05882353,2.0,3.0,3.0,0.842,0.0,0.033395965,0.0,0.007857874,0.0,0.0,0.0,0.0,0
0.23529412,2.0,3.0,4.0,0.8333333,0.18946,0.625,0.03704,0.22021,0.0,0.0,0.5,0.0,1
0.29411766,2.0,3.0,4.0,1.0,0.39727,0.575,0.25926,0.37414,0.0,0.0,0.5,0.0,1
0.0,2.0,3.0,3.0,0.368,0.11228652,0.039882876,0.06639439,0.07365407,0.0,0.0,0.0,0.0,0
0.05882353,2.0,3.0,4.0,0.6666667,0.6886,0.725,0.59259,0.65198,0.0,0.0,0.5,0.0,2
0.1764706,1.0,1.0,4.0,0.68,0.17559235,0.08946691,0.005111138,0.075101085,0.0,0.0,0.0,0.0,0
0.11764706,2.0,3.0,4.0,0.33333334,0.45535,0.6,0.59259,0.55397,0.0,0.0,0.5,0.0,2
0.8235294,2.0,1.0,4.0,0.18,0.16046135,0.0495145,0.145269,0.12720686,0.0,0.0,0.0,0.0,0
0.1764706,2.0,3.0,4.0,0.33333334,0.54492,0.55,0.33333,0.44655,0.0,0.0,0.5,0.0,2
0.5882353,2.0,1.0,3.0,0.368,0.07854815,0.02243754,0.0401649,0.047282945,0.0,0.0,0.0,0.0,0
0.7647059,2.0,1.0,3.0,0.22,0.045727648,0.0,0.0,0.0134493075,0.0,0.0,0.0,0.0,0
0.4117647,2.0,3.0,5.0,1.0,0.099729,0.11493841,0.1699638,0.13635936,0.0,0.0,0.0,0.0,0
0.5294118,1.0,3.0,4.0,0.396,0.07741027,0.08296331,0.0,0.042288505,0.0,0.0,0.0,0.0,0
0.3529412,2.0,3.0,4.0,0.5,0.17542,0.65,0.18519,0.29168,0.0,0.0,0.5,0.0,1
0.29411766,1.0,3.0,4.0,0.6666667,0.22666,0.575,0.55556,0.4634,0.0,0.0,0.5,0.0,1
0.7647059,2.0,3.0,4.0,0.456,0.080466375,0.04482443,0.106747575,0.08444766,0.0,0.0,0.0,0.0,0
0.05882353,2.0,3.0,4.0,0.8333333,0.19604,0.525,0.14815,0.2509,0.0,0.0,0.5,0.0,1
0.64705884,1.0,1.0,5.0,1.0,0.121364154,0.107168734,0.04888073,0.08391421,0.0,0.0,0.0,0.0,0
0.05882353,2.0,3.0,4.0,0.8333333,0.73918,0.675,0.7037,0.70738,0.0,0.0,0.5,0.0,2
1.0,2.0,1.0,2.0,0.278,0.0871951,0.025889803,0.028700097,0.045243263,0.0,0.0,0.0,0.0,0
0.05882353,2.0,3.0,4.0,0.5,0.54853,0.8,0.40741,0.54129,0.0,0.0,0.5,0.0,2
0.3529412,1.0,3.0,4.0,0.16666667,0.48579,0.5,0.62963,0.55682,0.0,0.0,0.5,0.0,2
0.0,2.0,3.0,3.0,0.976,0.113987304,0.0764498,0.09442009,0.09594685,0.0,0.0,0.0,0.0,0
0.23529412,2.0,3.0,4.0,0.368,0.11221752,0.1288227,0.04331015,0.083697625,0.0,0.0,0.0,0.0,0
0.8235294,2.0,3.0,4.0,0.456,0.15020543,0.19762687,0.21491098,0.1918131,0.0,0.0,0.0,0.0,0
0.29411766,2.0,3.0,4.0,0.8333333,0.26709,0.6,0.2963,0.35917,0.0,0.0,0.5,0.0,1
0.9411765,2.0,1.0,2.0,1.0,0.16535988,0.11858306,0.059681978,0.104622796,0.0,0.0,0.0,0.0,0
0.1764706,1.0,3.0,4.0,0.6666667,0.31204,0.5,0.2963,0.34886,0.0,0.0,0.5,0.0,1
0.11764706,1.0,3.0,4.0,0.6666667,0.12443,0.5,0.03704,0.17167,0.0,0.0,0.5,0.0,0
0.47058824,1.0,3.0,5.0,1.0,0.016042482,0.05480712,0.0,0.017614169,0.0,0.0,0.0,0.0,0
0.0,1.0,3.0,4.0,0.33333334,0.01809,0.45,0.03704,0.12863,0.0,0.0,0.5,0.0,0
0.05882353,2.0,3.0,4.0,0.33333334,0.30369,0.5,0.07407,0.24183,0.0,0.0,0.5,0.0,1
0.7058824,1.0,3.0,5.0,0.368,0.0,0.0,0.0,0.0,0.0,0.0,0.0,0.0,0
0.8235294,2.0,1.0,5.0,0.198,0.044462528,0.067357615,0.116686046,0.083837144,0.0,0.0,0.0,0.0,0
0.64705884,1.0,3.0,4.0,0.48,0.08145086,0.0096731335,0.043629136,0.046763524,0.0,0.0,0.0,0.0,0
1.0,1.0,3.0,4.0,0.498,0.107663944,0.09512244,0.2304218,0.1624814,0.0,0.0,0.0,0.0,0
0.1764706,1.0,3.0,4.0,0.33333334,0.16535,0.525,0.03704,0.18959,0.0,0.0,0.5,0.0,0
0.0,1.0,3.0,3.0,0.736,0.08224263,0.13894911,0.046532355,0.078780495,0.0,0.0,0.0,0.0,0
0.0,1.0,3.0,3.0,0.506,0.0682611,0.039989237,0.1096061,0.081065364,0.0,0.0,0.0,0.0,0
0.05882353,1.0,3.0,4.0,0.6666667,0.32226,0.625,0.62963,0.53814,0.0,0.0,0.5,0.0,1
0.3529412,2.0,3.0,2.0,0.368,0.1840728,0.14937633,0.14388257,0.15699588,0.0,0.0,0.0,0.0,0
0.11764706,1.0,3.0,4.0,0.5,0.03281,0.625,0.07407,0.19157,0.0,0.0,0.5,0.0,0
0.23529412,1.0,3.0,4.0,0.33333334,0.27302,0.55,0.77778,0.57573,0.0,0.0,0.5,0.0,1
1.0,2.0,1.0,1.0,0.13,0.15367366,0.0,0.079751015,0.08272803,0.0,0.0,0.0,0.0,0
0.88235295,1.0,1.0,1.0,0.098,0.16522522,0.08393009,0.081763074,0.10682065,0.0,0.0,0.0,0.0,0
0.11764706,2.0,1.0,2.0,0.168,0.09163168,0.105706505,0.20110597,0.14646071,0.0,0.0,0.0,0.0,0
0.7647059,2.0,1.0,5.0,0.53,0.069437034,0.04820546,0.07088538,0.06512295,0.0,0.0,0.0,0.0,0
0.05882353,1.0,3.0,4.0,0.8333333,0.3255,0.65,0.40741,0.4404,0.0,0.0,0.5,0.0,1
0.23529412,2.0,3.0,4.0,0.5,0.63417,0.675,0.33333,0.50221,0.0,0.0,0.5,0.0,2
0.0,1.0,3.0,4.0,0.6666667,0.09155,0.55,0.07407,0.1912,0.0,0.0,0.5,0.0,0
0.3529412,1.0,3.0,4.0,0.5,0.59083,0.525,0.48148,0.52388,0.0,0.0,0.5,0.0,2
0.05882353,2.0,3.0,4.0,0.5,0.69022,0.625,0.7037,0.68122,0.0,0.0,0.5,0.0,2
0.3529412,2.0,3.0,4.0,0.16666667,0.34268,0.6,0.2963,0.3814,0.0,0.0,0.5,0.0,1
0.11764706,1.0,3.0,4.0,0.5,0.08584,0.575,0.07407,0.1954,0.0,0.0,0.5,0.0,0
0.05882353,2.0,3.0,3.0,0.11,0.08036324,0.0062704356,0.046859242,0.04716305,0.0,0.0,0.0,0.0,0
0.23529412,2.0,3.0,4.0,0.5,0.11904,0.65,0.44444,0.3971,0.0,0.0,0.5,0.0,1
0.23529412,1.0,3.0,4.0,0.5,0.32942,0.6,0.37037,0.41236,0.0,0.0,0.5,0.0,1
0.5882353,1.0,1.0,3.0,0.066,0.053720802,0.006933779,0.045874976,0.039019935,0.0,0.0,0.0,0.0,0
0.0,2.0,3.0,4.0,0.6666667,0.63664,0.625,0.85185,0.73518,0.0,0.0,0.5,0.0,2
0.29411766,1.0,1.0,5.0,0.924,0.07450004,0.024990028,0.096442126,0.07317632,0.0,0.0,0.0,0.0,0
0.11764706,2.0,3.0,4.0,0.8333333,0.49295,0.6,0.48148,0.51274,0.0,0.0,0.5,0.0,2
0.7647059,1.0,1.0,4.0,0.818,0.041057754,0.14928043,0.12084546,0.10406907,0.0,0.0,0.0,0.0,0
0.11764706,2.0,3.0,3.0,0.02,0.08837205,0.04698901,0.08300591,0.076109625,0.0,0.0,0.0,0.0,0
0.05882353,2.0,3.0,3.0,0.034,0.073115416,0.037867386,0.057498783,0.057472758,0.0,0.0,0.0,0.0,0
0.88235295,2.0,2.0,4.0,0.472,0.024583664,0.113652065,0.05849331,0.061498415,0.0,0.0,0.0,0.0,0
0.23529412,1.0,3.0,4.0,0.6666667,0.17189,0.525,0.11111,0.22637,0.0,0.0,0.5,0.0,0
0.0,2.0,3.0,4.0,0.6666667,0.26066,0.6,0.44444,0.42699,0.0,0.0,0.5,0.0,1
0.9411765,2.0,2.0,1.0,0.178,0.11006291,0.15017,0.08904954,0.10961123,0.0,0.0,0.0,0.0,0
0.88235295,2.0,1.0,4.0,0.328,0.1887292,0.108446114,0.1688499,0.16048409,0.0,0.0,0.0,0.0,0
0.29411766,1.0,3.0,3.0,0.222,0.1636551,0.16590206,0.07349688,0.1217564,0.0,0.0,0.0,0.0,0
0.8235294,2.0,1.0,2.0,0.116,0.0,0.035673022,0.0,0.008393653,0.0,0.0,0.0,0.0,0
0.7647059,2.0,1.0,5.0,0.368,0.14458488,0.047854826,0.07904359,0.09098191,0.0,0.0,0.0,0.0,0
0.05882353,1.0,3.0,4.0,0.33333334,0.0,0.525,0.11111,0.17582,0.0,0.0,0.5,0.0,0
0.11764706,2.0,3.0,3.0,0.368,0.036970634,0.05407252,0.00018526753,0.023683848,0.0,0.0,0.0,0.0,0
0.3529412,2.0,3.0,4.0,0.368,0.062222462,0.042889684,0.02457815,0.039958604,0.0,0.0,0.0,0.0,0
0.1764706,2.0,3.0,4.0,0.5,0.35747,0.675,0.22222,0.36854,0.0,0.0,0.5,0.0,1
0.0,1.0,3.0,4.0,0.5,0.22209,0.475,0.14815,0.2468,0.0,0.0,0.5,0.0,0
0.11764706,2.0,3.0,4.0,0.8333333,0.75194,0.65,0.59259,0.65297,0.0,0.0,0.5,0.0,2
0.1764706,1.0,3.0,4.0,0.6666667,0.31219,0.525,0.14815,0.28507,0.0,0.0,0.5,0.0,1
0.23529412,1.0,3.0,4.0,0.6666667,0.16205,0.65,0.48148,0.42718,0.0,0.0,0.5,0.0,1
0.0,1.0,3.0,4.0,0.33333334,0.53249,0.575,0.51852,0.53592,0.0,0.0,0.5,0.0,2
0.64705884,2.0,3.0,4.0,0.368,0.11831334,0.058845565,0.1339425,0.11167582,0.0,0.0,0.0,0.0,0
0.0,2.0,3.0,3.0,0.368,0.019292329,0.0,0.0,0.005674214,0.0,0.0,0.0,0.0,0
0.5294118,2.0,1.0,4.0,0.178,0.0046180296,0.11562103,0.07353725,0.06316896,0.0,0.0,0.0,0.0,0
0.0,2.0,3.0,4.0,1.0,0.51206,0.625,0.48148,0.52425,0.0,0.0,0.5,0.0,2
0.05882353,1.0,3.0,3.0,0.164,0.1800812,0.11886203,0.09885461,0.12745242,0.0,0.0,0.0,0.0,0
0.23529412,1.0,3.0,4.0,0.6666667,0.05307,0.45,0.22222,0.22607,0.0,0.0,0.5,0.0,0
0.11764706,1.0,3.0,4.0,0.8333333,0.00846,0.45,0.07407,0.14323,0.0,0.0,0.5,0.0,0
0.4117647,1.0,3.0,4.0,0.24,0.11657836,0.13765672,0.06688032,0.09815066,0.0,0.0,0.0,0.0,0
0.1764706,2.0,3.0,4.0,1.0,0.28388,0.7,0.59259,0.52707,0.0,0.0,0.5,0.0,1
0.11764706,2.0,3.0,4.0,0.5,0.42147,0.7,0.33333,0.44553,0.0,0.0,0.5,0.0,2
0.05882353,2.0,3.0,3.0,0.008,0.10056008,0.08697541,0.101575375,0.09784147,0.0,0.0,0.0,0.0,0
0.8235294,1.0,3.0,5.0,0.368,0.014575206,0.009307312,0.052598137,0.031228846,0.0,0.0,0.0,0.0,0
0.1764706,2.0,3.0,4.0,0.6666667,0.90619,0.725,0.77778,0.80313,0.0,0.0,0.5,0.0,2
0.1764706,1.0,3.0,4.0,0.6666667,0.01093,0.575,0.11111,0.1908,0.0,0.0,0.5,0.0,0
0.05882353,2.0,3.0,4.0,1.0,0.17775,0.4,0.33333,0.30326,0.0,0.0,0.5,0.0,0
0.4117647,1.0,1.0,3.0,0.162,0.27713156,0.17947593,0.22284141,0.22860546,1.0,0.0,0.0,0.0,1
0.0,2.0,3.0,4.0,0.16666667,0.35178,0.55,0.7037,0.56403,0.0,0.0,0.5,0.0,1
0.23529412,2.0,3.0,2.0,0.368,0.14034992,0.16651031,0.16477199,0.15799804,0.0,0.0,0.0,0.0,0
0.8235294,2.0,1.0,5.0,0.066,0.535056,0.63045496,0.5297849,0.5550223,2.0,0.0,0.0,0.0,2
0.11764706,2.0,3.0,4.0,0.176,0.2966599,0.17977951,0.13679342,0.19392735,1.0,0.0,0.0,0.0,1
0.88235295,2.0,1.0,1.0,0.398,0.008181835,0.08063828,0.029580474,0.03530036,0.0,0.0,0.0,0.0,0
0.0,2.0,3.0,3.0,0.368,0.1064451,0.020861352,0.0,0.036215935,0.0,0.0,0.0,0.0,0
0.3529412,1.0,3.0,4.0,0.8333333,0.45026,0.6,0.59259,0.55247,0.0,0.0,0.5,0.0,2
0.47058824,2.0,3.0,5.0,0.344,0.09265408,0.0,0.027439777,0.040164035,0.0,0.0,0.0,0.0,0
0.05882353,1.0,3.0,3.0,0.368,0.000849319,0.0,0.034012984,0.016255911,0.0,0.0,0.0,0.0,0
0.5882353,2.0,3.0,4.0,0.8333333,0.04342,0.575,0.07407,0.18292,0.0,0.0,0.5,0.0,0
0.0,1.0,3.0,4.0,0.8333333,0.82581,0.725,0.88889,0.83178,0.0,0.0,0.5,0.0,2
0.29411766,2.0,3.0,4.0,0.8333333,0.23898,0.525,0.14815,0.26353,0.0,0.0,0.5,0.0,1
0.4117647,1.0,1.0,3.0,0.382,0.15698074,0.14059378,0.041119225,0.098601915,0.0,0.0,0.0,0.0,0
0.0,2.0,3.0,3.0,0.056,0.12947272,0.087457605,0.059336837,0.08658169,0.0,0.0,0.0,0.0,0
0.11764706,1.0,3.0,4.0,0.5,0.04444,0.575,0.03704,0.1658,0.0,0.0,0.5,0.0,0
0.11764706,2.0,3.0,4.0,0.8333333,0.10571,0.5,0.18519,0.23588,0.0,0.0,0.5,0.0,0
0.23529412,1.0,3.0,4.0,0.6666667,0.23574,0.65,0.14815,0.29199,0.0,0.0,0.5,0.0,1
0.0,2.0,3.0,4.0,0.33333334,0.34826,0.6,0.18519,0.33075,0.0,0.0,0.5,0.0,1
0.64705884,2.0,1.0,1.0,0.24,0.040902197,0.012014221,0.0,0.014856934,0.0,0.0,0.0,0.0,0
0.29411766,1.0,3.0,4.0,0.8333333,0.0,0.45,0.33333,0.26275,0.0,0.0,0.5,0.0,0
0.0,2.0,3.0,4.0,1.0,0.31885,0.575,0.18519,0.31622,0.0,0.0,0.5,0.0,1
0.0,2.0,3.0,4.0,0.33333334,0.26641,0.6,0.37037,0.39382,0.0,0.0,0.5,0.0,1
0.0,2.0,3.0,4.0,0.5,0.43462,0.75,0.51852,0.54831,0.0,0.0,0.5,0.0,1
0.0,1.0,3.0,4.0,0.16666667,0.1958,0.475,0.18519,0.2565,0.0,0.0,0.5,0.0,1
0.11764706,2.0,3.0,4.0,0.33333334,0.02355,0.525,0.03704,0.14788,0.0,0.0,0.5,0.0,0
0.0,1.0,3.0,4.0,0.33333334,0.06604,0.45,0.0,0.12531,0.0,0.0,0.5,0.0,0
0.05882353,2.0,3.0,3.0,0.514,0.0,0.04162005,0.012585344,0.015715467,0.0,0.0,0.0,0.0,0
0.1764706,2.0,3.0,4.0,0.16666667,0.95475,0.675,0.96296,0.89279,0.0,0.0,0.5,0.0,2
0.0,1.0,3.0,3.0,0.082,0.122288905,0.0028959014,0.04095068,0.05591962,0.0,0.0,0.0,0.0,0
0.88235295,2.0,1.0,5.0,0.244,0.056954935,0.1266707,0.0,0.046556324,0.0,0.0,0.0,0.0,0
0.8235294,2.0,2.0,2.0,0.996,0.13799629,0.11863381,0.0,0.06850098,0.0,0.0,0.0,0.0,0
0.9411765,1.0,1.0,5.0,1.0,0.07384224,0.03305634,0.022598559,0.040130883,0.0,0.0,0.0,0.0,0
0.23529412,1.0,3.0,4.0,0.33333334,0.08646,0.525,0.07407,0.18382,0.0,0.0,0.5,0.0,0
0.0,1.0,3.0,4.0,0.5,0.0,0.4,0.0,0.09412,0.0,0.0,0.5,0.0,0
0.0,2.0,3.0,4.0,0.8333333,0.325,0.55,0.33333,0.38186,0.0,0.0,0.5,0.0,1
0.9411765,1.0,3.0,3.0,0.238,0.09393382,0.035904568,0.059734546,0.0641861,0.0,0.0,0.0,0.0,0
0.5294118,2.0,3.0,5.0,0.816,0.043371785,0.09545598,0.079125285,0.07245207,0.0,0.0,0.0,0.0,0
1.0,2.0,3.0,5.0,0.118,0.27426454,0.08105638,0.056887537,0.12650874,0.0,0.0,0.0,0.0,0
0.11764706,1.0,3.0,4.0,0.8333333,0.21473,0.525,0.11111,0.23897,0.0,0.0,0.5,0.0,1
0.8235294,1.0,1.0,3.0,0.24,0.06974069,0.12815292,0.11833749,0.10635383,0.0,0.0,0.0,0.0,0
0.0,2.0,3.0,4.0,0.5,0.18996,0.6,0.11111,0.24934,0.0,0.0,0.5,0.0,0
0.1764706,2.0,3.0,4.0,1.0,0.41036,0.775,0.66667,0.61677,0.0,0.0,0.5,0.0,1
0.5294118,1.0,1.0,4.0,1.0,0.023366652,0.03271855,0.04234277,0.034497038,0.0,0.0,0.0,0.0,0
0.9411765,2.0,1.0,5.0,1.0,0.22404887,0.1926487,0.20298167,0.20674661,1.0,0.0,0.0,0.0,1
0.23529412,2.0,1.0,4.0,0.414,0.113120705,0.1366665,0.0002981415,0.065567926,0.0,0.0,0.0,0.0,0
0.05882353,2.0,3.0,4.0,0.16666667,0.17118,0.625,0.11111,0.24969,0.0,0.0,0.5,0.0,1
0.64705884,2.0,3.0,4.0,0.33333334,0.16175,0.575,0.07407,0.21773,0.0,0.0,0.5,0.0,0
0.8235294,2.0,3.0,5.0,0.422,0.1266695,0.109264396,0.12280879,0.12075737,0.0,0.0,0.0,0.0,0
0.0,1.0,3.0,3.0,0.3,0.13564241,0.12652452,0.16548201,0.1475392,0.0,0.0,0.0,0.0,0
0.3529412,2.0,3.0,4.0,1.0,0.45866,0.65,0.66667,0.60157,0.0,0.0,0.5,0.0,2
0.11764706,1.0,3.0,4.0,0.6666667,0.12245,0.55,0.03704,0.18286,0.0,0.0,0.5,0.0,0
0.29411766,1.0,3.0,4.0,0.5,0.18817,0.45,0.44444,0.37038,0.0,0.0,0.5,0.0,1
0.7647059,2.0,1.0,5.0,0.544,0.06504778,0.0,0.056786824,0.04585491,0.0,0.0,0.0,0.0,0
0.47058824,2.0,1.0,2.0,0.152,0.040009417,0.062766835,0.00065298605,0.02684343,0.0,0.0,0.0,0.0,0
0.11764706,1.0,3.0,4.0,0.33333334,0.41501,0.575,0.40741,0.44908,0.0,0.0,0.5,0.0,1
0.11764706,2.0,3.0,4.0,0.5,0.16763,0.525,0.14815,0.24255,0.0,0.0,0.5,0.0,0
0.11764706,2.0,3.0,4.0,0.5,0.16195,0.55,0.25926,0.29905,0.0,0.0,0.5,0.0,0
0.05882353,1.0,3.0,4.0,0.5,0.03718,0.5,0.11111,0.18087,0.0,0.0,0.5,0.0,0
0.0,2.0,3.0,3.0,1.0,0.064475596,0.105379805,0.06922431,0.076334804,0.0,0.0,0.0,0.0,0
0.11764706,1.0,3.0,4.0,0.6666667,0.04233,0.575,0.22222,0.25232,0.0,0.0,0.5,0.0,0
0.11764706,2.0,3.0,4.0,0.33333334,0.46079,0.65,0.44444,0.49762,0.0,0.0,0.5,0.0,1
0.11764706,2.0,3.0,4.0,1.0,0.71839,0.625,0.62963,0.65464,0.0,0.0,0.5,0.0,2
0.05882353,2.0,3.0,3.0,0.0,0.6176061,0.48432642,0.4765619,0.5198724,2.0,0.0,0.0,0.0,2
0.11764706,2.0,3.0,4.0,0.6666667,0.48097,0.675,0.59259,0.57915,0.0,0.0,0.5,0.0,2
0.29411766,1.0,1.0,3.0,0.174,0.041076604,0.044938903,0.0026804386,0.023916597,0.0,0.0,0.0,0.0,0
0.05882353,1.0,3.0,4.0,0.33333334,0.56313,0.675,0.40741,0.51617,0.0,0.0,0.5,0.0,2
0.0,2.0,3.0,3.0,1.0,0.13472648,0.058322497,0.1264011,0.11283124,0.0,0.0,0.0,0.0,0
0.05882353,2.0,3.0,4.0,0.8333333,0.39722,0.775,0.7037,0.63034,0.0,0.0,0.5,0.0,1
0.5294118,1.0,3.0,4.0,0.832,0.0411334,0.0994598,0.05897878,0.06325509,0.0,0.0,0.0,0.0,0
0.23529412,1.0,3.0,4.0,0.8333333,0.03108,0.575,0.0,0.14444,0.0,0.0,0.5,0.0,0
0.05882353,2.0,3.0,4.0,1.0,0.35334,0.725,0.22222,0.37909,0.0,0.0,0.5,0.0,1
0.4117647,1.0,3.0,4.0,0.368,0.045820147,0.068723716,0.10622881,0.07963683,0.0,0.0,0.0,0.0,0
0.1764706,2.0,1.0,3.0,0.368,0.14600697,0.05612773,0.15891626,0.13093388,0.0,0.0,0.0,0.0,0
0.1764706,2.0,3.0,4.0,0.368,0.04683399,0.07558898,0.06738425,0.06327058,0.0,0.0,0.0,0.0,0
0.29411766,1.0,3.0,4.0,0.5,0.55313,0.625,0.40741,0.50147,0.0,0.0,0.5,0.0,2
0.29411766,2.0,3.0,4.0,0.8333333,0.78165,0.6,0.88889,0.78937,0.0,0.0,0.5,0.0,2
0.0,1.0,3.0,4.0,0.16666667,0.0,0.5,0.03704,0.13508,0.0,0.0,0.5,0.0,0
0.64705884,1.0,3.0,4.0,0.2,0.11335009,0.06388332,0.116025425,0.10296983,0.0,0.0,0.0,0.0,0
0.05882353,2.0,3.0,4.0,0.8333333,0.33579,0.65,0.25926,0.37371,0.0,0.0,0.5,0.0,2
0.11764706,2.0,3.0,4.0,0.5,0.25722,0.475,0.18519,0.27456,0.0,0.0,0.5,0.0,1
0.64705884,1.0,3.0,4.0,0.03,0.008260458,0.07030266,0.05677324,0.045688167,0.0,0.0,0.0,0.0,0
0.11764706,1.0,3.0,4.0,1.0,0.58325,0.6,0.7037,0.64387,0.0,0.0,0.5,0.0,2
0.88235295,2.0,2.0,5.0,0.12,0.04806969,0.03548198,0.14898743,0.09259857,0.0,0.0,0.0,0.0,0
0.1764706,1.0,3.0,4.0,0.8333333,0.25451,0.55,0.25926,0.32627,0.0,0.0,0.5,0.0,0
0.0,1.0,3.0,4.0,0.33333334,0.2237,0.5,0.25926,0.30544,0.0,0.0,0.5,0.0,1
0.0,1.0,3.0,4.0,0.33333334,0.2127,0.575,0.03704,0.21528,0.0,0.0,0.5,0.0,1
0.3529412,1.0,3.0,4.0,0.8333333,0.17501,0.525,0.2963,0.31444,0.0,0.0,0.5,0.0,0
0.64705884,2.0,3.0,4.0,0.174,0.061799273,0.0,0.030946894,0.0327395,0.0,0.0,0.0,0.0,0
0.05882353,2.0,3.0,4.0,0.8333333,0.28168,0.6,0.18519,0.31117,0.0,0.0,0.5,0.0,1
0.23529412,2.0,3.0,3.0,0.294,0.11129638,0.012573196,0.063181184,0.06542495,0.0,0.0,0.0,0.0,0
0.1764706,1.0,3.0,4.0,0.8333333,0.17377,0.55,0.25926,0.30252,0.0,0.0,0.5,0.0,1
0.64705884,1.0,1.0,3.0,0.726,0.010038598,0.024705509,0.014910029,0.015782075,0.0,0.0,0.0,0.0,0
0.11764706,2.0,3.0,4.0,0.8333333,0.61498,0.675,0.66667,0.65343,0.0,0.0,0.5,0.0,2
0.0,2.0,3.0,4.0,0.5,0.33319,0.575,0.40741,0.42501,0.0,0.0,0.5,0.0,1
0.11764706,2.0,3.0,4.0,0.082,0.04025914,0.0975325,0.05337765,0.05990864,0.0,0.0,0.0,0.0,0
0.29411766,2.0,3.0,4.0,0.5,0.64963,0.625,0.77778,0.70414,0.0,0.0,0.5,0.0,2
0.23529412,1.0,3.0,4.0,0.33333334,0.65803,0.75,0.85185,0.77088,0.0,0.0,0.5,0.0,2
0.1764706,1.0,3.0,4.0,0.6666667,0.10359,0.55,0.22222,0.26445,0.0,0.0,0.5,0.0,0
0.7058824,1.0,3.0,4.0,0.856,0.06336775,0.035671044,0.028841937,0.040603433,0.0,0.0,0.0,0.0,0
0.05882353,1.0,3.0,4.0,0.33333334,0.32698,0.6,0.59259,0.51621,0.0,0.0,0.5,0.0,1
0.23529412,2.0,1.0,4.0,0.48,0.3697307,0.38036457,0.3144248,0.3462065,1.0,0.0,0.0,0.0,1
0.7647059,1.0,1.0,1.0,0.328,0.13072352,0.035265595,0.13665818,0.11105561,0.0,0.0,0.0,0.0,0
0.88235295,1.0,3.0,4.0,0.368,0.0160714,0.12041989,0.105355375,0.08263998,0.0,0.0,0.0,0.0,0
0.05882353,1.0,3.0,4.0,0.6666667,0.28629,0.675,0.18519,0.33017,0.0,0.0,0.5,0.0,1
0.0,1.0,3.0,4.0,0.33333334,0.07449,0.375,0.03704,0.12757,0.0,0.0,0.5,0.0,0
0.05882353,2.0,3.0,4.0,0.16666667,0.50119,0.625,0.51852,0.53848,0.0,0.0,0.5,0.0,2
0.05882353,1.0,3.0,3.0,0.066,0.0,0.08682812,0.15300094,0.092430584,0.0,0.0,0.0,0.0,0
0.88235295,1.0,1.0,4.0,0.528,0.021368913,0.0,0.004818686,0.008552591,0.0,0.0,0.0,0.0,0
0.9411765,1.0,1.0,3.0,0.342,0.3528389,0.3167655,0.2734609,0.30699667,1.0,0.0,0.0,0.0,1
0.1764706,2.0,3.0,4.0,0.368,0.10556595,0.13577016,0.05879987,0.09066526,0.0,0.0,0.0,0.0,0
0.23529412,2.0,1.0,3.0,0.082,0.0,0.0,0.09024297,0.042467277,0.0,0.0,0.0,0.0,0
0.11764706,1.0,3.0,4.0,0.6666667,0.2718,0.65,0.2963,0.37232,0.0,0.0,0.5,0.0,1
0.4117647,1.0,3.0,3.0,1.0,0.10744146,0.035528094,0.027418792,0.052862946,0.0,0.0,0.0,0.0,0
0.0,1.0,3.0,4.0,0.16666667,0.28165,0.575,0.11111,0.27042,0.0,0.0,0.5,0.0,1
0.0,2.0,3.0,4.0,0.16666667,0.17126,0.5,0.11111,0.22031,0.0,0.0,0.5,0.0,1
0.0,1.0,3.0,3.0,0.182,0.10617237,0.083508305,0.031213773,0.06556501,0.0,0.0,0.0,0.0,0
0.0,2.0,3.0,4.0,1.0,0.35997,0.5,0.2963,0.36295,0.0,0.0,0.5,0.0,1
0.8235294,2.0,1.0,4.0,0.176,0.36459544,0.30339023,0.30159402,0.3205465,1.0,0.0,0.0,0.0,1
0.23529412,2.0,3.0,4.0,0.5,0.4309,0.65,0.22222,0.38425,0.0,0.0,0.5,0.0,2
0.7647059,1.0,3.0,5.0,1.0,0.10542617,0.039312635,0.10493965,0.08964109,0.0,0.0,0.0,0.0,0
0.11764706,2.0,3.0,4.0,0.308,0.047152776,0.034166217,0.08217157,0.060576547,0.0,0.0,0.0,0.0,0
0.11764706,1.0,3.0,4.0,0.8333333,0.03297,0.55,0.2963,0.27854,0.0,0.0,0.5,0.0,0
0.05882353,1.0,3.0,4.0,0.8333333,0.0,0.55,0.14815,0.19913,0.0,0.0,0.5,0.0,0
0.64705884,2.0,1.0,4.0,0.34,0.21205863,0.19935197,0.071770705,0.14305098,0.0,0.0,0.0,0.0,0
0.23529412,2.0,3.0,4.0,0.16666667,0.58712,0.675,0.40741,0.52323,0.0,0.0,0.5,0.0,2
0.23529412,1.0,3.0,4.0,0.33333334,0.04341,0.525,0.11111,0.18859,0.0,0.0,0.5,0.0,0
0.0,2.0,3.0,4.0,0.6666667,0.17355,0.575,0.40741,0.37806,0.0,0.0,0.5,0.0,0
0.0,2.0,3.0,3.0,0.368,0.03106543,0.104140736,0.03224297,0.048813757,0.0,0.0,0.0,0.0,0
0.0,1.0,3.0,4.0,0.6666667,0.43178,0.675,0.59259,0.56469,0.0,0.0,0.5,0.0,2
0.1764706,2.0,3.0,4.0,0.8333333,0.1962,0.625,0.07407,0.23962,0.0,0.0,0.5,0.0,0
0.29411766,2.0,3.0,4.0,1.0,0.50725,0.525,0.11111,0.32501,0.0,0.0,0.5,0.0,2
0.8235294,2.0,1.0,4.0,0.558,0.005650389,0.12466097,0.021762215,0.041234914,0.0,0.0,0.0,0.0,0
0.11764706,1.0,3.0,4.0,0.6666667,0.67449,0.725,0.44444,0.57812,0.0,0.0,0.5,0.0,2
0.64705884,1.0,1.0,2.0,0.518,0.08559143,0.0,0.121626146,0.082409784,0.0,0.0,0.0,0.0,0
0.1764706,1.0,3.0,4.0,1.0,0.32435,0.65,0.40741,0.44006,0.0,0.0,0.5,0.0,1
0.11764706,2.0,3.0,4.0,1.0,0.0856,0.5,0.03704,0.16025,0.0,0.0,0.5,0.0,0
0.9411765,1.0,1.0,3.0,0.192,0.16307665,0.14384104,0.1103663,0.13374576,0.0,0.0,0.0,0.0,0
0.11764706,1.0,3.0,4.0,0.5,0.11035,0.675,0.07407,0.22614,0.0,0.0,0.5,0.0,0
0.1764706,2.0,3.0,4.0,0.33333334,0.11319,0.575,0.07407,0.20344,0.0,0.0,0.5,0.0,0
0.1764706,2.0,3.0,4.0,0.6666667,0.63749,0.525,0.07407,0.34589,0.0,0.0,0.5,0.0,2
0.29411766,1.0,3.0,4.0,0.6666667,0.15571,0.725,0.22222,0.32096,0.0,0.0,0.5,0.0,0
0.05882353,2.0,3.0,4.0,0.6666667,0.3005,0.55,0.11111,0.27008,0.0,0.0,0.5,0.0,1
0.23529412,2.0,3.0,4.0,1.0,0.52977,0.625,0.37037,0.47716,0.0,0.0,0.5,0.0,2
0.23529412,1.0,3.0,4.0,0.5,0.17573,0.475,0.22222,0.26803,0.0,0.0,0.5,0.0,0
0.1764706,1.0,3.0,4.0,1.0,0.21208,0.525,0.11111,0.23819,0.0,0.0,0.5,0.0,1
0.7647059,2.0,3.0,3.0,0.368,0.1547968,0.040872525,0.0992279,0.10184102,0.0,0.0,0.0,0.0,0
0.05882353,2.0,3.0,4.0,0.5,0.21167,0.675,0.40741,0.4128,0.0,0.0,0.5,0.0,1
0.64705884,2.0,3.0,5.0,0.19,0.0046177018,0.03027626,0.0,0.008481974,0.0,0.0,0.0,0.0,0
0.8235294,2.0,1.0,3.0,0.368,0.0,0.06925979,0.0,0.016296422,0.0,0.0,0.0,0.0,0
0.88235295,2.0,3.0,2.0,0.214,0.007923121,0.081878014,0.052541498,0.046321154,0.0,0.0,0.0,0.0,0
0.11764706,2.0,3.0,4.0,0.5,0.59295,0.675,0.07407,0.36808,0.0,0.0,0.5,0.0,2
1.0,1.0,1.0,4.0,1.0,0.19604056,0.0,0.22726378,0.16460665,0.0,0.0,0.0,0.0,0
0.05882353,2.0,3.0,4.0,0.33333334,0.48062,0.5,0.85185,0.65988,0.0,0.0,0.5,0.0,2
0.1764706,1.0,3.0,4.0,0.33333334,0.65245,0.725,0.55556,0.62392,0.0,0.0,0.5,0.0,2
0.29411766,1.0,3.0,4.0,1.0,0.13334,0.5,0.07407,0.19172,0.0,0.0,0.5,0.0,0
0.05882353,1.0,3.0,3.0,0.368,0.105904005,0.002776463,0.08867022,0.073528685,0.0,0.0,0.0,0.0,0
0.0,1.0,3.0,4.0,0.8333333,0.23073,0.625,0.14815,0.28464,0.0,0.0,0.5,0.0,1
0.11764706,2.0,3.0,4.0,0.8333333,0.25864,0.6,0.55556,0.47869,0.0,0.0,0.5,0.0,1
0.0,2.0,3.0,4.0,0.33333334,0.74492,0.8,0.40741,0.59905,0.0,0.0,0.5,0.0,2
0.47058824,2.0,3.0,3.0,0.368,0.0943123,0.1031557,0.17089655,0.13243274,0.0,0.0,0.0,0.0,0
0.1764706,1.0,3.0,4.0,1.0,0.31115,0.6,0.44444,0.44184,0.0,0.0,0.5,0.0,1
1.0,1.0,3.0,4.0,0.558,0.16572835,0.0,0.064994566,0.07932931,0.0,0.0,0.0,0.0,0
0.0,2.0,3.0,4.0,0.6666667,0.31109,0.6,0.2963,0.37211,0.0,0.0,0.5,0.0,1
0.1764706,2.0,3.0,4.0,0.6666667,0.47199,0.625,0.22222,0.39046,0.0,0.0,0.5,0.0,2
0.11764706,2.0,3.0,3.0,0.368,0.016030662,0.09391443,0.07044333,0.059962213,0.0,0.0,0.0,0.0,0
0.9411765,2.0,1.0,4.0,0.712,0.08310117,0.08230463,0.0,0.043807317,0.0,0.0,0.0,0.0,0
0.1764706,1.0,3.0,4.0,0.33333334,0.46866,0.65,0.74074,0.63937,0.0,0.0,0.5,0.0,2
0.9411765,2.0,1.0,3.0,0.364,0.0,0.038039252,0.030578589,0.023340337,0.0,0.0,0.0,0.0,0
0.05882353,1.0,3.0,3.0,0.152,0.09510078,0.036090493,0.056866083,0.06322321,0.0,0.0,0.0,0.0,0
0.9411765,1.0,1.0,4.0,0.938,0.07219444,0.054875396,0.01721459,0.042246502,0.0,0.0,0.0,0.0,0
0.7058824,2.0,1.0,4.0,0.498,0.13606355,0.15225497,0.14077933,0.14209248,0.0,0.0,0.0,0.0,0
0.11764706,2.0,3.0,4.0,1.0,0.16404,0.675,0.18519,0.29422,0.0,0.0,0.5,0.0,0
0.1764706,1.0,3.0,4.0,1.0,0.2528,0.6,0.25926,0.33753,0.0,0.0,0.5,0.0,1
0.1764706,1.0,3.0,4.0,0.6666667,0.5619,0.675,0.33333,0.48095,0.0,0.0,0.5,0.0,2
0.23529412,2.0,3.0,4.0,0.8333333,0.2684,0.6,0.22222,0.32469,0.0,0.0,0.5,0.0,1
0.29411766,1.0,3.0,4.0,0.8333333,0.08151,0.55,0.07407,0.18824,0.0,0.0,0.5,0.0,0
0.47058824,1.0,3.0,3.0,0.352,0.0,0.0,0.042076357,0.019800639,0.0,0.0,0.0,0.0,0
0.11764706,1.0,3.0,4.0,0.6666667,0.26743,0.525,0.22222,0.30676,0.0,0.0,0.5,0.0,1
0.0,2.0,3.0,4.0,0.16666667,0.90344,0.7,0.96296,0.88358,0.0,0.0,0.5,0.0,2
0.23529412,1.0,3.0,3.0,0.89,0.09045982,0.025083806,0.007717496,0.036139667,0.0,0.0,0.0,0.0,0
0.1764706,2.0,3.0,4.0,1.0,0.28636,0.575,0.18519,0.30666,0.0,0.0,0.5,0.0,1
0.0,1.0,3.0,4.0,0.8333333,0.35913,0.475,0.11111,0.26968,0.0,0.0,0.5,0.0,1
0.11764706,1.0,3.0,3.0,0.368,0.096287295,0.10251834,0.081628546,0.09085519,0.0,0.0,0.0,0.0,0
0.8235294,2.0,1.0,5.0,0.334,0.0,0.048178114,0.07285565,0.04562104,0.0,0.0,0.0,0.0,0
0.4117647,2.0,1.0,4.0,1.0,0.074343316,0.009971365,0.11483197,0.07825046,0.0,0.0,0.0,0.0,0
0.11764706,2.0,3.0,4.0,0.6666667,0.26582,0.725,0.07407,0.28363,0.0,0.0,0.5,0.0,1
0.7647059,2.0,1.0,4.0,0.828,0.17883016,0.10443751,0.048806556,0.100138426,0.0,0.0,0.0,0.0,0
0.7058824,2.0,1.0,3.0,0.122,0.0,0.019861702,0.040651787,0.023803594,0.0,0.0,0.0,0.0,0
0.0,1.0,3.0,4.0,0.33333334,0.22785,0.45,0.33333,0.32976,0.0,0.0,0.5,0.0,1
0.9411765,2.0,1.0,3.0,0.368,0.055909842,0.06762884,0.13398404,0.09540805,0.0,0.0,0.0,0.0,0
0.4117647,2.0,3.0,4.0,1.0,0.24047,0.55,0.22222,0.30471,0.0,0.0,0.5,0.0,1
0.05882353,1.0,3.0,4.0,0.33333334,0.30917,0.625,0.25926,0.36,0.0,0.0,0.5,0.0,1
0.5294118,1.0,1.0,2.0,0.346,0.0,0.060289104,0.051185753,0.038273085,0.0,0.0,0.0,0.0,0
0.0,2.0,3.0,4.0,0.33333334,0.44242,0.675,0.2963,0.42838,0.0,0.0,0.5,0.0,2
0.1764706,2.0,3.0,4.0,0.192,0.19796327,0.18507834,0.02416834,0.11314567,0.0,0.0,0.0,0.0,0
0.47058824,2.0,3.0,4.0,0.368,0.0,0.0,0.06373718,0.029993964,0.0,0.0,0.0,0.0,0
0.0,2.0,3.0,3.0,0.284,0.06555615,0.04382658,0.019372499,0.038709827,0.0,0.0,0.0,0.0,0
0.5882353,1.0,1.0,3.0,0.65,0.12793355,0.13957165,0.041468684,0.08998258,0.0,0.0,0.0,0.0,0
0.11764706,2.0,3.0,4.0,0.8333333,0.15185,0.6,0.14815,0.25555,0.0,0.0,0.5,0.0,1
0.05882353,1.0,3.0,4.0,0.8333333,0.4777,0.525,0.77778,0.63004,0.0,0.0,0.5,0.0,1
0.0,1.0,3.0,4.0,0.5,0.40443,0.65,0.48148,0.49847,0.0,0.0,0.5,0.0,1
0.05882353,2.0,3.0,4.0,1.0,0.55838,0.6,0.33333,0.46227,0.0,0.0,0.5,0.0,2
0.05882353,1.0,3.0,4.0,0.8333333,0.20482,0.825,0.40741,0.44608,0.0,0.0,0.5,0.0,1
0.05882353,2.0,3.0,4.0,0.8333333,0.52988,0.65,0.40741,0.50051,0.0,0.0,0.5,0.0,2
1.0,2.0,1.0,4.0,0.186,0.12298923,0.023551323,0.06625314,0.07289274,0.0,0.0,0.0,0.0,0
0.05882353,2.0,3.0,3.0,0.002,0.0823697,0.011866905,0.0,0.027018595,0.0,0.0,0.0,0.0,0
0.23529412,2.0,3.0,4.0,0.8333333,0.06615,0.525,0.11111,0.19527,0.0,0.0,0.5,0.0,0
0.23529412,2.0,3.0,4.0,0.6666667,0.53629,0.525,0.44444,0.49041,0.0,0.0,0.5,0.0,2
0.27510998,2.0,3.0,4.0,1.0,0.29943413,0.51615655,0.27236247,0.33768862,0.0,0.0,0.5,0.0,1
0.11922955,2.0,3.0,4.0,0.6666667,0.33252728,0.7236549,0.6276374,0.5634336,0.0,0.0,0.5,0.0,1
0.1764706,1.0,3.0,4.0,0.33333334,0.33782068,0.6185084,0.24370736,0.35957697,0.0,0.0,0.5,0.0,1
0.13260144,1.0,3.0,4.0,0.6666667,0.320043,0.525,0.17577353,0.30037332,0.0,0.0,0.5,0.0,1
0.1764706,1.0,3.0,4.0,0.6666667,0.2817588,0.5,0.2963,0.33995408,0.0,0.0,0.5,0.0,1
0.0,1.0,3.0,4.0,0.6666667,0.22194172,0.54073465,0.17249812,0.27368352,0.0,0.0,0.5,0.0,1
0.66982,1.0,1.0,5.0,0.77584,0.3983966,0.2958969,0.29433045,0.3253067,1.0,0.0,0.0,0.0,1
0.1764706,2.0,3.0,4.0,0.33333334,0.34448084,0.63742584,0.23153493,0.36025697,0.0,0.0,0.5,0.0,1
0.3961512,1.0,3.0,4.0,1.0,0.37402937,0.56836426,0.21238983,0.34368736,0.0,0.0,0.5,0.0,1
0.0,1.0,3.0,4.0,0.6666667,0.25181392,0.475,0.14815,0.25554946,0.0,0.0,0.5,0.0,1
0.0035400123,2.0,3.0,4.0,0.8333333,0.4413562,0.5734955,0.45112723,0.47704366,0.0,0.0,0.5,0.0,1
0.1764706,2.0,3.0,4.0,0.6666667,0.19463356,0.5700326,0.13089685,0.25296783,0.0,0.0,0.5,0.0,1
0.108095184,1.0,3.0,4.0,0.16666667,0.18376714,0.50876176,0.15416463,0.24630252,0.0,0.0,0.5,0.0,1
0.15431188,2.0,3.0,4.0,0.5,0.21958174,0.6344175,0.5716625,0.48288077,0.0,0.0,0.5,0.0,1
0.5972567,2.0,1.0,5.0,1.0,0.3193578,0.25352213,0.27261907,0.28187236,1.0,0.0,0.0,0.0,1
0.34375507,1.0,3.0,4.0,0.8333333,0.28885394,0.61171234,0.1794057,0.31330794,0.0,0.0,0.5,0.0,1
0.0,1.0,3.0,4.0,0.16666667,0.3043756,0.6765439,0.2853221,0.38297632,0.0,0.0,0.5,0.0,1
0.18078274,2.0,3.0,4.0,0.6666667,0.29647174,0.52683264,0.11111,0.26344913,0.0,0.0,0.5,0.0,1
0.5869867,2.0,3.0,4.0,0.7907822,0.31630877,0.575,0.21355711,0.3288189,0.0,0.0,0.5,0.0,1
0.19637457,2.0,3.0,4.0,1.0,0.27751818,0.6,0.30882975,0.36813426,0.0,0.0,0.5,0.0,1
0.05882353,2.0,3.0,4.0,0.8297719,0.39608788,0.7733973,0.7068658,0.6311195,0.0,0.0,0.5,0.0,1
0.036806073,1.0,3.0,4.0,0.16666667,0.3397067,0.60628515,0.2685721,0.36895654,0.0,0.0,0.5,0.0,1
0.1764706,1.0,3.0,4.0,1.0,0.35890874,0.6,0.11175879,0.29933316,0.0,0.0,0.5,0.0,1
0.0,2.0,3.0,4.0,0.5,0.34800598,0.6061037,0.26830322,0.37122607,0.0,0.0,0.5,0.0,1
0.7846027,1.0,1.0,2.8308773,0.45114666,0.31502694,0.31546733,0.276921,0.29719836,1.0,0.0,0.0,0.0,1
0.06678771,1.0,3.0,4.0,0.33333334,0.32890335,0.6148457,0.41743842,0.43784818,0.0,0.0,0.5,0.0,1
0.0,2.0,3.0,4.0,0.8333333,0.34152308,0.55,0.31618422,0.37865168,0.0,0.0,0.5,0.0,1
0.0,1.0,3.0,4.0,0.6666667,0.27999175,0.5693445,0.22640958,0.32285884,0.0,0.0,0.5,0.0,1
0.0,2.0,3.0,4.0,1.0,0.32725862,0.5596633,0.20791085,0.3257758,0.0,0.0,0.5,0.0,1
0.05882353,2.0,3.0,4.0,0.5,0.2625247,0.625,0.21619646,0.326011,0.0,0.0,0.5,0.0,1
0.19996415,1.0,3.0,4.0,0.8333333,0.18509594,0.55998474,0.16294342,0.26288107,0.0,0.0,0.5,0.0,1
0.12112498,2.0,3.0,4.0,0.17836499,0.296326,0.19094087,0.1457006,0.20064697,1.0,0.0,0.0,0.0,1
0.22510818,2.0,3.0,4.0,1.0,0.31694373,0.6,0.32691786,0.38824475,0.0,0.0,0.5,0.0,1
0.23529412,2.0,3.0,4.0,1.0,0.23532067,0.675,0.13581462,0.29194766,0.0,0.0,0.5,0.0,1
0.024871457,2.0,3.0,4.0,0.8333333,0.34698012,0.5144296,0.37037,0.39738467,0.0,0.0,0.5,0.0,1
0.097142726,2.0,3.0,4.0,0.5,0.21878342,0.54128563,0.11111,0.24400117,0.0,0.0,0.5,0.0,1
0.16710074,2.0,3.0,4.0,0.8333333,0.25948215,0.6380534,0.117010005,0.28151482,0.0,0.0,0.5,0.0,1
0.0,1.0,3.0,4.0,0.33333334,0.25561517,0.57962847,0.37037,0.38585928,0.0,0.0,0.5,0.0,1
0.018712444,2.0,3.0,4.0,0.33333334,0.24450426,0.60795283,0.5303028,0.46451572,0.0,0.0,0.5,0.0,1
0.16861404,1.0,3.0,4.0,0.5,0.39615428,0.593322,0.22716711,0.36302078,0.0,0.0,0.5,0.0,1
0.0,1.0,3.0,4.0,0.16666667,0.3577786,0.5256663,0.07407,0.2637758,0.0,0.0,0.5,0.0,1
0.19103366,1.0,3.0,4.0,0.8333333,0.26982865,0.5376214,0.44444,0.41501182,0.0,0.0,0.5,0.0,1
0.05882353,2.0,3.0,4.0,0.33333334,0.37578705,0.5545241,0.18854055,0.32972127,0.0,0.0,0.5,0.0,1
0.041842025,2.0,3.0,4.0,0.8814476,0.4616368,0.59613144,0.68805295,0.59983015,0.0,0.0,0.5,0.0,1
0.11764706,2.0,3.0,4.0,0.5,0.1791884,0.4636387,0.29225856,0.29932538,0.0,0.0,0.5,0.0,1
0.11479618,2.0,3.0,4.0,0.16666667,0.19944368,0.61747444,0.061128445,0.2327129,0.0,0.0,0.5,0.0,1
0.07263583,1.0,3.0,4.0,0.5,0.26182494,0.5676107,0.32463503,0.36333337,0.0,0.0,0.5,0.0,1
0.05882353,2.0,3.0,4.0,0.6666667,0.3007703,0.60743254,0.71471125,0.5677265,0.0,0.0,0.5,0.0,1
0.124920905,2.0,3.0,3.0,0.29833338,0.27702105,0.21465766,0.3031719,0.2746536,1.0,0.0,0.0,0.0,1
0.0058014323,2.0,3.0,4.0,0.8333333,0.30799034,0.6598624,0.4887861,0.4758629,0.0,0.0,0.5,0.0,1
0.051640656,1.0,3.0,4.0,0.8333333,0.2886779,0.4652636,0.54651415,0.45155668,0.0,0.0,0.5,0.0,1
0.1764706,2.0,3.0,4.0,0.8333333,0.20787323,0.6262103,0.08581893,0.24886625,0.0,0.0,0.5,0.0,1
0.05882353,1.0,3.0,4.0,0.6666667,0.31806248,0.5532775,0.44929594,0.43516263,0.0,0.0,0.5,0.0,1
0.05882353,2.0,3.0,4.0,0.8333333,0.18741179,0.4937836,0.1250249,0.2301411,0.0,0.0,0.5,0.0,1
0.05882353,1.0,3.0,4.0,1.0,0.33347943,0.51757824,0.3553221,0.38707814,0.0,0.0,0.5,0.0,1
0.05882353,2.0,3.0,4.0,0.5,0.26364714,0.54122686,0.27030346,0.3320923,0.0,0.0,0.5,0.0,1
0.23529412,2.0,3.0,4.0,0.6666667,0.3231048,0.5828381,0.46931675,0.45302492,0.0,0.0,0.5,0.0,1
0.1764706,1.0,3.0,4.0,0.5,0.3394924,0.62122387,0.77218163,0.6094001,0.0,0.0,0.5,0.0,1
0.0817746,2.0,3.0,4.0,0.5,0.23090552,0.49573737,0.27371183,0.3133645,0.0,0.0,0.5,0.0,1
0.091966994,2.0,3.0,4.0,0.6666667,0.18210912,0.575,0.14345045,0.25635883,0.0,0.0,0.5,0.0,1
0.05882353,1.0,3.0,4.0,0.33333334,0.29490727,0.6095105,0.23631075,0.34135684,0.0,0.0,0.5,0.0,1
0.1442059,2.0,3.0,4.0,0.33333334,0.4433034,0.63871247,0.42772093,0.4819484,0.0,0.0,0.5,0.0,1
0.09391091,2.0,3.0,4.0,0.6666667,0.2005595,0.69517577,0.37751764,0.4002162,0.0,0.0,0.5,0.0,1
0.28874272,1.0,3.0,4.0,0.8333333,0.27841538,0.51135784,0.40741,0.3939277,0.0,0.0,0.5,0.0,1
0.026142322,1.0,3.0,4.0,0.33333334,0.3303158,0.625,0.42798313,0.4456183,0.0,0.0,0.5,0.0,1
0.11850983,1.0,3.0,4.0,0.6666667,0.31051058,0.525,0.33387327,0.37197176,0.0,0.0,0.5,0.0,1
0.10740451,2.0,3.0,4.0,0.90215635,0.402646,0.775,0.6884089,0.6247364,0.0,0.0,0.5,0.0,1
0.05882353,2.0,3.0,4.0,0.8333333,0.34163168,0.63736665,0.17895083,0.33466136,0.0,0.0,0.5,0.0,1
0.11764706,2.0,3.0,4.0,0.6666667,0.35821766,0.5660644,0.22222,0.34312072,0.0,0.0,0.5,0.0,1
0.26360655,1.0,3.0,4.0,0.8333333,0.22782326,0.51296717,0.13032222,0.24903394,0.0,0.0,0.5,0.0,1
0.0,2.0,3.0,4.0,0.33333334,0.27853417,0.6,0.33336797,0.37997234,0.0,0.0,0.5,0.0,1
0.0,2.0,3.0,4.0,0.33333334,0.36002865,0.5521182,0.31638372,0.3846905,0.0,0.0,0.5,0.0,1
0.4174731,2.0,1.0,5.0,0.9585627,0.30917472,0.18253303,0.17807736,0.21768378,1.0,0.0,0.0,0.0,1
0.049833376,1.0,3.0,4.0,0.33333334,0.28099784,0.5652833,0.11677092,0.2706083,0.0,0.0,0.5,0.0,1
0.0,2.0,3.0,4.0,0.8333333,0.3246175,0.6228559,0.3671933,0.41482466,0.0,0.0,0.5,0.0,1
0.106692135,2.0,3.0,4.0,0.5,0.28294483,0.55465585,0.32643378,0.36734447,0.0,0.0,0.5,0.0,1
0.0064069615,1.0,3.0,4.0,0.16666667,0.286753,0.622277,0.086173005,0.27131233,0.0,0.0,0.5,0.0,1
0.40300047,2.0,3.0,4.0,0.64183474,0.42492956,0.63244957,0.44995865,0.48553857,0.0,0.0,0.5,0.0,1
0.0,2.0,3.0,4.0,0.33333334,0.24805398,0.62233764,0.22222,0.323962,0.0,0.0,0.5,0.0,1
0.087772906,2.0,3.0,4.0,1.0,0.22912848,0.5434552,0.07407,0.23011695,0.0,0.0,0.5,0.0,1
0.0,1.0,3.0,4.0,0.33333334,0.30092403,0.51075214,0.1287668,0.26928136,0.0,0.0,0.5,0.0,1
0.27091968,2.0,3.0,3.0,0.095436536,0.17951153,0.22976069,0.20461325,0.20314744,1.0,0.0,0.0,0.0,1
0.23529412,1.0,3.0,4.0,0.5,0.32726765,0.5112646,0.1685003,0.29584134,0.0,0.0,0.5,0.0,1
0.29411766,2.0,3.0,4.0,0.8333333,0.3423252,0.58164054,0.18519,0.32468945,0.0,0.0,0.5,0.0,1
0.15111871,1.0,3.0,4.0,0.6666667,0.19366913,0.61422545,0.14815,0.27119786,0.0,0.0,0.5,0.0,1
0.115148924,2.0,3.0,4.0,0.5,0.36673754,0.6619691,0.20291871,0.35911608,0.0,0.0,0.5,0.0,1
0.11764706,2.0,3.0,4.0,0.33333334,0.37465882,0.5338803,0.4312847,0.43877408,0.0,0.0,0.5,0.0,1
0.3864199,1.0,3.0,4.0,0.738477,0.30106637,0.6284569,0.1219474,0.29380694,0.0,0.0,0.5,0.0,1
0.18254623,1.0,3.0,4.0,0.35054764,0.39727286,0.4301643,0.70752573,0.551013,0.0,0.0,0.5,0.0,1
0.7983717,1.0,3.0,5.0,0.91577303,0.2250047,0.27667776,0.15190502,0.20276321,1.0,0.0,0.0,0.0,1
0.120314114,1.0,3.0,4.0,0.6666667,0.3094022,0.52046597,0.33333,0.37032357,0.0,0.0,0.5,0.0,1
0.07702272,1.0,3.0,4.0,0.33333334,0.23285916,0.5,0.28350982,0.31954864,0.0,0.0,0.5,0.0,1
0.0,2.0,3.0,4.0,0.8333333,0.38858724,0.6095019,0.39333203,0.44280055,0.0,0.0,0.5,0.0,1
0.0,2.0,3.0,4.0,0.33333334,0.3201918,0.6151423,0.014603206,0.24578741,0.0,0.0,0.5,0.0,1
0.08945981,2.0,3.0,4.0,0.5,0.2437119,0.6098979,0.50077105,0.45084584,0.0,0.0,0.5,0.0,1
0.0,2.0,3.0,4.0,0.8333333,0.38667932,0.54513603,0.25926,0.3640018,0.0,0.0,0.5,0.0,1
0.09807864,1.0,3.0,4.0,0.33333334,0.20399651,0.6166834,0.06791074,0.23705542,0.0,0.0,0.5,0.0,1
0.0,1.0,3.0,4.0,0.6666667,0.25118744,0.475,0.14815,0.25536537,0.0,0.0,0.5,0.0,1
0.05882353,1.0,3.0,4.0,0.8333333,0.296736,0.6119229,0.12877494,0.2918589,0.0,0.0,0.5,0.0,1
0.05882353,2.0,3.0,4.0,0.6666667,0.18914315,0.5917524,0.18519,0.28200933,0.0,0.0,0.5,0.0,1
0.3023993,1.0,3.0,4.0,0.6666667,0.32315135,0.55527955,0.3015141,0.36758888,0.0,0.0,0.5,0.0,1
0.14895649,1.0,3.0,4.0,0.5,0.19016887,0.501613,0.056749593,0.20066415,0.0,0.0,0.5,0.0,1
0.719317,1.0,1.0,3.0,0.26656777,0.3211124,0.25923184,0.2522479,0.27414542,1.0,0.0,0.0,0.0,1
0.0,1.0,3.0,4.0,0.6666667,0.17003633,0.40672198,0.114429764,0.19956392,0.0,0.0,0.5,0.0,1
0.09204285,2.0,3.0,4.0,1.0,0.3532682,0.6461773,0.56601596,0.5223049,0.0,0.0,0.5,0.0,1
0.09412322,1.0,3.0,4.0,0.16666667,0.35122588,0.625,0.22962347,0.35841644,0.0,0.0,0.5,0.0,1
0.11901616,2.0,3.0,4.0,0.8333333,0.24552208,0.5017456,0.11111,0.24255484,0.0,0.0,0.5,0.0,1
0.24569565,2.0,3.0,4.0,1.0,0.32659823,0.5823174,0.32678214,0.38685942,0.0,0.0,0.5,0.0,1
0.0,2.0,3.0,4.0,0.5,0.42389968,0.72612405,0.51852,0.53953797,0.0,0.0,0.5,0.0,1
0.12489545,2.0,3.0,4.0,0.33333334,0.34847122,0.4684834,0.66210586,0.5243,0.0,0.0,0.5,0.0,1
0.067093186,1.0,3.0,4.0,0.6666667,0.19873478,0.5355438,0.14815,0.25418115,0.0,0.0,0.5,0.0,1
0.0,2.0,3.0,4.0,0.6666667,0.25399873,0.58998907,0.4296098,0.41569564,0.0,0.0,0.5,0.0,1
0.23529412,1.0,3.0,4.0,0.8333333,0.21155025,0.61577076,0.15498704,0.280038,0.0,0.0,0.5,0.0,1
0.10027775,1.0,3.0,4.0,1.0,0.3278058,0.517618,0.1742529,0.3002055,0.0,0.0,0.5,0.0,1
0.80116343,1.0,1.0,3.0,0.256312,0.341432,0.26764736,0.29699793,0.30316076,1.0,0.0,0.0,0.0,1
0.010895791,2.0,3.0,3.0,0.20993431,0.27919257,0.2988196,0.28619418,0.28710556,1.0,0.0,0.0,0.0,1
0.23529412,2.0,3.0,4.0,1.0,0.26980916,0.50616854,0.108063556,0.24930868,0.0,0.0,0.5,0.0,1
0.58102137,1.0,3.0,4.0,0.6666667,0.36507893,0.58183956,0.30642924,0.38848084,0.0,0.0,0.5,0.0,1
0.0,2.0,3.0,4.0,0.6666667,0.23845671,0.5315279,0.22222,0.29977348,0.0,0.0,0.5,0.0,1
0.0,2.0,3.0,4.0,0.33333334,0.30093062,0.5796063,0.14815,0.29460037,0.0,0.0,0.5,0.0,1
0.32388008,2.0,3.0,4.0,0.33333334,0.31677207,0.65933776,0.43060893,0.45094773,0.0,0.0,0.5,0.0,1
0.1486176,2.0,3.0,3.0,0.5015272,0.4057512,0.33497074,0.33399135,0.35532764,1.0,0.0,0.0,0.0,1
0.22868799,1.0,3.0,4.0,0.6666667,0.36433747,0.6693848,0.40741,0.45638534,0.0,0.0,0.5,0.0,1
0.05867153,1.0,3.0,4.0,0.8333333,0.32855508,0.6248062,0.14815,0.3133659,0.0,0.0,0.5,0.0,1
0.13894205,1.0,3.0,4.0,0.6666667,0.29618064,0.60689926,0.23562904,0.34079453,0.0,0.0,0.5,0.0,1
0.090913266,2.0,3.0,4.0,0.16666667,0.19899978,0.62424123,0.056116935,0.2318156,0.0,0.0,0.5,0.0,1
0.28311312,1.0,3.0,4.0,0.8333333,0.275216,0.5101615,0.40741,0.39270508,0.0,0.0,0.5,0.0,1
0.23529412,1.0,3.0,4.0,0.8333333,0.3545099,0.525,0.31805262,0.37747067,0.0,0.0,0.5,0.0,1
0.1764706,2.0,3.0,4.0,0.39446324,0.346439,0.3437424,0.32725403,0.3367763,1.0,0.0,0.0,0.0,1
0.15590902,1.0,3.0,4.0,0.5,0.22097191,0.5162613,0.08054361,0.22437045,0.0,0.0,0.5,0.0,1
0.20923,1.0,3.0,4.0,0.16666667,0.30152583,0.39303863,0.20886059,0.27945092,0.0,0.0,0.5,0.0,1
0.3529412,2.0,3.0,4.0,1.0,0.3060416,0.6094109,0.11459579,0.28733104,0.0,0.0,0.5,0.0,1
0.10411439,2.0,3.0,4.0,0.5,0.2132095,0.54424864,0.11111,0.24305893,0.0,0.0,0.5,0.0,1
0.032743357,1.0,3.0,4.0,0.5,0.2954333,0.5110841,0.2920999,0.34460652,0.0,0.0,0.5,0.0,1
0.22025618,1.0,3.0,4.0,0.8333333,0.36637524,0.53778225,0.33333,0.3911587,0.0,0.0,0.5,0.0,1
0.017768266,2.0,3.0,4.0,0.5,0.23056726,0.59010303,0.17400168,0.28854594,0.0,0.0,0.5,0.0,1
0.11764706,1.0,3.0,4.0,0.8333333,0.22796586,0.60489684,0.07407,0.24423823,0.0,0.0,0.5,0.0,1
0.31162658,2.0,3.0,4.0,1.0,0.29912442,0.6563968,0.15917352,0.3173244,0.0,0.0,0.5,0.0,1
0.25462207,1.0,3.0,4.0,0.6666667,0.3114945,0.55821437,0.53069043,0.47269925,0.0,0.0,0.5,0.0,1
0.011204119,1.0,3.0,3.0,0.03161802,0.2434127,0.23292623,0.26323962,0.2502756,1.0,0.0,0.0,0.0,1
0.0,2.0,3.0,4.0,0.6666667,0.33910015,0.61916643,0.23086306,0.35406312,0.0,0.0,0.5,0.0,1
0.21768188,1.0,3.0,4.0,1.0,0.2835739,0.5074852,0.43889648,0.4093557,0.0,0.0,0.5,0.0,1
0.0,1.0,3.0,4.0,0.8333333,0.32217157,0.6326055,0.48148,0.47018537,0.0,0.0,0.5,0.0,1
0.16747154,2.0,3.0,4.0,0.33333334,0.35179716,0.6711754,0.39607695,0.44778153,0.0,0.0,0.5,0.0,1
0.23529412,1.0,3.0,4.0,0.5,0.34022126,0.5191191,0.15686312,0.29602358,0.0,0.0,0.5,0.0,1
0.14071889,1.0,3.0,4.0,0.16666667,0.26053253,0.5053889,0.28661475,0.33042124,0.0,0.0,0.5,0.0,1
0.089829884,2.0,3.0,4.0,0.245482,0.31110728,0.7631777,0.22021711,0.37470418,0.0,0.0,0.5,0.0,1
0.11764706,1.0,3.0,4.0,0.33333334,0.31285214,0.42222348,0.5159007,0.43414056,0.0,0.0,0.5,0.0,1
0.010496821,2.0,3.0,4.0,1.0,0.34245375,0.5089223,0.28308073,0.35367796,0.0,0.0,0.5,0.0,1
0.05882353,1.0,3.0,4.0,0.8333333,0.2751876,0.49684078,0.57869,0.47016186,0.0,0.0,0.5,0.0,1
0.1764706,1.0,3.0,4.0,0.8333333,0.22748843,0.56348765,0.13962168,0.26519504,0.0,0.0,0.5,0.0,1
0.23529412,1.0,3.0,4.0,0.33333334,0.18713893,0.6,0.22222,0.300796,0.0,0.0,0.5,0.0,1
0.13894348,2.0,3.0,4.0,0.759754,0.25214675,0.24435289,0.20155688,0.2265059,1.0,0.0,0.0,0.0,1
0.11764706,2.0,3.0,4.0,1.0,0.3550517,0.6442663,0.55556,0.51745975,0.0,0.0,0.5,0.0,1
0.1331783,1.0,3.0,4.0,0.33333334,0.30302724,0.67759883,0.43081355,0.45129955,0.0,0.0,0.5,0.0,1
0.1764706,2.0,3.0,4.0,0.8333333,0.20311499,0.6456159,0.07623516,0.24752337,0.0,0.0,0.5,0.0,1
0.5882353,2.0,3.0,4.0,0.30148908,0.28177178,0.29199544,0.255872,0.27198923,1.0,0.0,0.0,0.0,1
0.25144354,2.0,3.0,4.0,0.6666667,0.21213783,0.611273,0.11111,0.25851098,0.0,0.0,0.5,0.0,1
0.1764706,1.0,3.0,4.0,0.5,0.25488997,0.5552215,0.2963,0.34503776,0.0,0.0,0.5,0.0,1
0.0,1.0,3.0,4.0,0.33333334,0.2518694,0.46689603,0.38339633,0.3643563,0.0,0.0,0.5,0.0,1
0.22855495,2.0,3.0,4.0,0.9213241,0.3153259,0.2376793,0.29534593,0.28765377,1.0,0.0,0.0,0.0,1
0.026222995,2.0,3.0,4.0,0.5,0.36402035,0.575,0.5020079,0.47859883,0.0,0.0,0.5,0.0,1
0.05882353,1.0,3.0,4.0,0.8333333,0.27641192,0.49132246,0.57596505,0.46794093,0.0,0.0,0.5,0.0,1
0.0,1.0,3.0,4.0,0.5,0.3484201,0.6238134,0.22163415,0.3535523,0.0,0.0,0.5,0.0,1
0.097582944,2.0,3.0,4.0,0.33333334,0.28404778,0.60852724,0.50674796,0.46519262,0.0,0.0,0.5,0.0,1
0.16580631,2.0,3.0,4.0,0.8333333,0.22354099,0.575,0.11782509,0.25648546,0.0,0.0,0.5,0.0,1
0.7170789,1.6032194,3.0,5.0,0.9777803,0.29573056,0.25969577,0.24427266,0.2630363,1.0,0.0,0.0,0.0,1
0.11764706,1.0,3.0,4.0,0.5,0.2405044,0.43343067,0.1356591,0.23655853,0.0,0.0,0.5,0.0,1
0.17091323,1.0,3.0,4.0,0.6666667,0.26440078,0.52972376,0.3773678,0.37999254,0.0,0.0,0.5,0.0,1
0.0,2.0,3.0,4.0,0.29543713,0.32694018,0.55,0.7323179,0.5701878,0.0,0.0,0.5,0.0,1
0.07440562,2.0,3.0,4.0,0.8333333,0.3652936,0.55,0.5457483,0.4936726,0.0,0.0,0.5,0.0,1
0.27325234,1.0,3.0,4.0,0.5591184,0.20252512,0.43226448,0.45757848,0.37660873,0.0,0.0,0.5,0.0,1
0.14142643,2.0,3.0,4.0,0.33333334,0.2717933,0.65,0.31836066,0.38269705,0.0,0.0,0.5,0.0,1
0.1528713,2.0,3.0,4.0,0.5,0.22914495,0.6049406,0.25926,0.33174005,0.0,0.0,0.5,0.0,1
0.63734007,2.0,1.0,3.0,0.2222191,0.3589117,0.32124877,0.29765192,0.3212217,1.0,0.0,0.0,0.0,1
0.1764706,1.0,3.0,4.0,0.8333333,0.2617071,0.57576704,0.44444,0.42159784,0.0,0.0,0.5,0.0,1
0.21277387,1.0,3.0,4.0,0.8333333,0.2146962,0.5595711,0.17100945,0.2752794,0.0,0.0,0.5,0.0,1
0.23529412,1.0,3.0,4.0,0.8333333,0.3225282,0.56969875,0.46509314,0.4477779,0.0,0.0,0.5,0.0,1
0.28422725,2.0,3.0,4.0,0.6666667,0.26158157,0.6334068,0.2654878,0.35090888,0.0,0.0,0.5,0.0,1
0.09821192,2.0,3.0,4.0,0.7217329,0.33326092,0.79174006,0.18519,0.37145358,0.0,0.0,0.5,0.0,1
0.17235696,1.0,3.0,4.0,0.6666667,0.24282837,0.65,0.36519018,0.39621344,0.0,0.0,0.5,0.0,1
0.23529412,2.0,3.0,4.0,0.6666667,0.41368413,0.6,0.1510909,0.33395207,0.0,0.0,0.5,0.0,1
0.11764706,1.0,3.0,4.0,0.33333334,0.24968818,0.55,0.5354734,0.45483324,0.0,0.0,0.5,0.0,1
0.38781247,2.0,3.0,4.0,1.0,0.26543063,0.5703594,0.17697734,0.29555234,0.0,0.0,0.5,0.0,1
0.040007763,2.0,3.0,4.0,0.16666667,0.34841233,0.725,0.30664846,0.41736808,0.0,0.0,0.5,0.0,1
0.07240172,2.0,3.0,4.0,1.0,0.19055773,0.7269171,0.27920017,0.3584728,0.0,0.0,0.5,0.0,1
0.14959656,1.0,3.0,4.0,0.33333334,0.33842885,0.6342644,0.31641254,0.39767417,0.0,0.0,0.5,0.0,1
0.0,2.0,3.0,4.0,0.16666667,0.3123333,0.625,0.32628226,0.3924662,0.0,0.0,0.5,0.0,1
0.23221536,2.0,3.0,4.0,1.0,0.27705318,0.55261695,0.2202819,0.31517604,0.0,0.0,0.5,0.0,1
0.45465538,1.0,3.0,4.0,1.0,0.31037623,0.4939238,0.35635123,0.3752031,0.0,0.0,0.5,0.0,1
0.13899672,1.0,3.0,4.0,0.8333333,0.18508995,0.5340736,0.14815,0.24981853,0.0,0.0,0.5,0.0,1
0.11764706,2.0,3.0,4.0,0.33333334,0.3763267,0.52533895,0.4446074,0.4435246,0.0,0.0,0.5,0.0,1
0.05882353,2.0,3.0,4.0,0.8333333,0.15786046,0.4834764,0.10713578,0.21060553,0.0,0.0,0.5,0.0,1
0.01962174,2.0,3.0,4.0,0.6666667,0.2565884,0.5833392,0.28394458,0.34634444,0.0,0.0,0.5,0.0,1
0.20114852,1.0,3.0,4.0,1.0,0.32689083,0.6104881,0.08003578,0.27745202,0.0,0.0,0.5,0.0,1
0.053601917,1.0,3.0,4.0,0.6666667,0.34946972,0.5705616,0.48805588,0.46670532,0.0,0.0,0.5,0.0,1
0.0,1.0,3.0,4.0,0.16666667,0.31938428,0.6221249,0.6282101,0.5359496,0.0,0.0,0.5,0.0,1
0.1764706,2.0,3.0,4.0,0.33333334,0.3235876,0.586504,0.26925784,0.35988012,0.0,0.0,0.5,0.0,1
0.0,1.0,3.0,4.0,0.33333334,0.25697163,0.4877419,0.27741915,0.32089067,0.0,0.0,0.5,0.0,1
0.048795417,1.0,3.0,4.0,0.8333333,0.31791624,0.6164761,0.33333,0.39542544,0.0,0.0,0.5,0.0,1
0.7647059,1.0,1.0,3.0,0.3698201,0.33028486,0.2867571,0.29045013,0.30129728,1.0,0.0,0.0,0.0,1
0.6925358,2.0,1.0,4.0,0.11946555,0.33902338,0.25301406,0.24841338,0.2761459,1.0,0.0,0.0,0.0,1
0.11764706,2.0,3.0,4.0,0.8333333,0.23911,0.5616355,0.1415497,0.26908624,0.0,0.0,0.5,0.0,1
7.274587e-05,1.0,3.0,4.0,0.33333334,0.41843128,0.6750618,0.5183826,0.5258479,0.0,0.0,0.5,0.0,1
0.3175467,1.0,3.0,4.0,0.8333333,0.24520467,0.49004266,0.0963572,0.23277126,0.0,0.0,0.5,0.0,1
0.0011037427,2.0,3.0,4.0,0.33333334,0.40940082,0.5240618,0.295605,0.38283008,0.0,0.0,0.5,0.0,1
0.030889027,1.0,3.0,4.0,0.16666667,0.35558465,0.5656392,0.2787102,0.36883596,0.0,0.0,0.5,0.0,1
0.11764706,1.0,3.0,4.0,0.33333334,0.2959526,0.4978158,0.24509123,0.31951565,0.0,0.0,0.5,0.0,1
0.12469582,1.0,3.0,4.0,0.8333333,0.2110824,0.52200425,0.11111,0.23719293,0.0,0.0,0.5,0.0,1
0.0,2.0,3.0,4.0,0.5,0.22739996,0.5724164,0.18614669,0.28916937,0.0,0.0,0.5,0.0,1
0.11882508,2.0,3.0,4.0,0.33333334,0.2811626,0.65,0.26000178,0.35798922,0.0,0.0,0.5,0.0,1
0.19193058,2.0,3.0,3.0,0.22087187,0.25988033,0.19862159,0.29551348,0.26223508,1.0,0.0,0.0,0.0,1
0.5653882,1.0,1.0,5.0,0.59895724,0.3833698,0.26327443,0.263685,0.2987898,1.0,0.0,0.0,0.0,1
0.6787094,1.0,1.0,3.0,0.23546194,0.35323668,0.28587747,0.2998762,0.31227663,1.0,0.0,0.0,0.0,1
0.038640182,1.0,3.0,4.0,0.8333333,0.26625898,0.42536688,0.18519,0.26554444,0.0,0.0,0.5,0.0,1
0.17100418,1.0,3.0,4.0,0.33333334,0.34099358,0.6430303,0.2558179,0.37197843,0.0,0.0,0.5,0.0,1
0.030240854,2.0,3.0,4.0,0.20950788,0.35467178,0.5242953,0.69418156,0.55435216,0.0,0.0,0.5,0.0,1
0.47950637,2.0,1.0,3.0,0.28339663,0.36479345,0.3543398,0.34740365,0.35415035,1.0,0.0,0.0,0.0,1
0.69481665,1.0,3.0,4.0,0.62156206,0.3632202,0.5533829,0.13616876,0.30111417,0.0,0.0,0.5,0.0,1
0.0,1.0,3.0,4.0,0.33333334,0.27583006,0.5891514,0.14815,0.28947008,0.0,0.0,0.5,0.0,1
0.1764706,2.0,3.0,4.0,1.0,0.25512862,0.54965806,0.1664167,0.28268147,0.0,0.0,0.5,0.0,1
0.05882353,2.0,3.0,4.0,0.5,0.21055327,0.6630522,0.41920966,0.41521347,0.0,0.0,0.5,0.0,1
0.11393476,2.0,3.0,4.0,0.8333333,0.30861616,0.55,0.33333,0.37704307,0.0,0.0,0.5,0.0,1
0.0,2.0,3.0,4.0,0.33333334,0.2961248,0.55294126,0.07407,0.25205946,0.0,0.0,0.5,0.0,1
0.1764706,1.0,3.0,4.0,0.6666667,0.2764229,0.53068393,0.35352963,0.37253457,0.0,0.0,0.5,0.0,1
0.27401915,2.0,3.0,4.0,1.0,0.3063836,0.5670837,0.40647656,0.41483268,0.0,0.0,0.5,0.0,1
0.38935828,2.0,3.0,4.0,0.6666667,0.2565108,0.5273863,0.26808223,0.32568976,0.0,0.0,0.5,0.0,1
0.15609872,1.0,3.0,4.0,0.6666667,0.38515434,0.64902586,0.25926,0.38799497,0.0,0.0,0.5,0.0,1
0.05882353,2.0,3.0,4.0,0.70650923,0.3264256,0.7,0.8784114,0.6740801,0.0,0.0,0.5,0.0,1
0.14763084,2.0,3.0,4.0,0.33333334,0.3415371,0.65,0.3144549,0.4013746,0.0,0.0,0.5,0.0,1
0.0,2.0,3.0,4.0,0.5,0.22555876,0.5793678,0.1787186,0.28676686,0.0,0.0,0.5,0.0,1
0.19292374,2.0,3.0,4.0,0.33333334,0.21383628,0.67902225,0.33333,0.37952858,0.0,0.0,0.5,0.0,1
0.0033889988,2.0,3.0,4.0,0.33333334,0.30292666,0.570679,0.14388202,0.29107913,0.0,0.0,0.5,0.0,1
0.0,2.0,3.0,4.0,0.31222278,0.30526507,0.57183343,0.14815,0.29404694,0.0,0.0,0.5,0.0,1
0.34342563,2.0,3.0,4.0,0.8333333,0.30806807,0.50808823,0.30936626,0.35574016,0.0,0.0,0.5,0.0,1
0.05882353,1.0,3.0,3.0,0.16471764,0.30419272,0.26003513,0.29191846,0.28802657,1.0,0.0,0.0,0.0,1
0.05882353,1.0,3.0,3.0,0.29075116,0.24642913,0.269483,0.2601425,0.25830692,1.0,0.0,0.0,0.0,1
0.14314263,2.0,3.0,4.0,0.6666667,0.3927895,0.6391644,0.28024596,0.39779693,0.0,0.0,0.5,0.0,1
0.24811262,2.0,3.0,4.0,0.42257887,0.3737071,0.34706703,0.26529935,0.31642342,1.0,0.0,0.0,0.0,1
0.20595019,2.0,3.0,4.0,0.33333334,0.40203893,0.625,0.4259677,0.46575654,0.0,0.0,0.5,0.0,1
0.62203586,1.0,1.0,3.0,0.23349218,0.3072009,0.23400444,0.2429464,0.2597408,1.0,0.0,0.0,0.0,1
0.38001573,2.0,1.0,4.0,0.2151125,0.30373093,0.25872654,0.31196898,0.29701838,1.0,0.0,0.0,0.0,1
0.11764706,2.0,3.0,4.0,0.8333333,0.3258918,0.54069877,0.49095854,0.45411322,0.0,0.0,0.5,0.0,1
0.25580046,2.0,3.0,4.0,0.3252372,0.34546438,0.36137787,0.23626412,0.29782036,1.0,0.0,0.0,0.0,1
0.14514817,1.0,3.0,4.0,0.8333333,0.18114837,0.51331204,0.1308331,0.23562562,0.0,0.0,0.5,0.0,1
0.0,2.0,3.0,4.0,0.28690368,0.32858628,0.55,0.7304215,0.56977975,0.0,0.0,0.5,0.0,1
0.0,1.0,3.0,4.0,0.33333334,0.2272637,0.45706388,0.32286555,0.3263241,0.0,0.0,0.5,0.0,1
0.16400103,1.0,3.0,4.0,0.6666667,0.2804452,0.44619825,0.33333,0.34433725,0.0,0.0,0.5,0.0,1
0.048160885,2.0,3.0,4.0,0.8333333,0.29235038,0.60906327,0.48148,0.45587793,0.0,0.0,0.5,0.0,1
0.7893986,2.0,1.0,5.0,1.0,0.2661104,0.21951322,0.23371388,0.23990093,1.0,0.0,0.0,0.0,1
0.23125403,1.0,3.0,4.0,0.66285104,0.3311464,0.4272894,0.81226623,0.5801799,0.0,0.0,0.5,0.0,1
0.27602458,1.0,3.0,4.0,0.5,0.19459386,0.45,0.4330487,0.36690742,0.0,0.0,0.5,0.0,1
0.0131537905,1.0,3.0,4.0,0.8333333,0.32932758,0.66940963,0.46491688,0.4731557,0.0,0.0,0.5,0.0,1
0.05882353,2.0,3.0,4.0,0.6666667,0.37787968,0.6957323,0.55714035,0.5370244,0.0,0.0,0.5,0.0,1
0.02511521,1.0,3.0,4.0,0.6666667,0.20530275,0.55365205,0.16937546,0.27035955,0.0,0.0,0.5,0.0,1
0.05882353,1.0,3.0,4.0,0.8333333,0.2660375,0.59663653,0.10861835,0.26974794,0.0,0.0,0.5,0.0,1
0.18531333,2.0,3.0,4.0,0.33333334,0.3892172,0.5362745,0.64536595,0.5443596,0.0,0.0,0.5,0.0,1
0.1764706,2.0,3.0,4.0,0.8333333,0.28876674,0.5119839,0.48148,0.4319808,0.0,0.0,0.5,0.0,1
0.29411766,2.0,3.0,4.0,0.8333333,0.20708235,0.6514704,0.2200483,0.3177466,0.0,0.0,0.5,0.0,1
0.1764706,2.0,3.0,4.0,0.16666667,0.20834056,0.64920366,0.08865002,0.2557467,0.0,0.0,0.5,0.0,1
0.16828248,2.0,3.0,4.0,0.6666667,0.4187086,0.6145601,0.2541041,0.38733292,0.0,0.0,0.5,0.0,1
0.17048599,1.0,3.0,4.0,0.8333333,0.18738692,0.50254345,0.11111,0.22564878,0.0,0.0,0.5,0.0,1
0.12768634,1.0,3.0,4.0,0.6666667,0.3452742,0.66646665,0.46883866,0.47900096,0.0,0.0,0.5,0.0,1
0.1550037,2.0,3.0,4.0,0.6666667,0.15297633,0.54881483,0.46971864,0.3951723,0.0,0.0,0.5,0.0,1
0.061600145,2.0,3.0,4.0,0.8333333,0.19395413,0.52854013,0.14815,0.2511195,0.0,0.0,0.5,0.0,1
0.11764706,1.0,3.0,4.0,0.6666667,0.24110253,0.60874,0.35742262,0.38234618,0.0,0.0,0.5,0.0,1
0.0,2.0,3.0,4.0,0.16666667,0.28546885,0.6166577,0.33333,0.38591832,0.0,0.0,0.5,0.0,1
0.22813165,2.0,3.0,4.0,0.5,0.31521797,0.6969559,0.28727987,0.39189234,0.0,0.0,0.5,0.0,1
0.056262825,2.0,3.0,4.0,0.6666667,0.33346927,0.725,0.14815,0.3383833,0.0,0.0,0.5,0.0,1
0.05882353,1.0,3.0,4.0,0.6666667,0.19466937,0.50030535,0.14815,0.24469462,0.0,0.0,0.5,0.0,1
0.11764706,2.0,3.0,4.0,0.8333333,0.3042429,0.51744133,0.1197237,0.26757622,0.0,0.0,0.5,0.0,1
0.17176674,1.0,3.0,4.0,1.0,0.36235073,0.5940026,0.14815,0.3160549,0.0,0.0,0.5,0.0,1
0.0,1.0,3.0,4.0,0.6666667,0.2401857,0.49732763,0.15642016,0.26127347,0.0,0.0,0.5,0.0,1
0.051644996,2.0,3.0,4.0,1.0,0.23997396,0.51889825,0.07859018,0.22965495,0.0,0.0,0.5,0.0,1
0.0,1.0,3.0,4.0,0.5,0.24941799,0.62971455,0.11111,0.27381447,0.0,0.0,0.5,0.0,1
0.12138534,2.0,3.0,4.0,0.33333334,0.25404972,0.65,0.33097672,0.3834159,0.0,0.0,0.5,0.0,1
0.0072879298,1.0,3.0,4.0,0.33333334,0.30386397,0.57190263,0.11111,0.27622452,0.0,0.0,0.5,0.0,1
0.13398544,1.0,3.0,4.0,1.0,0.30459297,0.55694383,0.41769516,0.41719353,0.0,0.0,0.5,0.0,1
0.09377679,1.0,3.0,4.0,0.8333333,0.4578803,0.52871376,0.7887832,0.6302628,0.0,0.0,0.5,0.0,1
0.23527455,1.0,3.0,4.0,0.8333333,0.325264,0.625,0.4814677,0.4692995,0.0,0.0,0.5,0.0,1
0.3003604,1.0,1.0,5.0,0.82272905,0.3494927,0.18516855,0.26573086,0.27141088,1.0,0.0,0.0,0.0,1
0.41101378,2.0,3.0,4.0,0.33587062,0.34135506,0.3388987,0.23230653,0.28946012,1.0,0.0,0.0,0.0,1
0.096188344,2.0,3.0,4.0,0.33333334,0.37007713,0.5614798,0.45795214,0.45646775,0.0,0.0,0.5,0.0,1
0.1764706,1.0,3.0,4.0,0.8333333,0.32877076,0.66533846,0.14815,0.3229644,0.0,0.0,0.5,0.0,1
0.11764706,2.0,3.0,4.0,0.8333333,0.2973929,0.55,0.2963,0.3563155,0.0,0.0,0.5,0.0,1
0.0,2.0,3.0,4.0,0.33333334,0.32162747,0.57020545,0.07407,0.26361957,0.0,0.0,0.5,0.0,1
0.22283792,1.0,3.0,4.0,1.0,0.27616936,0.6197061,0.060568135,0.25553808,0.0,0.0,0.5,0.0,1
0.11945864,2.0,3.0,4.0,0.5,0.2286915,0.64923006,0.5387459,0.47355473,0.0,0.0,0.5,0.0,1
0.19092627,2.0,3.0,4.0,0.5,0.15951832,0.60042536,0.12021245,0.24476723,0.0,0.0,0.5,0.0,1
0.5320011,2.0,1.0,4.0,0.23865406,0.2601565,0.2271002,0.24965009,0.24743436,1.0,0.0,0.0,0.0,1
0.11764706,2.0,3.0,4.0,0.5,0.32006833,0.63513225,0.107112095,0.29398763,0.0,0.0,0.5,0.0,1
0.23529412,1.0,3.0,4.0,0.8333333,0.3114527,0.58575845,0.3122354,0.37636262,0.0,0.0,0.5,0.0,1
0.06886263,1.0,3.0,4.0,0.5,0.24279623,0.55,0.21590029,0.30242068,0.0,0.0,0.5,0.0,1
0.0,1.0,3.0,4.0,0.5,0.2548054,0.7194028,0.21392788,0.3448877,0.0,0.0,0.5,0.0,1
0.05882353,2.0,3.0,4.0,0.5,0.23905522,0.625,0.14815,0.28708556,0.0,0.0,0.5,0.0,1
0.0,2.0,3.0,4.0,0.8333333,0.39446655,0.5433653,0.23960276,0.3566255,0.0,0.0,0.5,0.0,1
0.16601375,2.0,3.0,4.0,0.5,0.21853045,0.48833248,0.14156553,0.24579339,0.0,0.0,0.5,0.0,1
0.13578717,2.0,3.0,4.0,1.0,0.29766795,0.575,0.18519,0.30998668,0.0,0.0,0.5,0.0,1
0.022467548,2.0,3.0,4.0,0.8333333,0.31204188,0.6881948,0.50977474,0.49359617,0.0,0.0,0.5,0.0,1
0.3313641,2.0,3.0,4.0,0.6666667,0.22701061,0.6224892,0.06420964,0.24344835,0.0,0.0,0.5,0.0,1
0.013464388,1.0,3.0,4.0,0.6666667,0.2566786,0.4864447,0.14815,0.25967252,0.0,0.0,0.5,0.0,1
0.0,1.0,3.0,4.0,0.6666667,0.29720864,0.58081615,0.2308372,0.3327065,0.0,0.0,0.5,0.0,1
0.20931734,2.0,3.0,4.0,0.8333333,0.3028952,0.5889599,0.48965853,0.4580929,0.0,0.0,0.5,0.0,1
0.05882353,2.0,3.0,4.0,0.5,0.22021607,0.5956562,0.48148,0.43150324,0.0,0.0,0.5,0.0,1
0.15621904,1.0,3.0,4.0,0.6666667,0.2553274,0.5508207,0.37037,0.3789947,0.0,0.0,0.5,0.0,1
0.0,2.0,3.0,4.0,0.33333334,0.3002457,0.60379964,0.15377949,0.30274028,0.0,0.0,0.5,0.0,1
0.05882353,1.0,3.0,4.0,0.5,0.3485218,0.60256827,0.51852,0.48829618,0.0,0.0,0.5,0.0,1
0.1764706,2.0,3.0,4.0,0.5,0.35985053,0.66980237,0.23762171,0.3752637,0.0,0.0,0.5,0.0,1
0.0826352,2.0,3.0,4.0,0.5,0.23398928,0.46011996,0.16314374,0.25385293,0.0,0.0,0.5,0.0,1
0.11764706,2.0,3.0,4.0,0.6666667,0.3537213,0.5759443,0.20941043,0.33809435,0.0,0.0,0.5,0.0,1
0.11764706,2.0,3.0,4.0,0.8333333,0.30665776,0.5177118,0.32021263,0.36269274,0.0,0.0,0.5,0.0,1
0.08973557,2.0,3.0,4.0,0.8333333,0.16934107,0.43686238,0.11299938,0.2057773,0.0,0.0,0.5,0.0,1
0.6753903,2.0,2.4816349,4.0,0.023779618,0.28153598,0.27048668,0.25844944,0.2680719,1.0,0.0,0.0,0.0,1
0.048418403,2.0,3.0,4.0,0.33333334,0.36587483,0.61173344,0.48148,0.47812533,0.0,0.0,0.5,0.0,1
0.02276934,2.0,3.0,4.0,1.0,0.2398571,0.5862921,0.07407,0.24335624,0.0,0.0,0.5,0.0,1
0.06307973,1.0,3.0,4.0,0.5,0.32141495,0.52680886,0.7037,0.5496412,0.0,0.0,0.5,0.0,1
0.014622368,1.0,3.0,4.0,0.16666667,0.3297317,0.6813565,0.2684674,0.38363594,0.0,0.0,0.5,0.0,1
0.1843414,1.0,3.0,4.0,1.0,0.28301618,0.5649647,0.44444,0.4253223,0.0,0.0,0.5,0.0,1
0.12722582,1.0,3.0,4.0,0.5,0.39234015,0.5831419,0.72523576,0.59388816,0.0,0.0,0.5,0.0,1
0.046490457,2.0,3.0,4.0,0.16666667,0.37403592,0.62903374,0.7622482,0.6167218,0.0,0.0,0.5,0.0,1
0.024579516,2.0,3.0,4.0,0.33333334,0.37585697,0.6,0.22222,0.3563003,0.0,0.0,0.5,0.0,1
0.0,2.0,3.0,4.0,0.6666667,0.2175751,0.58404875,0.2474433,0.3178575,0.0,0.0,0.5,0.0,1
0.10648854,2.0,3.0,4.0,0.5,0.2599852,0.5702576,0.26628628,0.33595377,0.0,0.0,0.5,0.0,1
0.081238344,1.0,3.0,4.0,0.33333334,0.21099955,0.5476315,0.07407,0.22577156,0.0,0.0,0.5,0.0,1
0.3148823,1.0,3.0,4.0,0.8333333,0.32957074,0.525,0.38344508,0.40090826,0.0,0.0,0.5,0.0,1
0.3237006,2.0,3.0,4.0,0.97713387,0.3136979,0.16961534,0.21491048,0.23330793,1.0,0.0,0.0,0.0,1
0.19827655,2.0,3.0,4.0,1.0,0.24341223,0.51573247,0.13441923,0.25619903,0.0,0.0,0.5,0.0,1
0.23529412,1.0,3.0,4.0,0.8333333,0.22458614,0.525,0.15551564,0.2627681,0.0,0.0,0.5,0.0,1
0.30171964,1.0,3.0,4.0,0.6666667,0.4312474,0.6951537,0.30108616,0.43209037,0.0,0.0,0.5,0.0,1
0.17897843,1.0,3.0,4.0,0.5,0.24612379,0.525,0.29314172,0.33386156,0.0,0.0,0.5,0.0,1
0.15462303,2.0,3.0,4.0,1.0,0.3219009,0.5907148,0.18519,0.32081088,0.0,0.0,0.5,0.0,1
0.05882353,2.0,3.0,4.0,0.78902483,0.3091995,0.7683537,0.19503447,0.36351052,0.0,0.0,0.5,0.0,1
0.11764706,1.0,3.0,4.0,1.0,0.2839761,0.625,0.22222,0.33515474,0.0,0.0,0.5,0.0,1
0.029372578,1.0,3.0,4.0,0.8333333,0.2896445,0.55,0.16664533,0.29302442,0.0,0.0,0.5,0.0,1
0.0,2.0,3.0,4.0,0.33333334,0.22306249,0.51995146,0.33333,0.34480783,0.0,0.0,0.5,0.0,1
0.1676919,2.0,3.0,4.0,0.5,0.32142085,0.5574619,0.18519,0.312847,0.0,0.0,0.5,0.0,1
0.0,2.0,3.0,4.0,0.16666667,0.2586331,0.60318,0.3286198,0.37263605,0.0,0.0,0.5,0.0,1
0.114551604,1.0,3.0,3.0,0.583579,0.26955912,0.21774866,0.13962883,0.19622475,1.0,0.0,0.0,0.0,1
0.014322233,2.0,3.0,4.0,0.5,0.2225444,0.6128261,0.2963,0.34908426,0.0,0.0,0.5,0.0,1
0.0,2.0,3.0,4.0,0.33333334,0.373219,0.5412928,0.27216065,0.36521006,0.0,0.0,0.5,0.0,1
0.11764706,1.0,3.0,4.0,0.33333334,0.2222327,0.62026715,0.090075314,0.25369623,0.0,0.0,0.5,0.0,1
0.09494596,1.0,3.0,4.0,0.6666667,0.34071258,0.61535203,0.25926,0.36700603,0.0,0.0,0.5,0.0,1
0.15994886,2.0,3.0,4.0,0.6666667,0.30297711,0.6785109,0.55556,0.51019514,0.0,0.0,0.5,0.0,1
0.0,2.0,3.0,4.0,0.6666667,0.24760506,0.5803803,0.4153754,0.40485507,0.0,0.0,0.5,0.0,1
0.0025751654,1.0,3.0,4.0,0.8333333,0.25943956,0.6,0.14652847,0.28643858,0.0,0.0,0.5,0.0,1
0.05099147,1.0,3.0,4.0,0.6666667,0.20299768,0.5316572,0.15308169,0.25684154,0.0,0.0,0.5,0.0,1
0.72865313,1.0,1.0,3.0,0.2346129,0.34465596,0.26786226,0.30176395,0.3064024,1.0,0.0,0.0,0.0,1
0.11764706,2.0,3.0,4.0,0.8333333,0.20832627,0.5835327,0.14815,0.26828912,0.0,0.0,0.5,0.0,1
0.79326355,2.0,1.0,4.0,0.2014973,0.35978198,0.2999256,0.29924244,0.31720895,1.0,0.0,0.0,0.0,1
0.2577784,2.0,3.0,4.0,0.6666667,0.35114336,0.49044418,0.22222,0.3232483,0.0,0.0,0.5,0.0,1
0.0044951094,2.0,3.0,4.0,0.5,0.18399021,0.57691044,0.4130702,0.38424602,0.0,0.0,0.5,0.0,1
0.16003719,1.0,3.0,4.0,0.33333334,0.3528855,0.6209526,0.32298502,0.4018878,0.0,0.0,0.5,0.0,1
0.1764706,1.0,3.0,4.0,0.5,0.24345051,0.59477395,0.48148,0.4381307,0.0,0.0,0.5,0.0,1
0.30900344,2.0,1.0,4.0,0.52229494,0.2824692,0.2440188,0.25856477,0.2621729,1.0,0.0,0.0,0.0,1
0.1764706,2.0,3.0,4.0,1.0,0.31665695,0.5585878,0.19329326,0.3155248,0.0,0.0,0.5,0.0,1
0.1279334,1.0,3.0,4.0,0.33333334,0.30279174,0.6706283,0.2898229,0.38323417,0.0,0.0,0.5,0.0,1
0.1764706,1.0,3.0,4.0,0.8333333,0.27183786,0.5623863,0.40774187,0.40415764,0.0,0.0,0.5,0.0,1
0.66042954,1.0,3.0,4.0,0.71623576,0.2918051,0.33126414,0.27749845,0.29435703,1.0,0.0,0.0,0.0,1
0.23529412,1.0,3.0,4.0,0.8333333,0.3244078,0.55875933,0.29260072,0.36457738,0.0,0.0,0.5,0.0,1
0.23529412,2.0,3.0,4.0,1.0,0.32538903,0.6113483,0.3249255,0.39245895,0.0,0.0,0.5,0.0,1
0.0,1.0,3.0,4.0,0.8333333,0.31016904,0.5639391,0.07816696,0.26070604,0.0,0.0,0.5,0.0,1
0.14996356,2.0,3.0,4.0,0.6666667,0.30606014,0.55,0.22222,0.32400456,0.0,0.0,0.5,0.0,1
0.16955644,2.0,3.0,4.0,1.0,0.2781874,0.580877,0.18519,0.30563974,0.0,0.0,0.5,0.0,1
0.22907686,1.0,3.0,4.0,0.33333334,0.19135575,0.62235767,0.3215864,0.35405573,0.0,0.0,0.5,0.0,1
0.11833675,2.0,3.0,4.0,0.33137923,0.29848477,0.6,0.48191428,0.45574695,0.0,0.0,0.5,0.0,1
0.08489842,2.0,3.0,4.0,0.7594545,0.36191773,0.76391816,0.7365377,0.63280016,0.0,0.0,0.5,0.0,1
0.11764706,1.0,3.0,4.0,0.6666667,0.31163302,0.52260846,0.33687332,0.37315074,0.0,0.0,0.5,0.0,1
0.5770524,1.0,3.0,4.0,0.5,0.2810615,0.6480989,0.55556,0.496592,0.0,0.0,0.5,0.0,1
0.11764706,2.0,3.0,4.0,0.6666667,0.40054762,0.5440344,0.5091195,0.48540145,0.0,0.0,0.5,0.0,1
0.0,1.0,3.0,4.0,0.6666667,0.3743298,0.6170482,0.25926,0.3772934,0.0,0.0,0.5,0.0,1
0.22365475,2.0,3.0,4.0,0.8333333,0.32991424,0.5651065,0.26658908,0.3554546,0.0,0.0,0.5,0.0,1
0.0,1.0,3.0,4.0,1.0,0.19618511,0.61446327,0.1520528,0.27383667,0.0,0.0,0.5,0.0,1
0.2311093,1.0,3.0,4.0,0.8333333,0.24857499,0.50088924,0.40609246,0.38206673,0.0,0.0,0.5,0.0,1
0.23529412,1.0,3.0,4.0,0.8333333,0.21595071,0.58685654,0.16698778,0.2801754,0.0,0.0,0.5,0.0,1
0.3169174,2.0,3.0,4.0,1.0,0.32402334,0.6846899,0.14815,0.32611912,0.0,0.0,0.5,0.0,1
0.03165018,1.0,3.0,4.0,0.5,0.31462216,0.6730973,0.2250436,0.35681495,0.0,0.0,0.5,0.0,1
0.23628372,1.0,3.0,4.0,0.8333333,0.31431565,0.60105145,0.33333,0.3907279,0.0,0.0,0.5,0.0,1
0.057102937,1.0,3.0,4.0,1.0,0.23477021,0.49780625,0.07515342,0.22155023,0.0,0.0,0.5,0.0,1
0.11086063,2.0,3.0,4.0,0.6666667,0.2937207,0.725,0.14815,0.32669306,0.0,0.0,0.5,0.0,1
0.44040585,2.0,1.0,2.7838426,0.26390392,0.35063148,0.3315616,0.30955175,0.32681283,1.0,0.0,0.0,0.0,1
0.09677404,1.0,3.0,4.0,0.33333334,0.30650476,0.583871,0.22222,0.33210355,0.0,0.0,0.5,0.0,1
0.20071359,1.0,3.0,4.0,0.6666667,0.36895016,0.6396967,0.19394186,0.350296,0.0,0.0,0.5,0.0,1
0.14997742,1.0,3.0,4.0,0.8333333,0.19799969,0.5112596,0.11111,0.2308192,0.0,0.0,0.5,0.0,1
0.0,2.0,3.0,4.0,0.5,0.2947938,0.625,0.290023,0.3702397,0.0,0.0,0.5,0.0,1
0.18051252,2.0,3.0,4.0,0.33333334,0.36890578,0.64656436,0.6641249,0.5731646,0.0,0.0,0.5,0.0,1
0.0,2.0,3.0,4.0,0.6666667,0.33321846,0.60682225,0.2963,0.38021654,0.0,0.0,0.5,0.0,1
0.0,1.0,3.0,4.0,0.16666667,0.28797355,0.5708691,0.10804984,0.26986814,0.0,0.0,0.5,0.0,1
0.1764706,2.0,3.0,4.0,0.8600586,0.2592026,0.21943653,0.2005436,0.22224164,1.0,0.0,0.0,0.0,1
0.0,2.0,3.0,4.0,0.6666667,0.2572964,0.5949451,0.43695158,0.421287,0.0,0.0,0.5,0.0,1
0.26088414,2.0,3.0,4.0,0.2970808,0.2588211,0.61956215,0.32527542,0.37497577,0.0,0.0,0.5,0.0,1
0.05882353,2.0,3.0,4.0,0.5,0.26371574,0.6886079,0.2963,0.3790229,0.0,0.0,0.5,0.0,1
0.17505829,2.0,3.0,4.0,1.0,0.28469065,0.5762004,0.18519,0.3064516,0.0,0.0,0.5,0.0,1
0.31368527,2.0,3.0,4.0,0.8333333,0.28437668,0.5416325,0.111189306,0.2634036,0.0,0.0,0.5,0.0,1
0.46936145,1.0,3.0,4.0,0.33333334,0.32161382,0.60156417,0.33371624,0.39317742,0.0,0.0,0.5,0.0,1
0.16144627,2.0,3.0,4.0,0.8333333,0.28456113,0.519156,0.46256152,0.42352507,0.0,0.0,0.5,0.0,1
0.2634455,1.0,3.0,4.0,0.33333334,0.263364,0.5695535,0.39775318,0.39864737,0.0,0.0,0.5,0.0,1
0.5497807,1.0,1.0,4.0,0.18201223,0.31441233,0.21326335,0.18681087,0.23056482,1.0,0.0,0.0,0.0,1
0.2964808,1.0,3.0,4.0,0.8333333,0.32383624,0.546987,0.07407,0.25880378,0.0,0.0,0.5,0.0,1
0.028132664,2.0,3.0,4.0,1.0,0.2521212,0.51086915,0.16424894,0.27165046,0.0,0.0,0.5,0.0,1
0.22916557,1.0,3.0,4.0,0.8333333,0.16808158,0.5723954,0.19290702,0.27489308,0.0,0.0,0.5,0.0,1
0.25424796,2.0,3.0,4.0,0.6666667,0.2652109,0.5580554,0.2963,0.34874415,0.0,0.0,0.5,0.0,1
0.18383728,2.0,3.0,4.0,1.0,0.40591726,0.5062617,0.22222,0.34308612,0.0,0.0,0.5,0.0,1
0.0,2.0,3.0,4.0,0.33333334,0.2977808,0.5881416,0.31386468,0.37366566,0.0,0.0,0.5,0.0,1
0.11094373,2.0,3.0,4.0,0.5,0.25277227,0.47215107,0.18096906,0.27059546,0.0,0.0,0.5,0.0,1
0.26388326,2.0,3.0,4.0,0.8333333,0.16379169,0.48715037,0.18622082,0.25042686,0.0,0.0,0.5,0.0,1
0.23060572,1.0,3.0,4.0,0.5,0.32935545,0.6019926,0.37037,0.41280955,0.0,0.0,0.5,0.0,1
0.1764706,2.0,3.0,4.0,0.8599169,0.2539653,0.21756616,0.1986973,0.21939231,1.0,0.0,0.0,0.0,1
0.03626469,1.0,3.0,4.0,0.6666667,0.21190791,0.475,0.14815,0.24381088,0.0,0.0,0.5,0.0,1
0.1764706,1.0,3.0,4.0,0.8333333,0.25938648,0.553916,0.43283778,0.41031387,0.0,0.0,0.5,0.0,1
0.05882353,1.0,3.0,3.0,0.16914897,0.32854345,0.27882296,0.32327738,0.31436637,1.0,0.0,0.0,0.0,1
0.12416518,2.0,3.0,4.0,0.5,0.32363266,0.6194596,0.36626568,0.41330194,0.0,0.0,0.5,0.0,1
0.0,1.0,3.0,4.0,0.5,0.28150544,0.6700734,0.14085078,0.30674216,0.0,0.0,0.5,0.0,1
0.11205813,2.0,3.0,4.0,0.16666667,0.29142702,0.5952494,0.29981828,0.3668628,0.0,0.0,0.5,0.0,1
0.0,2.0,3.0,4.0,0.8333333,0.30995643,0.64060014,0.43970343,0.4488111,0.0,0.0,0.5,0.0,1
0.0,2.0,3.0,4.0,0.591682,0.26455233,0.6775046,0.6462946,0.5413578,0.0,0.0,0.5,0.0,1
0.10454739,2.0,3.0,4.0,0.33333334,0.12349205,0.5902837,0.06792679,0.20717578,0.0,0.0,0.5,0.0,1
0.18609905,1.0,3.0,4.0,1.0,0.36639014,0.6,0.14815,0.31865406,0.0,0.0,0.5,0.0,1
0.042718157,1.0,3.0,4.0,1.0,0.2397882,0.47946566,0.08421123,0.22297347,0.0,0.0,0.5,0.0,1
0.12186368,1.0,3.0,4.0,0.5,0.23809189,0.6232079,0.58462536,0.49178648,0.0,0.0,0.5,0.0,1
0.1764706,2.0,3.0,4.0,1.0,0.26639402,0.5587991,0.17318839,0.29133072,0.0,0.0,0.5,0.0,1
0.0,2.0,3.0,4.0,1.0,0.34146488,0.5377964,0.2776336,0.35761818,0.0,0.0,0.5,0.0,1
0.059571464,1.0,3.0,4.0,0.5,0.37733835,0.5,0.29677084,0.3682812,0.0,0.0,0.5,0.0,1
0.23663257,2.0,3.0,4.0,0.33333334,0.25674033,0.6751896,0.18462814,0.32126203,0.0,0.0,0.5,0.0,1
0.13697325,2.0,3.0,4.0,0.33333334,0.26622212,0.60821366,0.3576686,0.38972494,0.0,0.0,0.5,0.0,1
0.1578281,2.0,3.0,4.0,0.6666667,0.31788254,0.5408461,0.099371195,0.26751962,0.0,0.0,0.5,0.0,1
0.065925375,1.0,3.0,4.0,0.33333334,0.21467528,0.5150914,0.07407,0.21919847,0.0,0.0,0.5,0.0,1
0.05882353,1.0,3.0,4.0,0.16666667,0.28467703,0.4314608,0.15647309,0.2588831,0.0,0.0,0.5,0.0,1
0.0,2.0,3.0,4.0,0.6666667,0.27897432,0.63639957,0.2963,0.37122497,0.0,0.0,0.5,0.0,1
0.101638734,2.0,3.0,3.0,0.3228728,0.26907977,0.22753519,0.29915762,0.27345887,1.0,0.0,0.0,0.0,1
0.23529412,2.0,3.0,4.0,0.6666667,0.3159322,0.5694734,0.4526282,0.43991798,0.0,0.0,0.5,0.0,1
0.1764706,1.0,3.0,4.0,0.6666667,0.24322763,0.6494599,0.37117016,0.39901754,0.0,0.0,0.5,0.0,1
0.3089299,2.0,1.0,4.0,0.52278763,0.282459,0.24401271,0.25857413,0.26217288,1.0,0.0,0.0,0.0,1
0.19007371,2.0,3.0,3.0,0.036543783,0.23906529,0.25839838,0.1975461,0.22407581,1.0,0.0,0.0,0.0,1
0.12827027,1.0,3.0,4.0,0.33333334,0.38589078,0.55902976,0.36368078,0.41617325,0.0,0.0,0.5,0.0,1
0.17963873,1.0,3.0,4.0,0.8333333,0.2463368,0.525,0.11310491,0.24920611,0.0,0.0,0.5,0.0,1
0.0,1.0,3.0,4.0,0.6666667,0.30937088,0.525,0.24740498,0.3309485,0.0,0.0,0.5,0.0,1
0.13216545,2.0,3.0,4.0,0.5,0.18986863,0.5811703,0.27754143,0.323195,0.0,0.0,0.5,0.0,1
0.16062757,2.0,3.0,4.0,0.5,0.16550586,0.60480016,0.11111,0.24327587,0.0,0.0,0.5,0.0,1
0.0,1.0,3.0,4.0,1.0,0.21344396,0.65197784,0.12816484,0.27649948,0.0,0.0,0.5,0.0,1
0.21929102,1.0,3.0,4.0,0.8333333,0.31218338,0.625,0.47140318,0.46071583,0.0,0.0,0.5,0.0,1
0.00634963,1.0,3.0,4.0,0.8333333,0.44093353,0.525,0.39941353,0.4411751,0.0,0.0,0.5,0.0,1
0.21349436,2.0,3.0,4.0,0.5,0.33609974,0.5671325,0.33333,0.38915992,0.0,0.0,0.5,0.0,1
0.11764706,2.0,3.0,4.0,0.6666667,0.3464008,0.6341871,0.1817871,0.3366461,0.0,0.0,0.5,0.0,1
0.11764706,1.0,3.0,4.0,0.8333333,0.23128274,0.6241282,0.07407,0.24974026,0.0,0.0,0.5,0.0,1
0.11764706,1.0,3.0,4.0,1.0,0.2825798,0.51220983,0.16709988,0.28226277,0.0,0.0,0.5,0.0,1
0.31184426,1.0,3.0,4.0,1.0,0.3430862,0.53253376,0.15931058,0.3011781,0.0,0.0,0.5,0.0,1
0.15633038,1.0,3.0,4.0,0.6666667,0.23353988,0.625,0.24657811,0.3317861,0.0,0.0,0.5,0.0,1
0.15215197,2.0,3.0,4.0,0.6666667,0.22908685,0.6396646,0.34864295,0.38195658,0.0,0.0,0.5,0.0,1
0.29411766,1.0,3.0,4.0,0.5,0.31593502,0.6,0.4432349,0.4426778,0.0,0.0,0.5,0.0,1
0.10255434,1.0,3.0,4.0,1.0,0.25252026,0.5935856,0.40838176,0.40611637,0.0,0.0,0.5,0.0,1
0.0359965,1.0,3.0,4.0,0.6666667,0.26317343,0.505597,0.14815,0.26608852,0.0,0.0,0.5,0.0,1
0.11141584,1.0,3.0,4.0,0.33333334,0.31679642,0.5802965,0.22614367,0.3361373,0.0,0.0,0.5,0.0,1
0.008915845,1.0,3.0,4.0,0.6666667,0.24228646,0.475,0.14815,0.25274682,0.0,0.0,0.5,0.0,1
0.1764706,1.0,3.0,4.0,0.5,0.34895104,0.57968783,0.70717275,0.57181543,0.0,0.0,0.5,0.0,1
0.0,1.0,3.0,4.0,0.8333333,0.3152553,0.56442934,0.10539304,0.2751289,0.0,0.0,0.5,0.0,1
0.0,1.0,3.0,4.0,0.6666667,0.25478268,0.575,0.1527008,0.28208536,0.0,0.0,0.5,0.0,1
0.2686,1.0,3.0,4.0,0.6666667,0.40152767,0.667465,0.280232,0.40701905,0.0,0.0,0.5,0.0,1
0.1764706,2.0,3.0,4.0,0.33333334,0.30480325,0.65,0.308214,0.38763106,0.0,0.0,0.5,0.0,1
0.15047309,1.0,3.0,4.0,0.8333333,0.20238024,0.5529021,0.14815,0.25933182,0.0,0.0,0.5,0.0,1
0.10657366,2.0,3.0,4.0,0.33333334,0.30391833,0.6188248,0.4745073,0.458289,0.0,0.0,0.5,0.0,1
0.05882353,2.0,3.0,4.0,0.8333333,0.19598506,0.5564572,0.15771699,0.26279348,0.0,0.0,0.5,0.0,1
0.051850047,1.0,3.0,4.0,0.8333333,0.3429302,0.525,0.34211212,0.38538978,0.0,0.0,0.5,0.0,1
0.16012341,1.0,3.0,4.0,0.33333334,0.37911656,0.5861049,0.3436235,0.41111562,0.0,0.0,0.5,0.0,1
0.480219,1.0,1.0,3.0,0.22057407,0.28634113,0.20457372,0.2342495,0.24258803,1.0,0.0,0.0,0.0,1
0.5882353,2.0,3.0,4.0,0.45500183,0.2115985,0.19787526,0.21468139,0.20982027,1.0,0.0,0.0,0.0,1
0.27397415,2.0,3.0,4.0,0.33333334,0.40237895,0.583561,0.62963,0.5519521,0.0,0.0,0.5,0.0,1
0.15818065,2.0,3.0,4.0,0.33333334,0.38314056,0.7189071,0.33333,0.43870664,0.0,0.0,0.5,0.0,1
0.102491066,2.0,3.0,4.0,0.6666667,0.34550077,0.7185587,0.61054575,0.5580064,0.0,0.0,0.5,0.0,1
0.19822137,1.0,3.0,4.0,1.0,0.3561999,0.5861339,0.11795802,0.2981904,0.0,0.0,0.5,0.0,1
0.05882353,1.0,3.0,4.0,0.5,0.300808,0.5192511,0.2449988,0.32594422,0.0,0.0,0.5,0.0,1
0.0,2.0,3.0,4.0,0.33333334,0.28970245,0.575,0.17126842,0.30109388,0.0,0.0,0.5,0.0,1
0.33086708,1.0,3.0,4.0,0.6666667,0.2906341,0.612474,0.50927925,0.46925306,0.0,0.0,0.5,0.0,1
0.09051151,1.0,3.0,4.0,0.5,0.26907206,0.43653262,0.113976575,0.23548508,0.0,0.0,0.5,0.0,1
0.32495055,1.0,3.0,4.0,0.6666667,0.29899237,0.6024159,0.5167303,0.47285083,0.0,0.0,0.5,0.0,1
0.008938366,1.0,3.0,4.0,0.6666667,0.3402007,0.5325976,0.55556,0.48681772,0.0,0.0,0.5,0.0,1
0.70822257,1.0,1.0,3.0,0.2224774,0.32864678,0.24279387,0.29027814,0.29039025,1.0,0.0,0.0,0.0,1
0.12748939,1.0,3.0,4.0,0.6666667,0.31051353,0.595817,0.20982665,0.33026296,0.0,0.0,0.5,0.0,1
0.11764706,2.0,3.0,4.0,0.5,0.21512003,0.5747242,0.25885138,0.32030812,0.0,0.0,0.5,0.0,1
0.23529412,1.0,3.0,4.0,0.8333333,0.17053315,0.5562159,0.18519,0.26817614,0.0,0.0,0.5,0.0,1
0.073019035,2.0,3.0,4.0,0.5,0.2792692,0.575,0.28736138,0.35265583,0.0,0.0,0.5,0.0,1
0.0,1.0,3.0,4.0,0.33333334,0.25120085,0.6008784,0.37037,0.38955963,0.0,0.0,0.5,0.0,1
0.0,1.0,3.0,4.0,0.5,0.25777385,0.6189066,0.19513857,0.31327218,0.0,0.0,0.5,0.0,1
0.16717473,1.0,3.0,4.0,0.33333334,0.25365376,0.5631478,0.2963,0.34654057,0.0,0.0,0.5,0.0,1
0.17996247,1.0,3.0,4.0,0.5,0.18522505,0.52351594,0.16557062,0.25557378,0.0,0.0,0.5,0.0,1
0.44129708,1.4979498,3.0,5.0,0.65555716,0.3027616,0.21143275,0.29358786,0.2769554,1.0,0.0,0.0,0.0,1
0.0,1.0,3.0,4.0,0.8333333,0.3522645,0.4874714,0.10649059,0.26842162,0.0,0.0,0.5,0.0,1
0.23529412,2.0,3.0,4.0,0.6666667,0.27497926,0.7210968,0.31905952,0.40069237,0.0,0.0,0.5,0.0,1
0.1764706,1.0,3.0,4.0,0.5,0.29182822,0.61783177,0.2698805,0.35820562,0.0,0.0,0.5,0.0,1
0.26112944,2.0,3.0,4.0,0.6666667,0.351043,0.64451,0.4363082,0.460219,0.0,0.0,0.5,0.0,1
0.22251712,1.0,3.0,4.0,0.63046515,0.3330712,0.45758137,0.7906759,0.5777127,0.0,0.0,0.5,0.0,1
0.05882353,2.0,3.0,4.0,0.5,0.20562613,0.6103367,0.47127146,0.42586198,0.0,0.0,0.5,0.0,1
0.03900247,1.0,3.0,4.0,0.8333333,0.2566575,0.4918479,0.35829186,0.3598261,0.0,0.0,0.5,0.0,1
0.2940071,1.0,3.0,4.0,0.16697998,0.31593683,0.375282,0.22222,0.28579777,0.0,0.0,0.5,0.0,1
0.16597809,2.0,3.0,4.0,0.16666667,0.18117236,0.61783725,0.08067692,0.23662464,0.0,0.0,0.5,0.0,1
0.11935714,1.0,3.0,4.0,0.6666667,0.31896502,0.475,0.40633318,0.3967889,0.0,0.0,0.5,0.0,1
0.0686403,2.0,3.0,4.0,0.33333334,0.24533576,0.64165574,0.18519,0.31028453,0.0,0.0,0.5,0.0,1
0.0106658405,1.0,3.0,4.0,0.8333333,0.22774452,0.55,0.21550575,0.29781312,0.0,0.0,0.5,0.0,1
0.1764706,1.0,3.0,4.0,0.8333333,0.2089538,0.50969183,0.11111,0.2336729,0.0,0.0,0.5,0.0,1
0.129138,2.0,3.0,4.0,0.16666667,0.18875755,0.6100582,0.088972196,0.24092811,0.0,0.0,0.5,0.0,1
0.22050147,2.0,3.0,4.0,1.0,0.35028133,0.65628684,0.2963,0.39688253,0.0,0.0,0.5,0.0,1
0.060012907,1.0,3.0,4.0,0.25168496,0.21356928,0.55,0.5737006,0.46220145,0.0,0.0,0.5,0.0,1
0.29411766,2.0,3.0,4.0,0.8333333,0.3423534,0.6404256,0.18519,0.3385298,0.0,0.0,0.5,0.0,1
0.2818662,1.0,3.0,4.0,0.5173562,0.37319008,0.6947931,0.59259,0.5521113,0.0,0.0,0.5,0.0,1
0.045562427,1.0,3.0,4.0,1.0,0.1870358,0.63627195,0.1684895,0.28401247,0.0,0.0,0.5,0.0,1
0.13512097,1.0,3.0,4.0,0.33333334,0.38443384,0.56485283,0.359367,0.4150855,0.0,0.0,0.5,0.0,1
0.05882353,1.0,3.0,4.0,0.6666667,0.30397853,0.59735984,0.3742812,0.40609187,0.0,0.0,0.5,0.0,1
0.85057604,1.0,1.0,3.0,0.28655255,0.34545767,0.28498188,0.28869137,0.3045145,1.0,0.0,0.0,0.0,1
0.1412136,2.0,3.0,4.0,0.6666667,0.27300295,0.53501576,0.22222,0.31075564,0.0,0.0,0.5,0.0,1
0.4117647,2.0,3.0,4.0,0.3996424,0.34897515,0.6798391,0.47391304,0.48562226,0.0,0.0,0.5,0.0,1
0.0013489889,2.0,3.0,4.0,0.99617785,0.45507213,0.53073317,0.7398906,0.60690993,0.0,0.0,0.5,0.0,1
0.21634659,2.0,3.0,4.0,0.6666667,0.32538027,0.75,0.35719177,0.4402621,0.0,0.0,0.5,0.0,1
0.05882353,1.0,3.0,4.0,0.8939182,0.38784966,0.66135097,0.24579561,0.38535714,0.0,0.0,0.5,0.0,1
0.05882353,1.0,3.0,4.0,0.6666667,0.31175432,0.575,0.5445221,0.48323226,0.0,0.0,0.5,0.0,1
0.05882353,1.0,3.0,4.0,0.8333333,0.32000154,0.6326146,0.3590882,0.4119498,0.0,0.0,0.5,0.0,1
0.11764706,1.0,3.0,4.0,0.5,0.30453226,0.48135185,0.36095908,0.37269127,0.0,0.0,0.5,0.0,1
0.05882353,1.0,3.0,4.0,0.8333333,0.3068053,0.5490985,0.29496428,0.35824263,0.0,0.0,0.5,0.0,1
0.23529412,1.0,3.0,4.0,0.8333333,0.2870136,0.530246,0.21444955,0.3100942,0.0,0.0,0.5,0.0,1
0.0,2.0,3.0,4.0,0.6666667,0.3109551,0.6293717,0.26573715,0.36459273,0.0,0.0,0.5,0.0,1
0.028217848,1.0,3.0,4.0,0.8333333,0.32421055,0.5630074,0.31556657,0.37633193,0.0,0.0,0.5,0.0,1
0.13961545,2.0,3.0,4.0,0.33333334,0.2701899,0.65,0.31950068,0.38276199,0.0,0.0,0.5,0.0,1
0.16927196,1.0,3.0,4.0,0.5,0.3267002,0.5811188,0.6901027,0.5575759,0.0,0.0,0.5,0.0,1
0.11764706,2.0,3.0,4.0,0.6666667,0.3049523,0.48677528,0.13070375,0.26573256,0.0,0.0,0.5,0.0,1
0.044949554,2.0,3.0,4.0,0.5,0.2590572,0.5367929,0.08280616,0.24147043,0.0,0.0,0.5,0.0,1
0.080671884,1.0,3.0,4.0,0.33333334,0.31233823,0.6064289,0.24550253,0.35008675,0.0,0.0,0.5,0.0,1
0.007357909,2.0,3.0,4.0,0.6666667,0.36907327,0.725,0.14815,0.34885457,0.0,0.0,0.5,0.0,1
0.68211174,1.0,1.0,4.801367,0.5570141,0.37238753,0.28800195,0.28153843,0.30977958,1.0,0.0,0.0,0.0,1
0.23529412,2.0,3.0,4.0,1.0,0.33665636,0.6383294,0.30494323,0.39271796,0.0,0.0,0.5,0.0,1
0.015669657,2.0,3.0,4.0,1.0,0.27998167,0.56834036,0.24939314,0.33343863,0.0,0.0,0.5,0.0,1
0.947157,1.2994435,1.0,4.0,0.33446234,0.2573191,0.23640914,0.21636944,0.23312867,1.0,0.0,0.0,0.0,1
0.12785177,2.0,3.0,4.0,0.6666667,0.1915034,0.467348,0.2528343,0.285268,0.0,0.0,0.5,0.0,1
0.05882353,1.0,3.0,4.0,0.6666667,0.3623198,0.6387553,0.48148,0.48343945,0.0,0.0,0.5,0.0,1
0.05882353,2.0,3.0,4.0,0.5,0.32394218,0.5001917,0.22222,0.31753984,0.0,0.0,0.5,0.0,1
0.23529412,1.0,3.0,4.0,1.0,0.28052416,0.5044563,0.42463437,0.40103513,0.0,0.0,0.5,0.0,1
0.13612287,1.0,3.0,4.0,0.33333334,0.3612257,0.5578522,0.49311385,0.46955884,0.0,0.0,0.5,0.0,1
0.059345502,1.0,3.0,4.0,0.5,0.29316762,0.45022184,0.07374141,0.22686037,0.0,0.0,0.5,0.0,1
0.07369296,1.0,3.0,4.0,0.8333333,0.29012966,0.625,0.046400458,0.25422588,0.0,0.0,0.5,0.0,1
0.0,1.0,3.0,4.0,0.33333334,0.24972986,0.530499,0.4348117,0.4028906,0.0,0.0,0.5,0.0,1
0.0,1.0,3.0,4.0,0.6666667,0.25872386,0.575,0.14999041,0.281969,0.0,0.0,0.5,0.0,1
0.0,1.0,3.0,4.0,0.6666667,0.35748476,0.5847798,0.25174323,0.36120957,0.0,0.0,0.5,0.0,1
0.05111177,2.0,3.0,4.0,0.16666667,0.20013665,0.54569376,0.33333,0.34412193,0.0,0.0,0.5,0.0,1
0.23888588,1.0,3.0,4.0,1.0,0.35975564,0.5994912,0.14965756,0.31729195,0.0,0.0,0.5,0.0,1
0.0,1.0,3.0,4.0,0.5,0.35514063,0.65,0.48148,0.48397115,0.0,0.0,0.5,0.0,1
0.1352793,1.0,3.0,4.0,0.6666667,0.29690292,0.6100126,0.23332267,0.34065443,0.0,0.0,0.5,0.0,1
0.15210648,1.0,3.0,4.0,0.33333334,0.34772912,0.36287153,0.6423419,0.48993203,0.0,0.0,0.5,0.0,1
0.23529412,2.0,3.0,4.0,0.6666667,0.18763469,0.6413521,0.42912734,0.40803638,0.0,0.0,0.5,0.0,1
0.1764706,2.0,3.0,4.0,0.5,0.27806118,0.5726747,0.2851017,0.35069644,0.0,0.0,0.5,0.0,1
0.12178724,2.0,3.0,4.0,0.32160282,0.38576797,0.6,0.22482699,0.36043942,0.0,0.0,0.5,0.0,1
0.104857765,2.0,3.0,4.0,0.6666667,0.23093338,0.6467418,0.36231685,0.39060205,0.0,0.0,0.5,0.0,1
0.062125653,2.0,3.0,4.0,1.0,0.18144749,0.7443864,0.29214144,0.36599332,0.0,0.0,0.5,0.0,1
0.008663057,2.0,3.0,3.0,0.3612583,0.18406704,0.20601341,0.16941534,0.18233599,1.0,0.0,0.0,0.0,1
0.10437992,2.0,3.0,4.0,0.8333333,0.22548294,0.575,0.15650405,0.27525988,0.0,0.0,0.5,0.0,1
0.0,2.0,3.0,4.0,0.33333334,0.35583672,0.55326855,0.18519,0.3219832,0.0,0.0,0.5,0.0,1
0.68772566,2.0,1.0,3.0,0.28431624,0.3013712,0.31469312,0.26823205,0.2889109,1.0,0.0,0.0,0.0,1
0.05882353,1.0,3.0,4.0,0.8333333,0.32377046,0.63797736,0.35114276,0.41058338,0.0,0.0,0.5,0.0,1
0.20206943,1.0,3.0,4.0,0.8333333,0.22021371,0.55324095,0.14815,0.26465848,0.0,0.0,0.5,0.0,1
0.0,2.0,3.0,4.0,0.6666667,0.2210347,0.54686767,0.22222,0.2982558,0.0,0.0,0.5,0.0,1
0.15917759,2.0,3.0,4.0,0.5,0.23158605,0.61030096,0.25926,0.33372018,0.0,0.0,0.5,0.0,1
0.33750933,1.0,3.0,4.0,0.16666667,0.2903351,0.59610367,0.16181144,0.3017966,0.0,0.0,0.5,0.0,1
0.055891644,2.0,3.0,4.0,0.33333334,0.39874187,0.6,0.22037436,0.36216223,0.0,0.0,0.5,0.0,1
0.59388745,2.0,3.0,4.0,0.8333333,0.34779748,0.59759784,0.1182281,0.2985366,0.0,0.0,0.5,0.0,1
0.11764706,1.0,3.0,4.0,0.5,0.20102365,0.45679572,0.33333,0.32346815,0.0,0.0,0.5,0.0,1
0.2611514,1.0,3.0,4.0,0.6666667,0.34171566,0.66950536,0.4236896,0.45742163,0.0,0.0,0.5,0.0,1
0.0,2.0,3.0,4.0,0.33333334,0.24173647,0.6744728,0.3330697,0.38653535,0.0,0.0,0.5,0.0,1
0.05882353,1.0,3.0,4.0,0.5,0.28511995,0.570704,0.22434166,0.32371312,0.0,0.0,0.5,0.0,1
0.28086922,1.0,3.0,4.0,0.33333334,0.20401552,0.52815294,0.30464002,0.32763517,0.0,0.0,0.5,0.0,1
0.11764706,2.0,3.0,4.0,0.6666667,0.4018087,0.7335813,0.44444,0.4999385,0.0,0.0,0.5,0.0,1
0.046921887,2.0,3.0,4.0,0.6666667,0.27452752,0.6099709,0.4739858,0.44731867,0.0,0.0,0.5,0.0,1
0.05882353,2.0,3.0,4.0,0.8333333,0.32572567,0.6827377,0.25352868,0.37575063,0.0,0.0,0.5,0.0,1
0.0,2.0,3.0,4.0,0.6666667,0.2810107,0.6381985,0.2963,0.37224674,0.0,0.0,0.5,0.0,1
0.29411766,2.0,3.0,4.0,0.8333333,0.34231082,0.5516753,0.18519,0.31763443,0.0,0.0,0.5,0.0,1
0.1764706,1.0,3.0,4.0,1.0,0.36266315,0.6,0.1215829,0.3050592,0.0,0.0,0.5,0.0,1
0.11502383,2.0,3.0,4.0,0.8333333,0.31619284,0.5,0.3349818,0.36828044,0.0,0.0,0.5,0.0,1
0.002134566,1.0,3.0,4.0,0.5,0.34553808,0.62318563,0.22222,0.35283256,0.0,0.0,0.5,0.0,1
0.11764706,1.0,3.0,4.0,1.0,0.29061174,0.518107,0.15836266,0.28190187,0.0,0.0,0.5,0.0,1
0.0,2.0,3.0,4.0,0.16666667,0.34281087,0.58445156,0.14815,0.30806255,0.0,0.0,0.5,0.0,1
0.11764706,1.0,3.0,4.0,0.33333334,0.36181283,0.5766092,0.49724966,0.4760913,0.0,0.0,0.5,0.0,1
0.057343215,1.0,3.0,4.0,0.5,0.28393185,0.57625824,0.22222,0.3236719,0.0,0.0,0.5,0.0,1
0.7950101,1.3712071,1.6287929,1.3712071,0.31825826,0.25108898,0.26784614,0.18863541,0.22564194,1.0,0.0,0.0,0.0,1
0.02522864,2.0,3.0,4.0,0.5,0.24291693,0.625,0.24337403,0.33303636,0.0,0.0,0.5,0.0,1
0.049693495,2.0,3.0,4.0,0.33333334,0.25994837,0.6327605,0.55556,0.4867752,0.0,0.0,0.5,0.0,1
0.015772883,1.0,3.0,4.0,0.8333333,0.19755237,0.51159304,0.38754627,0.36085284,0.0,0.0,0.5,0.0,1
0.16727166,2.0,3.0,4.0,1.0,0.28271496,0.7,0.58679914,0.5240018,0.0,0.0,0.5,0.0,1
0.1678288,1.0,3.0,4.0,0.5,0.24090177,0.6036728,0.48148,0.43947506,0.0,0.0,0.5,0.0,1
0.12038239,1.0,3.0,4.0,0.33333334,0.25957906,0.64883745,0.26270428,0.35264093,0.0,0.0,0.5,0.0,1
0.14001769,2.0,3.0,4.0,0.8333333,0.26705143,0.6820451,0.54668885,0.49628645,0.0,0.0,0.5,0.0,1
0.025765127,2.0,3.0,4.0,0.5,0.31856674,0.6609502,0.4119968,0.44309494,0.0,0.0,0.5,0.0,1
0.1764706,2.0,3.0,4.0,1.0,0.22807753,0.53459203,0.025622327,0.2049273,0.0,0.0,0.5,0.0,1
0.01854056,2.0,3.0,3.0,0.368,0.33189744,0.3007612,0.25011623,0.286086,1.0,0.0,0.0,0.0,1
0.3075378,1.0,3.0,4.0,0.8333333,0.3106709,0.53288937,0.07407,0.25161585,0.0,0.0,0.5,0.0,1
0.0,1.0,3.0,4.0,0.6666667,0.3245556,0.5543212,0.32692853,0.37973845,0.0,0.0,0.5,0.0,1
0.027856978,2.0,3.0,4.0,0.6666667,0.28322792,0.6059196,0.44444,0.43502173,0.0,0.0,0.5,0.0,1
0.0,2.0,3.0,4.0,1.0,0.26218736,0.58837754,0.2493499,0.33289993,0.0,0.0,0.5,0.0,1
0.032254152,2.0,3.0,4.0,1.0,0.29665706,0.55,0.20549431,0.31336585,0.0,0.0,0.5,0.0,1
0.05882353,2.0,3.0,4.0,0.8333333,0.32558548,0.68779886,0.24977991,0.37513623,0.0,0.0,0.5,0.0,1
0.0069331992,2.0,3.0,3.0,0.3979926,0.22573124,0.31987682,0.21169023,0.24127561,1.0,0.0,0.0,0.0,1
0.27097365,2.0,3.0,4.0,0.6666667,0.26251414,0.625,0.2738333,0.35313302,0.0,0.0,0.5,0.0,1
0.06894892,2.0,3.0,4.0,0.16666667,0.27790582,0.5586066,0.32695597,0.3670387,0.0,0.0,0.5,0.0,1
0.20144553,1.0,3.0,4.0,0.33333334,0.24526095,0.60907847,0.3490562,0.3797058,0.0,0.0,0.5,0.0,1
0.13228536,1.0,3.0,4.0,0.8333333,0.17884792,0.51561064,0.34724128,0.33732948,0.0,0.0,0.5,0.0,1
0.14738347,2.0,3.0,4.0,0.6666667,0.27183345,0.53763795,0.22222,0.3110294,0.0,0.0,0.5,0.0,1
0.17767349,2.0,3.0,4.0,0.32992515,0.29757646,0.5494888,0.33333,0.37367973,0.0,0.0,0.5,0.0,1
0.06735089,2.0,3.0,4.0,0.8333333,0.28294107,0.53224826,0.14815,0.27817333,0.0,0.0,0.5,0.0,1
0.2191268,1.0,3.0,4.0,0.8333333,0.17817894,0.5137422,0.20554772,0.27001128,0.0,0.0,0.5,0.0,1
0.11764706,1.0,3.0,4.0,0.33333334,0.4038502,0.57022023,0.4215715,0.45133796,0.0,0.0,0.5,0.0,1
0.21539629,1.0,3.0,4.0,1.0,0.17843068,0.5580868,0.06209515,0.2130109,0.0,0.0,0.5,0.0,1
0.11764706,2.0,3.0,4.0,0.8333333,0.3039254,0.55,0.30773112,0.36361885,0.0,0.0,0.5,0.0,1
0.111416,2.0,3.0,4.0,0.6666667,0.44568044,0.59735185,0.47755694,0.49637008,0.0,0.0,0.5,0.0,1
0.11764706,2.0,3.0,4.0,0.6666667,0.29740626,0.625,0.5161017,0.4774034,0.0,0.0,0.5,0.0,1
0.11764706,2.0,3.0,4.0,0.5,0.2090404,0.5704246,0.2524811,0.31451055,0.0,0.0,0.5,0.0,1
0.1764706,1.0,3.0,4.0,0.8333333,0.3343493,0.59944916,0.44280785,0.44777077,0.0,0.0,0.5,0.0,1
0.23529412,2.0,3.0,4.0,0.6666667,0.20806982,0.6819998,0.3274099,0.3757408,0.0,0.0,0.5,0.0,1
0.034235887,1.0,3.0,4.0,0.16666667,0.32053313,0.61455023,0.32726052,0.39287984,0.0,0.0,0.5,0.0,1
0.23006822,2.0,3.0,4.0,1.0,0.27063513,0.502221,0.11440065,0.25160512,0.0,0.0,0.5,0.0,1
0.0,2.0,3.0,4.0,0.33333334,0.28229398,0.5920939,0.17157434,0.30308056,0.0,0.0,0.5,0.0,1
0.0,2.0,3.0,4.0,0.8333333,0.28582326,0.56362766,0.35352072,0.38304833,0.0,0.0,0.5,0.0,1
0.11650099,2.0,3.0,4.0,0.6699139,0.31913164,0.7504871,0.77633667,0.6357819,0.0,0.0,0.5,0.0,1
0.013377029,1.0,3.0,4.0,0.6666667,0.3175675,0.5613705,0.34175324,0.3863169,0.0,0.0,0.5,0.0,1
0.1764706,2.0,3.0,4.0,0.6666667,0.2585454,0.53509945,0.11111,0.25423732,0.0,0.0,0.5,0.0,1
0.09073799,2.0,3.0,4.0,0.5,0.26271543,0.5978727,0.2423159,0.33197433,0.0,0.0,0.5,0.0,1
0.0,1.0,3.0,4.0,0.6666667,0.17129463,0.475,0.14815,0.23186737,0.0,0.0,0.5,0.0,1
0.085362434,2.0,3.0,4.0,0.8333333,0.16336238,0.43872097,0.10749203,0.20186462,0.0,0.0,0.5,0.0,1
0.37571177,2.0,3.0,4.0,0.8333333,0.40013146,0.6524199,0.06571248,0.30211934,0.0,0.0,0.5,0.0,1
0.0,2.0,3.0,4.0,0.5,0.40986368,0.7273853,0.50176704,0.5278233,0.0,0.0,0.5,0.0,1
0.1674658,2.0,3.0,4.0,0.33333334,0.26903242,0.62117296,0.7834486,0.59396636,0.0,0.0,0.5,0.0,1
0.20168415,1.0,3.0,4.0,0.8333333,0.2315504,0.6392842,0.16931352,0.29819688,0.0,0.0,0.5,0.0,1
0.22700238,1.0,3.0,4.0,0.6666667,0.37484,0.56057197,0.47103912,0.4638152,0.0,0.0,0.5,0.0,1
0.09789341,2.0,3.0,4.0,0.6666667,0.32367182,0.6501859,0.5309585,0.4980449,0.0,0.0,0.5,0.0,1
0.3275188,1.0,3.0,4.0,0.8333333,0.31363803,0.5358045,0.38340017,0.39874235,0.0,0.0,0.5,0.0,1
0.5236728,2.0,1.0,5.0,0.22931838,0.26640394,0.20487373,0.23908958,0.23907243,1.0,0.0,0.0,0.0,1
0.18458901,2.0,3.0,4.0,0.33333334,0.25211805,0.63190067,0.41763264,0.41936904,0.0,0.0,0.5,0.0,1
0.14471543,2.0,3.0,4.0,0.33333334,0.34011248,0.6480081,0.44739577,0.463044,0.0,0.0,0.5,0.0,1
0.014748017,2.0,3.0,4.0,0.8333333,0.2530322,0.5687321,0.36108348,0.37816572,0.0,0.0,0.5,0.0,1
0.787336,1.0,3.0,4.0,0.8817646,0.20150876,0.6,0.12662327,0.26003265,0.0,0.0,0.5,0.0,1
0.16393942,1.0,3.0,4.0,0.6666667,0.256861,0.50532573,0.28051874,0.32645786,0.0,0.0,0.5,0.0,1
0.065408,2.0,3.0,4.0,1.0,0.18280827,0.736008,0.2838628,0.36052635,0.0,0.0,0.5,0.0,1
0.02093961,2.0,3.0,4.0,1.0,0.301379,0.56610066,0.24607475,0.3376398,0.0,0.0,0.5,0.0,1
0.057533048,1.0,3.0,4.0,0.5,0.28117365,0.5733546,0.22140764,0.32179508,0.0,0.0,0.5,0.0,1
0.19893937,2.0,3.0,3.0,0.16877264,0.16926573,0.22371168,0.2415591,0.21609695,1.0,0.0,0.0,0.0,1
0.05882353,1.0,3.0,4.0,0.8333333,0.31710604,0.53756857,0.3147134,0.36785597,0.0,0.0,0.5,0.0,1
0.07881044,2.0,3.0,4.0,0.6666667,0.3205129,0.55849445,0.098524645,0.2720439,0.0,0.0,0.5,0.0,1
0.06634496,2.0,3.0,4.0,1.0,0.25362796,0.5531966,0.2269561,0.31156412,0.0,0.0,0.5,0.0,1
0.0,2.0,3.0,4.0,0.5,0.42238817,0.7227576,0.51852,0.53830117,0.0,0.0,0.5,0.0,1
0.014210293,1.0,3.0,4.0,0.8333333,0.15286389,0.5189606,0.39846206,0.35457814,0.0,0.0,0.5,0.0,1
0.0144642545,2.0,3.0,4.0,0.5,0.29874578,0.6311473,0.18519,0.3235157,0.0,0.0,0.5,0.0,1
0.11764706,2.0,3.0,4.0,0.6666667,0.27606717,0.52455133,0.22155547,0.3088791,0.0,0.0,0.5,0.0,1
0.18389729,1.0,3.0,4.0,0.33333334,0.23500331,0.625,0.33333,0.3730354,0.0,0.0,0.5,0.0,1
0.0,2.0,3.0,4.0,0.8333333,0.28116104,0.5664907,0.33333,0.37284946,0.0,0.0,0.5,0.0,1
0.16696355,1.0,3.0,4.0,0.5,0.3436027,0.59116197,0.11111,0.29244202,0.0,0.0,0.5,0.0,1
0.088881575,2.0,3.0,4.0,0.5,0.18529029,0.66222537,0.70288867,0.54108924,0.0,0.0,0.5,0.0,1
0.05882353,2.0,3.0,4.0,0.5,0.14593312,0.5209978,0.18321347,0.25172606,0.0,0.0,0.5,0.0,1
0.091775425,2.0,3.0,4.0,0.5,0.2681405,0.675,0.46073085,0.45450667,0.0,0.0,0.5,0.0,1
0.11764706,2.0,3.0,4.0,0.6666667,0.21878548,0.5062318,0.19442049,0.27495122,0.0,0.0,0.5,0.0,1
0.97399884,1.0,1.0,3.0,0.5417571,0.36369178,0.29142416,0.29074118,0.31235793,1.0,0.0,0.0,0.0,1
0.1764706,2.0,3.0,4.0,0.5,0.3396147,0.6223743,0.2758349,0.37613294,0.0,0.0,0.5,0.0,1
0.0055383476,1.0,3.0,4.0,0.5,0.31396163,0.575,0.6527214,0.5347999,0.0,0.0,0.5,0.0,1
0.29411766,2.0,3.0,4.0,0.8333333,0.17391077,0.5085916,0.14815,0.24053195,0.0,0.0,0.5,0.0,1
0.10103348,2.0,3.0,4.0,0.33333334,0.37961203,0.5858785,0.2117616,0.34915587,0.0,0.0,0.5,0.0,1
0.0,2.0,3.0,4.0,0.5,0.38002312,0.6043046,0.5474612,0.5115915,0.0,0.0,0.5,0.0,1
0.0,2.0,3.0,4.0,0.33333334,0.2926916,0.59516555,0.33333,0.38298368,0.0,0.0,0.5,0.0,1
0.036945138,1.0,3.0,4.0,0.5,0.271167,0.46859664,0.11539916,0.24431501,0.0,0.0,0.5,0.0,1
0.0,1.0,3.0,4.0,0.6666667,0.16029404,0.44112274,0.13141915,0.21278758,0.0,0.0,0.5,0.0,1
0.05882353,1.0,3.0,4.0,0.8333333,0.2721687,0.5198691,0.2963,0.34180647,0.0,0.0,0.5,0.0,1
0.053328943,2.0,3.0,4.0,0.16666667,0.36259562,0.72032964,0.24888144,0.39325795,0.0,0.0,0.5,0.0,1
0.14359248,1.0,3.0,4.0,0.33333334,0.2912314,0.65,0.44444,0.4477476,0.0,0.0,0.5,0.0,1
0.23529412,1.0,3.0,4.0,0.5,0.22072464,0.5201098,0.20773122,0.28505364,0.0,0.0,0.5,0.0,1
0.12863079,1.0,3.0,4.0,1.0,0.2927626,0.5390042,0.14815,0.28264704,0.0,0.0,0.5,0.0,1
0.16540752,1.0,3.0,4.0,0.6666667,0.20253554,0.4797018,0.081036195,0.21057738,0.0,0.0,0.5,0.0,1
0.05882353,1.0,3.0,3.0,0.16514663,0.26182792,0.22776201,0.2238273,0.23592976,1.0,0.0,0.0,0.0,1
0.05882353,2.0,3.0,4.0,0.8333333,0.28269082,0.61212593,0.49046287,0.45798323,0.0,0.0,0.5,0.0,1
0.05882353,1.0,3.0,4.0,0.8333333,0.34489673,0.72235584,0.33333,0.42827165,0.0,0.0,0.5,0.0,1
0.0,1.0,3.0,4.0,0.8333333,0.32434544,0.6437651,0.48148,0.47345066,0.0,0.0,0.5,0.0,1
0.23529412,2.0,3.0,4.0,0.8333333,0.23911363,0.5553343,0.22222,0.30556595,0.0,0.0,0.5,0.0,1
0.22377408,2.0,3.0,4.0,0.5,0.11758686,0.64020795,0.42268014,0.38412946,0.0,0.0,0.5,0.0,1
0.17040929,2.0,3.0,4.0,0.5,0.34975937,0.67757607,0.21840435,0.3650819,0.0,0.0,0.5,0.0,1
0.1482465,1.0,3.0,4.0,1.0,0.3295148,0.6119952,0.18368949,0.3273559,0.0,0.0,0.5,0.0,1
0.20896454,2.0,3.0,4.0,0.33333334,0.39999175,0.625,0.42786527,0.4660476,0.0,0.0,0.5,0.0,1
0.032812953,1.0,3.0,4.0,0.6666667,0.30474982,0.552891,0.25926,0.34173134,0.0,0.0,0.5,0.0,1
0.11764706,2.0,3.0,4.0,0.6666667,0.35187533,0.56254745,0.08021991,0.27361023,0.0,0.0,0.5,0.0,1
0.036086656,1.0,3.0,4.0,0.6666667,0.30709335,0.55567366,0.25926,0.34307536,0.0,0.0,0.5,0.0,1
0.09628819,2.0,3.0,4.0,0.6666667,0.39813384,0.73184496,0.48478776,0.5174338,0.0,0.0,0.5,0.0,1
0.0,2.0,3.0,4.0,0.6666667,0.31165877,0.62757033,0.22983643,0.34748566,0.0,0.0,0.5,0.0,1
0.4018321,2.0,3.0,4.0,0.8614757,0.42366698,0.7623359,0.11736436,0.35921195,0.0,0.0,0.5,0.0,1
0.08782052,2.0,3.0,4.0,0.6666667,0.33807302,0.66302884,0.5373012,0.5082867,0.0,0.0,0.5,0.0,1
0.05882353,2.0,3.0,3.0,0.368,0.27525803,0.26951352,0.26790717,0.27044716,1.0,0.0,0.0,0.0,1
0.0019637414,2.0,3.0,4.0,0.16666667,0.24725875,0.59833086,0.33333,0.37036648,0.0,0.0,0.5,0.0,1
0.19786431,1.0,3.0,4.0,1.0,0.29926088,0.5636307,0.44444,0.4297872,0.0,0.0,0.5,0.0,1
0.6744277,1.0,3.0,4.0,0.36693054,0.26479408,0.24592802,0.29451466,0.27434117,1.0,0.0,0.0,0.0,1
0.10708103,2.0,3.0,4.0,0.33333334,0.30929992,0.6044906,0.48148,0.4597801,0.0,0.0,0.5,0.0,1
0.13962801,2.0,3.0,4.0,0.6666667,0.1844907,0.61717093,0.18519,0.28662544,0.0,0.0,0.5,0.0,1
0.44647962,2.0,1.0,2.7985933,0.17906776,0.40470922,0.3207415,0.32442096,0.3471694,1.0,0.0,0.0,0.0,1
0.0018967132,2.0,3.0,4.0,0.16666667,0.3970012,0.6766122,0.15173264,0.34737217,0.0,0.0,0.5,0.0,1
0.11764706,2.0,3.0,4.0,0.6666667,0.37173462,0.5393126,0.51852,0.48023927,0.0,0.0,0.5,0.0,1
0.76124734,2.0,1.0,3.0,0.34729466,0.23355334,0.24068388,0.26165667,0.24845621,1.0,0.0,0.0,0.0,1
0.11764706,2.0,3.0,4.0,1.0,0.35469347,0.6445202,0.55556,0.51741415,0.0,0.0,0.5,0.0,1
0.0,2.0,3.0,4.0,0.8333333,0.22658339,0.48995835,0.42076227,0.3799376,0.0,0.0,0.5,0.0,1
0.116965644,1.0,3.0,4.0,0.6666667,0.2478271,0.57471037,0.44444,0.4172674,0.0,0.0,0.5,0.0,1
0.11764706,2.0,3.0,4.0,0.16666667,0.2569081,0.53566986,0.31535715,0.3500061,0.0,0.0,0.5,0.0,1
0.066025525,2.0,3.0,4.0,0.8333333,0.40437987,0.5688783,0.15268496,0.32464382,0.0,0.0,0.5,0.0,1
0.101481505,1.0,3.0,4.0,0.6666667,0.35516185,0.6,0.25926,0.3676378,0.0,0.0,0.5,0.0,1
0.03982287,2.0,3.0,4.0,0.33333334,0.35962114,0.49115056,0.23533456,0.3320815,0.0,0.0,0.5,0.0,1
0.00017187311,2.0,3.0,4.0,0.33333334,0.32863688,0.5747808,0.07407,0.26675695,0.0,0.0,0.5,0.0,1
0.2929284,2.0,3.0,3.0,0.058021758,0.19003059,0.22737865,0.17712893,0.192747,1.0,0.0,0.0,0.0,1
0.1764706,2.0,3.0,4.0,1.0,0.31711957,0.59140337,0.18519,0.31956616,0.0,0.0,0.5,0.0,1
0.11764706,2.0,3.0,4.0,0.6666667,0.354214,0.55973697,0.21741253,0.3381916,0.0,0.0,0.5,0.0,1
0.099227116,2.0,3.0,4.0,0.33333334,0.21800154,0.6078285,0.18519,0.2942833,0.0,0.0,0.5,0.0,1
0.11764706,1.0,3.0,4.0,1.0,0.30747265,0.55465156,0.40396416,0.4110389,0.0,0.0,0.5,0.0,1
0.057096228,1.0,3.0,4.0,0.8333333,0.26664352,0.6007341,0.11219765,0.272575,0.0,0.0,0.5,0.0,1
0.05882353,2.0,3.0,3.0,0.018373497,0.29132414,0.3033098,0.23710799,0.2686308,1.0,0.0,0.0,0.0,1
0.16413218,1.0,3.0,4.0,0.8333333,0.28742287,0.525,0.30406713,0.35115796,0.0,0.0,0.5,0.0,1
0.29411766,1.0,3.0,4.0,0.5,0.239676,0.50685406,0.43040463,0.39229915,0.0,0.0,0.5,0.0,1
0.11764706,1.0,3.0,4.0,0.5,0.2814698,0.67234576,0.55556,0.50242233,0.0,0.0,0.5,0.0,1
0.019814147,1.0,3.0,4.0,0.5,0.31371388,0.558158,0.67914325,0.54319745,0.0,0.0,0.5,0.0,1
0.05882353,1.0,3.0,4.0,0.8333333,0.26798588,0.5527633,0.27024198,0.33605254,0.0,0.0,0.5,0.0,1
0.054012235,2.0,3.0,4.0,0.5,0.35649562,0.48113438,0.22222,0.32263196,0.0,0.0,0.5,0.0,1
0.06533814,1.0,3.0,4.0,0.33333334,0.3302648,0.5944626,0.5802847,0.51008344,0.0,0.0,0.5,0.0,1
0.11764706,2.0,3.0,4.0,0.8333333,0.29828215,0.55,0.30520266,0.36076316,0.0,0.0,0.5,0.0,1
0.23669817,2.0,3.0,4.0,0.33333334,0.25297222,0.575,0.0017680862,0.2105263,0.0,0.0,0.5,0.0,1
0.05301741,2.0,3.0,4.0,0.8333333,0.41378438,0.5700648,0.151806,0.32727608,0.0,0.0,0.5,0.0,1
0.0,1.0,3.0,4.0,0.33333334,0.2513602,0.5238751,0.43154126,0.40027195,0.0,0.0,0.5,0.0,1
0.29411766,2.0,3.0,4.0,0.5,0.29988593,0.52644545,0.33333,0.36893484,0.0,0.0,0.5,0.0,1
0.05882353,2.0,3.0,4.0,0.8333333,0.26918602,0.63728386,0.5090999,0.4686955,0.0,0.0,0.5,0.0,1
0.18710265,2.0,3.0,4.0,0.6666667,0.26147965,0.55,0.23560959,0.3171965,0.0,0.0,0.5,0.0,1
0.05882353,2.0,3.0,4.0,0.8333333,0.45575455,0.6430267,0.6711202,0.6011651,0.0,0.0,0.5,0.0,1
0.05882353,2.0,3.0,4.0,0.6666667,0.20712277,0.7012718,0.33333,0.38278636,0.0,0.0,0.5,0.0,1
0.044450592,1.0,3.0,4.0,0.8333333,0.31849274,0.55610853,0.30534792,0.36821604,0.0,0.0,0.5,0.0,1
0.0,1.0,3.0,4.0,0.5,0.22888228,0.6028236,0.12365912,0.2673519,0.0,0.0,0.5,0.0,1
0.053695325,2.0,3.0,4.0,0.5,0.14481364,0.520641,0.18841827,0.25376263,0.0,0.0,0.5,0.0,1
0.1011222,1.0,3.0,4.0,0.5,0.23388661,0.43904614,0.13774462,0.23691459,0.0,0.0,0.5,0.0,1
0.11764706,2.0,3.0,4.0,0.5,0.3063957,0.61849105,0.10519239,0.28514716,0.0,0.0,0.5,0.0,1
0.11207999,1.0,3.0,4.0,0.6666667,0.30856183,0.60709804,0.21871547,0.33652562,0.0,0.0,0.5,0.0,1
0.0,2.0,3.0,4.0,0.5,0.35524243,0.56849176,0.39776742,0.4254265,0.0,0.0,0.5,0.0,1
0.15396936,2.0,3.0,4.0,0.16666667,0.41959974,0.62390757,0.25926,0.3922158,0.0,0.0,0.5,0.0,1
0.19918957,2.0,3.0,4.0,0.6666667,0.35343906,0.71137774,0.42171183,0.46978873,0.0,0.0,0.5,0.0,1
0.12523465,2.0,3.0,4.0,0.8333333,0.31165615,0.75,0.51374227,0.50989217,0.0,0.0,0.5,0.0,1
0.15160292,1.0,3.0,4.0,0.8333333,0.34637907,0.6288625,0.13249134,0.312193,0.0,0.0,0.5,0.0,1
0.1610629,1.0,3.0,4.0,0.33333334,0.2516838,0.5553552,0.2963,0.34412798,0.0,0.0,0.5,0.0,1
0.16507035,2.0,3.0,4.0,0.5,0.24293323,0.6153098,0.25926,0.3382372,0.0,0.0,0.5,0.0,1
0.16727868,1.0,3.0,4.0,0.33333334,0.2077289,0.54218686,0.23379594,0.29869106,0.0,0.0,0.5,0.0,1
0.10270736,2.0,3.0,4.0,0.5,0.28554854,0.6063494,0.1945947,0.31822518,0.0,0.0,0.5,0.0,1
0.0,1.0,3.0,4.0,0.8333333,0.27009183,0.45233366,0.18634222,0.27356014,0.0,0.0,0.5,0.0,1
0.07415913,1.0,3.0,4.0,0.6666667,0.27066073,0.525,0.16746044,0.28194186,0.0,0.0,0.5,0.0,1
0.1764706,2.0,3.0,4.0,1.0,0.20020914,0.59202427,0.081947945,0.23674944,0.0,0.0,0.5,0.0,1
0.099122375,1.0,3.0,4.0,0.8333333,0.28349623,0.525,0.35870537,0.37571648,0.0,0.0,0.5,0.0,1
0.17624606,2.0,3.0,4.0,0.5,0.32625318,0.55019087,0.18519,0.3125576,0.0,0.0,0.5,0.0,1
0.08019641,2.0,3.0,4.0,0.8333333,0.2832328,0.63295823,0.50672907,0.47069204,0.0,0.0,0.5,0.0,1
0.1666393,2.0,3.0,4.0,0.5,0.40411106,0.5667132,0.10491943,0.30157256,0.0,0.0,0.5,0.0,1
0.07910103,2.0,3.0,4.0,0.8333333,0.21036302,0.54223585,0.14815,0.2591698,0.0,0.0,0.5,0.0,1
0.11716133,2.0,3.0,4.0,0.5,0.17984374,0.5497936,0.22191423,0.28668454,0.0,0.0,0.5,0.0,1
0.1133723,1.0,3.0,4.0,0.5,0.34194434,0.55181676,0.25656828,0.3511457,0.0,0.0,0.5,0.0,1
0.0,2.0,3.0,4.0,0.33333334,0.40596732,0.52692693,0.29344502,0.38147792,0.0,0.0,0.5,0.0,1
0.097624704,2.0,3.0,4.0,1.0,0.28878847,0.5664905,0.19779427,0.31130663,0.0,0.0,0.5,0.0,1
0.050963912,1.0,3.0,4.0,0.8333333,0.31675842,0.63168067,0.3852158,0.42306924,0.0,0.0,0.5,0.0,1
0.3149065,2.0,3.0,4.0,0.96939474,0.28286493,0.16274244,0.20433031,0.21764335,1.0,0.0,0.0,0.0,1
0.11764706,2.0,3.0,4.0,0.6666667,0.33415273,0.625,0.47113678,0.46705443,0.0,0.0,0.5,0.0,1
0.11361733,1.0,3.0,4.0,0.6666667,0.17564061,0.61814946,0.07914488,0.23435298,0.0,0.0,0.5,0.0,1
0.26625356,2.0,3.0,4.0,0.2938592,0.3935752,0.56315774,0.62963,0.544561,0.0,0.0,0.5,0.0,1
0.09362904,2.0,3.0,4.0,0.33333334,0.28119782,0.6102077,0.51172733,0.4670928,0.0,0.0,0.5,0.0,1
0.11764706,2.0,3.0,4.0,0.33333334,0.25615448,0.6379624,0.33333,0.38231012,0.0,0.0,0.5,0.0,1
0.46279582,2.0,1.0,4.0,0.1974938,0.3182757,0.26938194,0.36884046,0.33056647,1.0,0.0,0.0,0.0,1
0.04513158,1.0,3.0,4.0,0.33333334,0.27571788,0.55,0.119731545,0.26685205,0.0,0.0,0.5,0.0,1
0.011329645,2.0,3.0,3.0,0.3954515,0.22258818,0.30914807,0.22488247,0.24403489,1.0,0.0,0.0,0.0,1
0.06229964,2.0,3.0,4.0,0.8333333,0.2391816,0.5735226,0.2963,0.34473124,0.0,0.0,0.5,0.0,1
0.23529412,1.0,3.0,4.0,0.8333333,0.21137439,0.54747117,0.18144332,0.2763649,0.0,0.0,0.5,0.0,1
0.2147511,2.0,3.0,4.0,1.0,0.2224291,0.5488076,0.048202425,0.21723624,0.0,0.0,0.5,0.0,1
0.1764706,1.0,3.0,4.0,0.5,0.26993424,0.5937114,0.30095738,0.36071342,0.0,0.0,0.5,0.0,1
0.23528303,1.0,3.0,4.0,0.8333333,0.31906307,0.50001884,0.44444,0.42064533,0.0,0.0,0.5,0.0,1
0.048877586,2.0,3.0,4.0,0.16666667,0.35626036,0.7080919,0.26552275,0.39634576,0.0,0.0,0.5,0.0,1
0.022927023,1.0,3.0,4.0,0.5,0.21431546,0.5512801,0.11111,0.2450365,0.0,0.0,0.5,0.0,1
0.13997076,1.0,3.0,4.0,0.8333333,0.17852558,0.5310249,0.065149784,0.20811257,0.0,0.0,0.5,0.0,1
0.1764706,2.0,3.0,4.0,0.33333334,0.17515521,0.575,0.008398093,0.19075921,0.0,0.0,0.5,0.0,1
0.3529412,2.0,3.0,4.0,0.39693534,0.22758721,0.6036209,0.16228491,0.28533533,0.0,0.0,0.5,0.0,1
0.06640287,2.0,3.0,4.0,0.5,0.3114639,0.6685576,0.37037,0.423209,0.0,0.0,0.5,0.0,1
0.14192712,1.0,3.0,4.0,0.6666667,0.31690833,0.545638,0.16990133,0.30154493,0.0,0.0,0.5,0.0,1
0.1764706,2.0,3.0,4.0,0.33333334,0.35376602,0.68982345,0.3927684,0.45119065,0.0,0.0,0.5,0.0,1
0.0,2.0,3.0,4.0,0.5,0.2533027,0.625,0.2963,0.36099303,0.0,0.0,0.5,0.0,1
0.11764706,2.0,3.0,4.0,0.5,0.2027194,0.55045,0.111776724,0.24174643,0.0,0.0,0.5,0.0,1
0.3436993,2.0,1.0,4.0,0.4441506,0.2977179,0.25497553,0.31132576,0.29406455,1.0,0.0,0.0,0.0,1
0.0015985303,1.0,3.0,3.0,0.006467654,0.22437765,0.22206473,0.24812828,0.2350102,1.0,0.0,0.0,0.0,1
0.0,2.0,3.0,4.0,0.6666667,0.31234035,0.5966244,0.29504964,0.37109494,0.0,0.0,0.5,0.0,1
0.1689733,1.0,3.0,4.0,0.33333334,0.3614732,0.584559,0.5090782,0.48342368,0.0,0.0,0.5,0.0,1
0.10045225,1.0,3.0,4.0,0.5,0.3080619,0.6926922,0.45526722,0.46783894,0.0,0.0,0.5,0.0,1
0.1748692,2.0,3.0,4.0,0.16666667,0.19762643,0.6027224,0.07507836,0.23527338,0.0,0.0,0.5,0.0,1
0.1662376,2.0,3.0,4.0,0.6666667,0.4179443,0.629349,0.2657035,0.39604586,0.0,0.0,0.5,0.0,1
0.11764706,1.0,3.0,4.0,0.5,0.3032999,0.48251712,0.35923263,0.3717908,0.0,0.0,0.5,0.0,1
0.009443476,1.0,3.0,4.0,0.16666667,0.2697332,0.57901347,0.12300274,0.2734558,0.0,0.0,0.5,0.0,1
0.05882353,2.0,3.0,4.0,0.8333333,0.28248557,0.60136515,0.18653817,0.31236255,0.0,0.0,0.5,0.0,1
0.34494314,2.0,1.0,4.0,0.30602354,0.3397594,0.3128517,0.3558865,0.3410174,1.0,0.0,0.0,0.0,1
0.11764706,2.0,3.0,4.0,0.5,0.27589357,0.5860204,0.22660883,0.32566777,0.0,0.0,0.5,0.0,1
0.03695518,2.0,3.0,4.0,0.27137303,0.236691,0.46858808,0.08784006,0.22120838,0.0,0.0,0.5,0.0,1
0.027489655,1.0,3.0,4.0,0.16666667,0.30845323,0.61168313,0.3357553,0.39264932,0.0,0.0,0.5,0.0,1
0.09618171,1.0,3.0,4.0,0.33333334,0.29965636,0.65675443,0.2827837,0.37573752,0.0,0.0,0.5,0.0,1
0.05882353,2.0,3.0,4.0,0.8333333,0.19790685,0.53624606,0.14815,0.2540984,0.0,0.0,0.5,0.0,1
0.012849599,1.0,3.0,4.0,0.6666667,0.2392442,0.48592216,0.14815,0.25442252,0.0,0.0,0.5,0.0,1
0.07297026,1.0,3.0,4.0,1.0,0.40287212,0.7099691,0.2133133,0.38593,0.0,0.0,0.5,0.0,1
0.113627,2.0,3.0,4.0,0.5,0.28040886,0.6982915,0.51598865,0.48959336,0.0,0.0,0.5,0.0,1
0.1764706,2.0,3.0,4.0,0.5,0.27017346,0.53816575,0.3158038,0.3546981,0.0,0.0,0.5,0.0,1
0.0,1.0,3.0,4.0,0.33333334,0.33232433,0.47961235,0.11111,0.2628806,0.0,0.0,0.5,0.0,1
0.14310761,2.0,3.0,4.0,0.33333334,0.33979514,0.6466415,0.44942033,0.46358192,0.0,0.0,0.5,0.0,1
0.21859832,2.0,3.0,4.0,0.8333333,0.32487237,0.58919144,0.24874699,0.35124198,0.0,0.0,0.5,0.0,1
0.12796853,1.0,3.0,4.0,0.5,0.2060545,0.54561335,0.16569231,0.26695266,0.0,0.0,0.5,0.0,1
0.05445642,2.0,3.0,4.0,0.5,0.31123582,0.673144,0.37586904,0.4268089,0.0,0.0,0.5,0.0,1
0.11764706,2.0,3.0,4.0,0.8333333,0.26384786,0.5,0.11111,0.24753514,0.0,0.0,0.5,0.0,1
0.101779185,1.0,3.0,4.0,0.5,0.287239,0.5615123,0.59552133,0.4968439,0.0,0.0,0.5,0.0,1
0.035224017,2.0,3.0,4.0,0.8333333,0.4369498,0.54505956,0.3779064,0.43460098,0.0,0.0,0.5,0.0,1
0.0,1.0,3.0,4.0,0.16666667,0.2954955,0.62177545,0.07645876,0.26919448,0.0,0.0,0.5,0.0,1
0.190913,2.0,3.0,4.0,0.5,0.25967526,0.56272393,0.36582294,0.38093334,0.0,0.0,0.5,0.0,1
0.0,1.0,3.0,4.0,0.33333334,0.17706169,0.5280684,0.14815,0.24604616,0.0,0.0,0.5,0.0,1
0.11764706,1.0,3.0,4.0,0.5,0.23376738,0.4417398,0.12334831,0.23074214,0.0,0.0,0.5,0.0,1
0.040047746,2.0,3.0,4.0,0.33333334,0.3344036,0.51595944,0.71552616,0.5564707,0.0,0.0,0.5,0.0,1
0.23464873,1.0,3.0,4.0,0.4981714,0.30476588,0.47445142,0.7403336,0.5496667,0.0,0.0,0.5,0.0,1
0.0,2.0,3.0,4.0,0.33333334,0.28162807,0.61238235,0.33333,0.3837808,0.0,0.0,0.5,0.0,1
0.027569616,2.0,3.0,4.0,0.9218861,0.45986077,0.57186836,0.70602465,0.6020575,0.0,0.0,0.5,0.0,1
0.04930307,1.0,3.0,4.0,0.6666667,0.32609975,0.5871386,0.5675481,0.50114316,0.0,0.0,0.5,0.0,1
0.0,2.0,3.0,4.0,0.5,0.24083044,0.625,0.23812854,0.3299533,0.0,0.0,0.5,0.0,1
0.12597851,1.0,3.0,4.0,0.5,0.21433692,0.5035409,0.08996692,0.22386163,0.0,0.0,0.5,0.0,1
0.04307196,1.0,3.0,4.0,0.8333333,0.24182563,0.55,0.19510578,0.29235366,0.0,0.0,0.5,0.0,1
0.046421226,2.0,3.0,4.0,0.5,0.20547344,0.6539161,0.40741,0.4060173,0.0,0.0,0.5,0.0,1
0.4368618,1.5733494,3.0,5.0,0.67184347,0.2961324,0.21504134,0.2843359,0.27150086,1.0,0.0,0.0,0.0,1
0.31280294,2.0,3.0,4.0,0.6666667,0.34402856,0.63352937,0.4200437,0.4479163,0.0,0.0,0.5,0.0,1
0.029683206,1.0,3.0,4.0,0.5,0.24507521,0.525,0.33333,0.35247007,0.0,0.0,0.5,0.0,1
0.22233969,2.0,3.0,4.0,0.33333334,0.25313205,0.66398877,0.4651679,0.4495896,0.0,0.0,0.5,0.0,1
0.08891914,2.0,3.0,4.0,0.6666667,0.3365023,0.66162807,0.5366094,0.50716966,0.0,0.0,0.5,0.0,1
0.1764706,1.0,3.0,4.0,0.6666667,0.28264064,0.44468257,0.32361206,0.34005347,0.0,0.0,0.5,0.0,1
0.027927073,2.0,3.0,4.0,0.8333333,0.28558612,0.65,0.49906513,0.47178844,0.0,0.0,0.5,0.0,1
0.0,2.0,3.0,4.0,0.8333333,0.42156795,0.6,0.3357484,0.4231652,0.0,0.0,0.5,0.0,1
0.0,1.0,3.0,4.0,0.6666667,0.25155488,0.475,0.13354476,0.24860018,0.0,0.0,0.5,0.0,1
0.06262864,1.0,3.0,4.0,0.33333334,0.41844478,0.4798515,0.335726,0.39396274,0.0,0.0,0.5,0.0,1
0.0,1.0,3.0,4.0,0.6666667,0.25207424,0.475,0.14815,0.255626,0.0,0.0,0.5,0.0,1
0.9411765,2.0,1.0,4.0,0.17063098,0.2903102,0.24780804,0.25320208,0.26284707,1.0,0.0,0.0,0.0,1
0.8235294,2.0,1.0,4.0,0.20044397,0.3185431,0.26985404,0.28407088,0.29086465,1.0,0.0,0.0,0.0,1
0.1764706,1.0,3.0,4.0,0.6666667,0.20614193,0.62088966,0.25926,0.32872927,0.0,0.0,0.5,0.0,1
0.005254319,2.0,3.0,4.0,0.33333334,0.4057938,0.5205338,0.29299146,0.3797092,0.0,0.0,0.5,0.0,1
0.0,1.0,3.0,4.0,0.8333333,0.29732624,0.5732217,0.14815,0.29204398,0.0,0.0,0.5,0.0,1
0.0,1.0,3.0,4.0,0.6666667,0.18261597,0.4103143,0.11620388,0.204944,0.0,0.0,0.5,0.0,1
0.11896748,2.0,3.0,3.0,0.19686942,0.18418327,0.20192343,0.22496592,0.20754924,1.0,0.0,0.0,0.0,1
0.31415892,2.0,3.0,4.0,0.95121187,0.3071472,0.17429198,0.21350054,0.23181814,1.0,0.0,0.0,0.0,1
0.06885776,1.0,3.0,4.0,0.16666667,0.25712112,0.4420582,0.17887165,0.26381224,0.0,0.0,0.5,0.0,1
0.0,1.0,3.0,4.0,0.6666667,0.312795,0.59740543,0.37229207,0.40775922,0.0,0.0,0.5,0.0,1
0.05882353,2.0,3.0,4.0,0.8333333,0.19294138,0.5611312,0.16464192,0.26625594,0.0,0.0,0.5,0.0,1
0.21044733,1.0,3.0,4.0,0.5,0.22640231,0.53027993,0.21439935,0.29225245,0.0,0.0,0.5,0.0,1
0.037623856,2.0,3.0,4.0,0.33333334,0.2499761,0.61599016,0.542211,0.47361723,0.0,0.0,0.5,0.0,1
0.1764706,1.0,3.0,4.0,1.0,0.36295384,0.6,0.12309517,0.30585617,0.0,0.0,0.5,0.0,1
0.051076856,1.0,3.0,4.0,0.16666667,0.23036262,0.575,0.22222,0.30762368,0.0,0.0,0.5,0.0,1
0.013775555,1.0,3.0,4.0,0.6666667,0.35293815,0.63243616,0.42475605,0.4524946,0.0,0.0,0.5,0.0,1
0.86980885,2.0,1.2132497,1.2132497,0.11405802,0.3067858,0.21655846,0.20932363,0.23969127,1.0,0.0,0.0,0.0,1
0.17819023,2.0,3.0,4.0,0.33333334,0.2948044,0.55219257,0.33333,0.37350065,0.0,0.0,0.5,0.0,1
0.27866614,2.0,3.0,4.0,0.8333333,0.23768307,0.6,0.3041441,0.35421246,0.0,0.0,0.5,0.0,1
0.25126874,2.0,3.0,4.0,0.8333333,0.26804426,0.6,0.24233781,0.3340537,0.0,0.0,0.5,0.0,1
0.027817478,2.0,3.0,4.0,0.5,0.39364037,0.5736449,0.3528539,0.41679737,0.0,0.0,0.5,0.0,1
0.0019011396,2.0,3.0,4.0,0.16666667,0.3967846,0.67661595,0.14874855,0.34590495,0.0,0.0,0.5,0.0,1
0.05882353,2.0,3.0,4.0,0.6666667,0.3096446,0.55672395,0.11111,0.27435106,0.0,0.0,0.5,0.0,1
0.0,2.0,3.0,4.0,1.0,0.3307758,0.5601743,0.18519,0.31623778,0.0,0.0,0.5,0.0,1
0.012767057,1.0,3.0,4.0,0.33333334,0.2188661,0.577713,0.033020418,0.21584104,0.0,0.0,0.5,0.0,1
0.17629877,2.0,3.0,4.0,0.5,0.3482887,0.575146,0.3334382,0.39468136,0.0,0.0,0.5,0.0,1
0.0,2.0,3.0,4.0,1.0,0.33687705,0.55099416,0.18813547,0.31725767,0.0,0.0,0.5,0.0,1
0.14093696,2.0,3.0,4.0,0.6666667,0.35469115,0.67449105,0.42977878,0.46527708,0.0,0.0,0.5,0.0,1
0.0969611,1.0,3.0,3.0,0.38700736,0.21133174,0.30061927,0.27381763,0.2617457,1.0,0.0,0.0,0.0,1
0.028100783,1.0,3.0,4.0,0.33333334,0.2270416,0.5,0.26810724,0.31058738,0.0,0.0,0.5,0.0,1
0.027625987,1.0,3.0,4.0,0.5,0.2604966,0.5897769,0.22222,0.31996217,0.0,0.0,0.5,0.0,1
0.20879616,1.0,3.0,4.0,1.0,0.2931857,0.54504657,0.44444,0.42362842,0.0,0.0,0.5,0.0,1
0.0,1.0,3.0,4.0,0.6666667,0.32754892,0.525,0.23973887,0.33268705,0.0,0.0,0.5,0.0,1
0.05882353,1.0,3.0,4.0,0.8333333,0.20479609,0.5,0.32425997,0.33047384,0.0,0.0,0.5,0.0,1
0.090015076,1.0,3.0,4.0,1.0,0.34675074,0.5132564,0.36812863,0.39598703,0.0,0.0,0.5,0.0,1
0.23529412,2.0,3.0,4.0,1.0,0.24508008,0.675,0.13157578,0.29282314,0.0,0.0,0.5,0.0,1
0.03092421,1.0,3.0,4.0,0.33333334,0.3294736,0.625,0.4249729,0.44395342,0.0,0.0,0.5,0.0,1
0.70319635,2.0,1.0,3.0,0.23699725,0.32476693,0.30259725,0.2695606,0.29357108,1.0,0.0,0.0,0.0,1
0.0,2.0,3.0,4.0,0.33333334,0.32235092,0.6,0.16804075,0.31505919,0.0,0.0,0.5,0.0,1
0.10048659,1.0,3.0,4.0,1.0,0.26217067,0.5036466,0.18519,0.28275767,0.0,0.0,0.5,0.0,1
0.17355901,1.0,3.0,4.0,0.5,0.22560622,0.52128774,0.07590336,0.22473188,0.0,0.0,0.5,0.0,1
0.04901865,1.0,3.0,4.0,0.33333334,0.33016372,0.61666584,0.25926,0.36421376,0.0,0.0,0.5,0.0,1
0.009180905,2.0,3.0,3.0,0.18086731,0.27085695,0.29027194,0.27361947,0.27672517,1.0,0.0,0.0,0.0,1
0.88235295,1.284908,1.715092,1.0,0.29905227,0.27692568,0.23888658,0.1644235,0.21503308,1.0,0.0,0.0,0.0,1
0.5707539,2.0,1.0,4.0,0.2039317,0.32376534,0.27345267,0.2754759,0.28920263,1.0,0.0,0.0,0.0,1
0.0,2.0,3.0,4.0,0.5,0.23819771,0.61096346,0.16439347,0.29117107,0.0,0.0,0.5,0.0,1
0.16361707,2.0,3.0,4.0,0.33333334,0.1741185,0.575,0.016185023,0.19411999,0.0,0.0,0.5,0.0,1
0.29411766,1.0,3.0,4.0,0.5,0.32396552,0.6396797,0.5702534,0.51414925,0.0,0.0,0.5,0.0,1
0.17908163,1.0,3.0,4.0,0.6666667,0.36073837,0.6216709,0.4106978,0.4456403,0.0,0.0,0.5,0.0,1
0.23529412,1.0,3.0,4.0,0.620363,0.3236749,0.4388911,0.7942317,0.57222533,0.0,0.0,0.5,0.0,1
0.0,2.0,3.0,4.0,0.33333334,0.23976968,0.67958295,0.20864165,0.3286058,0.0,0.0,0.5,0.0,1
0.13438602,2.0,3.0,4.0,0.5,0.27526522,0.55711406,0.3438702,0.3738704,0.0,0.0,0.5,0.0,1
0.11764706,1.0,3.0,4.0,0.33333334,0.2837296,0.702269,0.28283274,0.38178402,0.0,0.0,0.5,0.0,1
0.027552973,1.0,3.0,4.0,1.0,0.20900378,0.57184005,0.18519,0.28317234,0.0,0.0,0.5,0.0,1
0.22822721,1.0,3.0,4.0,0.8333333,0.20613134,0.55,0.19408858,0.2813681,0.0,0.0,0.5,0.0,1
0.05882353,1.0,3.0,4.0,0.6666667,0.23185283,0.525,0.14815,0.2614415,0.0,0.0,0.5,0.0,1
0.119392246,1.0,3.0,4.0,0.8333333,0.17856504,0.52425826,0.14705108,0.24507006,0.0,0.0,0.5,0.0,1
0.1764706,1.0,3.0,4.0,0.8333333,0.35508776,0.5993435,0.09811487,0.2916347,0.0,0.0,0.5,0.0,1
0.05882353,2.0,3.0,4.0,0.9925244,0.37767783,0.625,0.55556,0.5195796,0.0,0.0,0.5,0.0,1
0.29411766,2.0,3.0,4.0,0.8333333,0.34233704,0.6063246,0.18519,0.33050108,0.0,0.0,0.5,0.0,1
0.05882353,2.0,3.0,4.0,0.8450955,0.32064056,0.625,0.55556,0.5028081,0.0,0.0,0.5,0.0,1
0.28439978,2.0,3.0,4.0,1.0,0.38656726,0.7126097,0.23445831,0.39170304,0.0,0.0,0.5,0.0,1
0.4247209,2.0,3.0,4.0,0.8333333,0.38864723,0.54575956,0.35592914,0.41021693,0.0,0.0,0.5,0.0,1
0.04293296,1.0,3.0,4.0,0.8333333,0.30802125,0.611493,0.04704327,0.25661218,0.0,0.0,0.5,0.0,1
0.065749496,1.0,3.0,4.0,0.5,0.24540535,0.55,0.21786004,0.30411053,0.0,0.0,0.5,0.0,1
0.039467234,2.0,3.0,3.0,0.37392303,0.2653584,0.26805225,0.20921656,0.23957257,1.0,0.0,0.0,0.0,1
0.043636866,1.0,3.0,4.0,1.0,0.30007604,0.50645435,0.15771274,0.28164348,0.0,0.0,0.5,0.0,1
0.05882353,1.0,3.0,4.0,0.6666667,0.32515028,0.5581348,0.45649254,0.44177637,0.0,0.0,0.5,0.0,1
0.88235295,1.7032723,1.2967277,1.0,0.19780809,0.29811138,0.21648613,0.18827718,0.22721875,1.0,0.0,0.0,0.0,1
0.07538652,2.0,3.0,4.0,0.6666667,0.23926361,0.66092145,0.33333,0.38274747,0.0,0.0,0.5,0.0,1
0.0,1.0,3.0,4.0,0.33333334,0.33578968,0.625,0.44103524,0.45337316,0.0,0.0,0.5,0.0,1
0.2189055,2.0,3.0,4.0,1.0,0.2610766,0.50696516,0.121429585,0.25321814,0.0,0.0,0.5,0.0,1
0.18453644,2.0,3.0,4.0,0.5,0.15385133,0.525,0.14815,0.23849611,0.0,0.0,0.5,0.0,1
0.1764706,2.0,3.0,4.0,0.33333334,0.3495537,0.6497896,0.22237585,0.36034846,0.0,0.0,0.5,0.0,1
0.13426046,2.0,3.0,4.0,0.33333334,0.19672602,0.575,0.05315057,0.2181698,0.0,0.0,0.5,0.0,1
0.0,1.0,3.0,4.0,0.33333334,0.27233166,0.5542603,0.14183792,0.27725998,0.0,0.0,0.5,0.0,1
0.1788564,2.0,3.0,4.0,0.48437497,0.37190813,0.32685035,0.3425938,0.34751132,1.0,0.0,0.0,0.0,1
0.0,2.0,3.0,4.0,0.5,0.22004071,0.59678996,0.14339398,0.2726159,0.0,0.0,0.5,0.0,1
0.0,2.0,3.0,4.0,0.6666667,0.22756676,0.60641736,0.26876795,0.33609557,0.0,0.0,0.5,0.0,1
0.03913483,2.0,3.0,4.0,0.5,0.28443226,0.5333677,0.24686243,0.3253287,0.0,0.0,0.5,0.0,1
0.1293909,1.0,3.0,4.0,0.5,0.2688946,0.5799911,0.5407703,0.4700314,0.0,0.0,0.5,0.0,1
0.21545085,2.0,3.0,4.0,0.33333334,0.39419627,0.61686677,0.64212495,0.5632634,0.0,0.0,0.5,0.0,1
0.24615115,2.0,3.0,4.0,0.33333334,0.24663585,0.575,0.0068355347,0.21104781,0.0,0.0,0.5,0.0,1
0.0,1.0,3.0,4.0,0.6666667,0.28068274,0.5451839,0.24430776,0.3258016,0.0,0.0,0.5,0.0,1
0.14414214,2.0,3.0,4.0,0.16666667,0.35658512,0.6,0.27961656,0.3776365,0.0,0.0,0.5,0.0,1
0.052960075,2.0,3.0,4.0,0.33333334,0.30618393,0.5074759,0.07407,0.24432197,0.0,0.0,0.5,0.0,1
0.15269178,2.0,3.0,4.0,0.86204237,0.29275706,0.260518,0.19866887,0.2408946,1.0,0.0,0.0,0.0,1
0.19535771,2.0,3.0,4.0,0.5,0.11400242,0.61605406,0.36900532,0.3521352,0.0,0.0,0.5,0.0,1
0.0,2.0,3.0,4.0,0.8333333,0.36493874,0.55,0.28703448,0.37182423,0.0,0.0,0.5,0.0,1
0.0,1.0,3.0,4.0,0.6666667,0.25951982,0.475,0.08289236,0.22710428,0.0,0.0,0.5,0.0,1
0.2389242,2.0,3.0,4.0,0.16666667,0.4016492,0.6,0.27236858,0.38747978,0.0,0.0,0.5,0.0,1
0.1764706,1.0,3.0,4.0,0.6666667,0.3109349,0.54267746,0.14815,0.28886005,0.0,0.0,0.5,0.0,1
0.18305653,1.0,3.0,4.0,0.6666667,0.40131268,0.675,0.26340702,0.4008114,0.0,0.0,0.5,0.0,1
0.082429856,2.0,3.0,4.0,0.5,0.2854864,0.63503265,0.11842113,0.28911564,0.0,0.0,0.5,0.0,1
0.1764706,2.0,3.0,4.0,0.5,0.34228578,0.6248923,0.27770022,0.37838855,0.0,0.0,0.5,0.0,1
0.16830169,1.0,3.0,4.0,0.6666667,0.3626999,0.6465282,0.1584362,0.33335793,0.0,0.0,0.5,0.0,1
0.013616189,2.0,3.0,4.0,0.33333334,0.24596712,0.6,0.51423305,0.4555146,0.0,0.0,0.5,0.0,1
0.009077739,1.0,3.0,4.0,0.8333333,0.33070624,0.671142,0.45861727,0.47100508,0.0,0.0,0.5,0.0,1
0.22518538,2.0,3.0,4.0,1.0,0.266454,0.5042962,0.11747527,0.2523107,0.0,0.0,0.5,0.0,1
0.037522182,1.0,3.0,4.0,0.6666667,0.2150304,0.475,0.10791452,0.22579359,0.0,0.0,0.5,0.0,1
0.85400224,2.0,1.0,4.0,0.20005196,0.25585717,0.21003014,0.24446006,0.239711,1.0,0.0,0.0,0.0,1
0.66059273,2.0,1.0,4.0,0.12479864,0.34709117,0.2647658,0.31719652,0.31365243,1.0,0.0,0.0,0.0,1
0.05882353,2.0,3.0,4.0,0.8333333,0.34826487,0.6085491,0.24659534,0.36166033,0.0,0.0,0.5,0.0,1
0.23632197,2.0,3.0,4.0,1.0,0.25157243,0.5752184,0.11111,0.26162156,0.0,0.0,0.5,0.0,1
0.010587492,2.0,3.0,4.0,0.8333333,0.3541458,0.55899936,0.28963327,0.3719895,0.0,0.0,0.5,0.0,1
0.017948097,2.0,3.0,4.0,0.5,0.4177932,0.5652559,0.35906845,0.42485252,0.0,0.0,0.5,0.0,1
0.09014663,2.0,3.0,4.0,0.5,0.27915752,0.6116877,0.2025018,0.32132354,0.0,0.0,0.5,0.0,1
0.11764706,2.0,3.0,4.0,0.8333333,0.30689052,0.55,0.31670898,0.3687151,0.0,0.0,0.5,0.0,1
0.122611314,2.0,3.0,4.0,0.33333334,0.20976727,0.575,0.07094495,0.23038161,0.0,0.0,0.5,0.0,1
0.023492279,1.0,3.0,4.0,0.6666667,0.16513719,0.475,0.14815,0.23005529,0.0,0.0,0.5,0.0,1
0.23000792,2.0,3.0,4.0,1.0,0.27234665,0.5,0.10112506,0.24533854,0.0,0.0,0.5,0.0,1
0.05882353,2.0,3.0,4.0,0.5,0.346137,0.48459885,0.22222,0.32039958,0.0,0.0,0.5,0.0,1
0.13035597,1.0,3.0,4.0,0.3693419,0.25538698,0.312809,0.5155494,0.39132485,0.0,0.0,0.5,0.0,1
0.2078466,1.0,3.0,4.0,0.5,0.29247415,0.61333483,0.27654314,0.36047348,0.0,0.0,0.5,0.0,1
0.8235294,2.0,1.0,4.0,0.24133787,0.24149914,0.21374917,0.2547553,0.24120793,1.0,0.0,0.0,0.0,1
0.11764706,1.0,3.0,4.0,0.6666667,0.17371435,0.6334231,0.07407,0.23499188,0.0,0.0,0.5,0.0,1
0.88235295,1.6126074,2.6126075,1.0,0.25528023,0.29746735,0.2403642,0.17800222,0.22781242,1.0,0.0,0.0,0.0,1
0.008715222,2.0,3.0,4.0,0.5,0.29636922,0.6537039,0.6145397,0.5301781,0.0,0.0,0.5,0.0,1
0.776012,1.0,3.0,4.596102,0.9415766,0.2445598,0.32617623,0.18589593,0.23615713,1.0,0.0,0.0,0.0,1
0.29868323,2.0,3.0,4.0,1.0,0.30878934,0.6691789,0.14527515,0.3166342,0.0,0.0,0.5,0.0,1
0.0,2.0,3.0,4.0,0.33333334,0.28980935,0.5885634,0.35342547,0.39004132,0.0,0.0,0.5,0.0,1
0.22716132,1.0,3.0,4.0,0.5,0.23486105,0.525,0.23246212,0.30199823,0.0,0.0,0.5,0.0,1
0.11764706,2.0,3.0,4.0,0.8333333,0.30570164,0.5295143,0.31147173,0.36107963,0.0,0.0,0.5,0.0,1
0.23529412,2.0,3.0,4.0,0.6666667,0.3158773,0.56934303,0.45282137,0.43996206,0.0,0.0,0.5,0.0,1
0.09504473,2.0,3.0,4.0,1.0,0.22240749,0.565394,0.24502777,0.31375477,0.0,0.0,0.5,0.0,1
0.11764706,2.0,3.0,4.0,0.33333334,0.3184485,0.61374694,0.48148,0.46465045,0.0,0.0,0.5,0.0,1
0.14239609,2.0,3.0,4.0,0.16666667,0.35240668,0.6,0.28071603,0.376925,0.0,0.0,0.5,0.0,1
0.468388,2.0,3.0,4.0,0.70677483,0.26347482,0.575,0.2695615,0.33963567,0.0,0.0,0.5,0.0,1
0.34712508,2.0,1.0,4.0,0.2669562,0.28777343,0.2471745,0.25371087,0.2621913,1.0,0.0,0.0,0.0,1
0.11764706,2.0,3.0,4.0,0.33333334,0.27074826,0.6055174,0.33333,0.3789683,0.0,0.0,0.5,0.0,1
0.23312181,1.0,3.0,4.0,0.6646151,0.331259,0.42623097,0.81344223,0.5805175,0.0,0.0,0.5,0.0,1
0.13941485,2.0,3.0,4.0,0.33333334,0.21060425,0.575,0.060366962,0.22564822,0.0,0.0,0.5,0.0,1
0.060436487,1.0,3.0,4.0,0.8333333,0.47240075,0.5270565,0.7737177,0.6270536,0.0,0.0,0.5,0.0,1
0.11764706,1.0,3.0,4.0,0.5,0.27427053,0.56517565,0.5701118,0.48193595,0.0,0.0,0.5,0.0,1
0.030930152,1.0,3.0,4.0,0.6666667,0.37564877,0.63685465,0.62963,0.5566286,0.0,0.0,0.5,0.0,1
0.0,2.0,3.0,4.0,0.6666667,0.3123352,0.61220795,0.26012537,0.35832477,0.0,0.0,0.5,0.0,1
0.049080685,1.0,3.0,4.0,1.0,0.23756869,0.4875779,0.080204874,0.22234395,0.0,0.0,0.5,0.0,1
0.020838793,2.0,3.0,3.0,0.3899552,0.24729182,0.3136777,0.217236,0.24876812,1.0,0.0,0.0,0.0,1
0.056189504,1.0,3.0,4.0,0.8258702,0.47578123,0.53059727,0.77114606,0.62767076,0.0,0.0,0.5,0.0,1
0.1764706,2.0,3.0,4.0,0.5,0.32361564,0.59404767,0.27689555,0.36526373,0.0,0.0,0.5,0.0,1
0.0,2.0,3.0,4.0,0.5,0.2815398,0.5763339,0.11308629,0.271634,0.0,0.0,0.5,0.0,1
0.0,2.0,3.0,4.0,0.16666667,0.2662782,0.6084942,0.33333,0.37835243,0.0,0.0,0.5,0.0,1
0.14807291,2.0,3.0,4.0,0.6666667,0.3113349,0.69913805,0.5913181,0.534337,0.0,0.0,0.5,0.0,1
0.6693477,2.0,3.0,4.0,0.16042884,0.2853215,0.28838128,0.2516293,0.2701863,1.0,0.0,0.0,0.0,1
0.1764706,2.0,3.0,4.0,0.5,0.31609803,0.59983224,0.25975704,0.35634857,0.0,0.0,0.5,0.0,1
0.05882353,1.0,3.0,4.0,0.8333333,0.28366116,0.59605944,0.05132893,0.24783109,0.0,0.0,0.5,0.0,1
0.12989882,2.0,3.0,4.0,0.5,0.29219565,0.669793,0.45986935,0.45995054,0.0,0.0,0.5,0.0,1
0.13011962,1.0,3.0,4.0,0.9006685,0.23963769,0.8654011,0.37748086,0.45174423,0.0,0.0,0.5,0.0,1
0.22933765,2.0,3.0,4.0,1.0,0.21407245,0.5674055,0.06656968,0.22779733,0.0,0.0,0.5,0.0,1
0.24428591,2.0,3.0,4.0,0.8333333,0.26819977,0.6,0.2335439,0.32996064,0.0,0.0,0.5,0.0,1
0.29046056,2.0,3.0,4.0,1.0,0.27487585,0.58672285,0.11111,0.27118406,0.0,0.0,0.5,0.0,1
0.0,2.0,3.0,4.0,0.6666667,0.29784223,0.5920862,0.30802354,0.37186784,0.0,0.0,0.5,0.0,1
0.05882353,1.0,3.0,4.0,0.8333333,0.27104083,0.48950553,0.3118444,0.34164777,0.0,0.0,0.5,0.0,1
0.1764706,1.0,3.0,4.0,0.6666667,0.279155,0.5220156,0.2963,0.3443653,0.0,0.0,0.5,0.0,1
0.006191717,2.0,3.0,4.0,0.8333333,0.21115749,0.4631574,0.4483388,0.38207194,0.0,0.0,0.5,0.0,1
0.18631528,1.0,3.0,4.0,0.33333334,0.23281647,0.625,0.33333,0.3723925,0.0,0.0,0.5,0.0,1
0.06376024,1.0,3.0,4.0,0.6666667,0.43488154,0.44930062,0.81481,0.61706936,0.0,0.0,0.5,0.0,1
0.045383133,1.0,3.0,4.0,0.16666667,0.22815289,0.5942879,0.19365087,0.29806507,0.0,0.0,0.5,0.0,1
0.23794681,1.0,3.0,4.0,0.8333333,0.22338487,0.6244363,0.14898518,0.28273293,0.0,0.0,0.5,0.0,1
0.027534546,2.0,3.0,4.0,0.6666667,0.24086818,0.64840436,0.31363326,0.37100363,0.0,0.0,0.5,0.0,1
0.0,2.0,3.0,4.0,0.16666667,0.30424002,0.625,0.3603121,0.40609694,0.0,0.0,0.5,0.0,1
0.005841306,2.0,3.0,4.0,0.5,0.3236575,0.6524825,0.4370847,0.45440432,0.0,0.0,0.5,0.0,1
0.7620988,2.0,1.0,3.0,0.27319002,0.28001615,0.28940472,0.24084942,0.26379383,1.0,0.0,0.0,0.0,1
0.10889851,2.0,3.0,4.0,1.0,0.30391023,0.575,0.18519,0.31182322,0.0,0.0,0.5,0.0,1
0.05882353,1.0,3.0,4.0,0.33333334,0.29568374,0.61035377,0.23756012,0.3423718,0.0,0.0,0.5,0.0,1
0.02326084,1.0,3.0,4.0,0.8333333,0.33168247,0.5552283,0.33333,0.3850621,0.0,0.0,0.5,0.0,1
0.0,2.0,3.0,4.0,0.5,0.304389,0.65,0.64346766,0.54527617,0.0,0.0,0.5,0.0,1
0.23529412,1.0,3.0,4.0,0.8333333,0.30987766,0.5786765,0.30174568,0.3692977,0.0,0.0,0.5,0.0,1
0.05882353,2.0,3.0,4.0,0.8333333,0.33886307,0.57439256,0.51941997,0.479252,0.0,0.0,0.5,0.0,1
0.16882072,1.0,3.0,4.0,0.6666667,0.36470526,0.6434976,0.15778264,0.33292723,0.0,0.0,0.5,0.0,1
0.1273247,1.0,3.0,4.0,0.33333334,0.30721715,0.637661,0.45662764,0.45527965,0.0,0.0,0.5,0.0,1
0.21350606,2.0,3.0,4.0,0.6666667,0.20078625,0.59722024,0.11111,0.25186542,0.0,0.0,0.5,0.0,1
0.32357565,2.0,3.0,4.6251965,0.7992315,0.23032135,0.21927045,0.21014655,0.2182271,1.0,0.0,0.0,0.0,1
0.02788273,1.0,3.0,4.0,0.8333333,0.30244422,0.5131498,0.017557198,0.21795799,0.0,0.0,0.5,0.0,1
0.02612516,2.0,3.0,4.0,0.5,0.2202411,0.61389685,0.48148,0.43580446,0.0,0.0,0.5,0.0,1
0.11734459,1.0,3.0,4.0,0.6666667,0.3423899,0.675,0.48148,0.48611113,0.0,0.0,0.5,0.0,1
0.20855184,2.0,3.0,4.0,0.8333333,0.20462486,0.575,0.090909086,0.23825735,0.0,0.0,0.5,0.0,1
0.05882353,1.0,3.0,4.0,0.5,0.3500235,0.58382016,0.51852,0.48432723,0.0,0.0,0.5,0.0,1
0.023124862,1.0,3.0,4.0,0.8333333,0.28461024,0.51517195,0.0,0.2049268,0.0,0.0,0.5,0.0,1
0.71120554,1.0,1.0,3.0,0.41822153,0.31741714,0.2892616,0.27274403,0.28976965,1.0,0.0,0.0,0.0,1
0.3474816,2.0,3.0,4.0,0.6666667,0.21885939,0.6469062,0.03933155,0.23508799,0.0,0.0,0.5,0.0,1
0.05710248,1.0,3.0,4.0,0.6666667,0.30399424,0.59853715,0.3692863,0.40402308,0.0,0.0,0.5,0.0,1
0.1309683,1.0,3.0,4.0,0.6289232,0.29858643,0.68066156,0.7456384,0.5988635,0.0,0.0,0.5,0.0,1
0.05765347,2.0,3.0,4.0,0.8333333,0.3527936,0.59900546,0.25999677,0.36705273,0.0,0.0,0.5,0.0,1
0.32483068,2.0,3.0,4.0,0.6666667,0.30196956,0.5097348,0.25762123,0.32998344,0.0,0.0,0.5,0.0,1
0.25901338,2.0,3.0,4.0,0.5,0.20887771,0.63669354,0.22461432,0.31694627,0.0,0.0,0.5,0.0,1
0.11764706,2.0,3.0,4.0,0.6666667,0.3526138,0.6123747,0.19142352,0.33787575,0.0,0.0,0.5,0.0,1
0.0,2.0,3.0,4.0,0.33333334,0.21122338,0.52469075,0.34247544,0.34674418,0.0,0.0,0.5,0.0,1
0.5104176,2.0,1.0,5.0,0.28387898,0.265757,0.19470336,0.22342467,0.2291174,1.0,0.0,0.0,0.0,1
0.68493026,1.0,3.0,4.0,0.6666667,0.3258404,0.55,0.2064911,0.32241976,0.0,0.0,0.5,0.0,1
0.29411766,1.0,3.0,4.0,0.16666667,0.26778844,0.51969266,0.16097781,0.2767956,0.0,0.0,0.5,0.0,1
0.04170669,2.0,3.0,4.0,0.5,0.19814773,0.59272534,0.45992664,0.41418052,0.0,0.0,0.5,0.0,1
0.3976355,1.0,3.0,3.0,0.58416384,0.2820705,0.19198827,0.2050748,0.22464141,1.0,0.0,0.0,0.0,1
0.08779727,1.0,3.0,4.0,0.33333334,0.31337148,0.6003723,0.24101582,0.34685376,0.0,0.0,0.5,0.0,1
0.23340224,2.0,3.0,4.0,0.90652055,0.32428208,0.21588734,0.22161278,0.25046247,1.0,0.0,0.0,0.0,1
0.34942055,2.0,1.0,3.0,0.21926431,0.41162187,0.31736904,0.40184027,0.38484165,1.0,0.0,0.0,0.0,1
0.10768756,2.0,3.0,4.0,0.5,0.23646706,0.5584656,0.5122487,0.44201356,0.0,0.0,0.5,0.0,1
0.09087221,1.0,3.0,4.0,0.8333333,0.29036936,0.5363793,0.31647497,0.3605391,0.0,0.0,0.5,0.0,1
0.12736718,1.0,3.0,4.0,0.8333333,0.22021273,0.525,0.11111,0.24058276,0.0,0.0,0.5,0.0,1
0.14217739,2.0,3.0,4.0,0.33333334,0.39858323,0.6395746,0.36422253,0.43911842,0.0,0.0,0.5,0.0,1
0.35292435,1.0,3.0,4.0,0.9999523,0.32139656,0.62497854,0.6296936,0.5379068,0.0,0.0,0.5,0.0,1
0.0,1.0,3.0,4.0,0.6666667,0.3632708,0.60752606,0.25926,0.37180105,0.0,0.0,0.5,0.0,1
0.010779005,1.0,3.0,4.0,0.8333333,0.33057675,0.5841621,0.34011734,0.39473704,0.0,0.0,0.5,0.0,1
0.1764706,1.0,3.0,4.0,0.6666667,0.31185135,0.5103654,0.2963,0.35124198,0.0,0.0,0.5,0.0,1
0.22249344,1.0,3.0,4.0,0.8333333,0.21675411,0.5717612,0.18519,0.28542617,0.0,0.0,0.5,0.0,1
0.11764706,1.0,3.0,4.0,0.5,0.2766622,0.6015422,0.55556,0.4843462,0.0,0.0,0.5,0.0,1
0.0,2.0,3.0,4.0,0.6666667,0.21530336,0.51748776,0.22222,0.28966025,0.0,0.0,0.5,0.0,1
0.07798959,1.0,3.0,4.0,0.8333333,0.28453824,0.625,0.04910523,0.2538548,0.0,0.0,0.5,0.0,1
0.07102815,2.0,3.0,4.0,1.0,0.38091442,0.625,0.55556,0.52053165,0.0,0.0,0.5,0.0,1
0.05882353,1.0,3.0,4.0,0.8333333,0.2703325,0.5230723,0.03417927,0.21866708,0.0,0.0,0.5,0.0,1
0.042989295,2.0,3.0,4.0,0.8333333,0.3510803,0.57981133,0.25926,0.36168635,0.0,0.0,0.5,0.0,1
0.05882353,2.0,3.0,4.0,0.5,0.24491093,0.5360988,0.10562867,0.24788514,0.0,0.0,0.5,0.0,1
0.1349932,2.0,3.0,4.0,0.6666667,0.19778916,0.6786861,0.40741,0.40958938,0.0,0.0,0.5,0.0,1
0.13465384,2.0,3.0,4.0,0.6666667,0.33311474,0.5677721,0.22222,0.33614174,0.0,0.0,0.5,0.0,1
0.0054739523,2.0,3.0,4.0,0.16666667,0.30276167,0.62034714,0.37037,0.40930077,0.0,0.0,0.5,0.0,1
0.05103692,2.0,3.0,4.0,0.5,0.3733907,0.5933814,0.33823308,0.40860674,0.0,0.0,0.5,0.0,1
0.15253027,1.0,3.0,4.0,0.6666667,0.2533452,0.55552393,0.37037,0.37951833,0.0,0.0,0.5,0.0,1
0.22363289,1.0,3.0,4.0,0.5,0.20905535,0.49493402,0.46663144,0.39753816,0.0,0.0,0.5,0.0,1
0.37728488,2.0,1.0,3.0,0.19412076,0.42564115,0.3193828,0.39624864,0.3868074,1.0,0.0,0.0,0.0,1
0.5735764,1.0,1.0,3.0,0.19500957,0.30524942,0.21403593,0.25964952,0.26232862,1.0,0.0,0.0,0.0,1
0.0022342096,2.0,3.0,4.0,0.5,0.22917697,0.50094956,0.25926,0.30728087,0.0,0.0,0.5,0.0,1
0.07377294,2.0,3.0,4.0,0.5,0.24413593,0.6432325,0.49089333,0.45416597,0.0,0.0,0.5,0.0,1
0.08533397,2.0,3.0,4.0,0.6666667,0.3034285,0.57746613,0.2425669,0.33926624,0.0,0.0,0.5,0.0,1
0.062220063,1.0,3.0,4.0,0.5,0.29172984,0.44855645,0.07834746,0.22821304,0.0,0.0,0.5,0.0,1
0.33416212,2.0,3.0,4.0,0.6666667,0.22603408,0.6260567,0.06068641,0.24234243,0.0,0.0,0.5,0.0,1
0.21174434,1.0,3.0,4.0,0.5,0.3313726,0.6883305,0.57530504,0.5301555,0.0,0.0,0.5,0.0,1
0.002027133,1.0,3.0,4.0,0.8333333,0.23134823,0.6224154,0.14942645,0.2848144,0.0,0.0,0.5,0.0,1
0.17468281,2.0,3.0,4.0,0.16666667,0.21637309,0.72424024,0.11111,0.28633216,0.0,0.0,0.5,0.0,1
0.179464,1.0,3.0,4.0,0.8333333,0.3627177,0.5724556,0.36848512,0.41478541,0.0,0.0,0.5,0.0,1
0.030170731,1.0,3.0,4.0,0.5,0.3440157,0.66282254,0.5004779,0.49265566,0.0,0.0,0.5,0.0,1
0.0,2.0,3.0,4.0,0.6666667,0.30993626,0.625,0.26272961,0.36184976,0.0,0.0,0.5,0.0,1
0.014434046,2.0,3.0,4.0,0.33333334,0.22407497,0.66273105,0.21313363,0.32214004,0.0,0.0,0.5,0.0,1
0.11669778,2.0,3.0,4.0,0.33333334,0.33665556,0.6877017,0.42622378,0.46140265,0.0,0.0,0.5,0.0,1
0.1764706,1.0,3.0,4.0,0.6666667,0.27127883,0.51512235,0.2963,0.3404279,0.0,0.0,0.5,0.0,1
0.20537755,2.0,3.0,4.0,0.16666667,0.3901548,0.5631436,0.29565933,0.38638726,0.0,0.0,0.5,0.0,1
0.03073201,1.0,3.0,4.0,0.8333333,0.2536318,0.5738778,0.16750133,0.28845358,0.0,0.0,0.5,0.0,1
0.0,2.0,3.0,4.0,0.5,0.3808573,0.5609322,0.38656715,0.42591032,0.0,0.0,0.5,0.0,1
0.1764706,2.0,3.0,4.0,0.25979605,0.1802673,0.5860306,0.03268144,0.20628655,0.0,0.0,0.5,0.0,1
0.035632666,1.0,3.0,4.0,0.5,0.25811324,0.5795684,0.22222,0.31685877,0.0,0.0,0.5,0.0,1
0.1812509,2.0,3.0,4.0,0.33333334,0.22353843,0.58312654,0.5155099,0.44554508,0.0,0.0,0.5,0.0,1
0.56093395,2.0,1.0,4.0,0.22028702,0.28250766,0.24342431,0.3315559,0.2963931,1.0,0.0,0.0,0.0,1
0.60436964,2.0,3.0,4.0,0.26322293,0.2927059,0.30807456,0.25942564,0.28066078,1.0,0.0,0.0,0.0,1
0.25392014,2.0,1.0,4.0,0.4504467,0.3646395,0.3688962,0.32146788,0.34532502,1.0,0.0,0.0,0.0,1
0.090824746,1.0,3.0,4.0,0.8333333,0.27576518,0.57279897,0.13126053,0.27765566,0.0,0.0,0.5,0.0,1
0.032737892,2.0,3.0,4.0,0.5,0.3418844,0.5082592,0.22222,0.32471874,0.0,0.0,0.5,0.0,1
0.035418645,2.0,3.0,4.0,0.33333334,0.24553017,0.65,0.18519,0.31230476,0.0,0.0,0.5,0.0,1
0.024034897,2.0,3.0,4.0,0.6666667,0.22697969,0.70457035,0.31143022,0.37909764,0.0,0.0,0.5,0.0,1
0.22391702,1.0,3.0,4.0,0.6666667,0.42893806,0.675,0.28913605,0.42104593,0.0,0.0,0.5,0.0,1
0.028028434,2.0,3.0,4.0,0.6666667,0.1947236,0.675,0.410889,0.4094582,0.0,0.0,0.5,0.0,1
0.05882353,2.0,3.0,4.0,0.8333333,0.41613102,0.57529074,0.1482936,0.32754335,0.0,0.0,0.5,0.0,1
0.11414873,2.0,3.0,4.0,0.5,0.24304457,0.55743396,0.5163172,0.44562042,0.0,0.0,0.5,0.0,1
0.41139203,1.0,3.0,4.0,0.999472,0.227844,0.59984165,0.07407,0.2430051,0.0,0.0,0.5,0.0,1
0.096482255,1.0,3.0,4.0,1.0,0.23756164,0.46401983,0.22516757,0.2850105,0.0,0.0,0.5,0.0,1
0.31167266,2.0,3.0,4.0,1.0,0.3082703,0.56492174,0.4112809,0.41713777,0.0,0.0,0.5,0.0,1
0.07296367,2.0,3.0,4.0,0.5,0.24363339,0.6129809,0.14815,0.28560326,0.0,0.0,0.5,0.0,1
0.11764706,2.0,3.0,4.0,1.0,0.22635332,0.6422025,0.21067038,0.3168202,0.0,0.0,0.5,0.0,1
0.1764706,2.0,3.0,4.0,0.6666667,0.27322006,0.53140116,0.11111,0.25768408,0.0,0.0,0.5,0.0,1
0.06063471,2.0,3.0,4.0,0.5,0.21397924,0.675,0.40855014,0.41401592,0.0,0.0,0.5,0.0,1
0.060498055,1.0,3.0,4.0,0.8333333,0.31589773,0.625,0.33227587,0.39634126,0.0,0.0,0.5,0.0,1
0.19633903,1.0,3.0,4.0,0.9632091,0.27197617,0.90292543,0.34968284,0.45700514,0.0,0.0,0.5,0.0,1
0.44305533,2.0,3.0,4.0,0.5443284,0.15588947,0.54335076,0.34081805,0.33408034,0.0,0.0,0.5,0.0,1
0.013964918,2.0,3.0,4.0,0.5,0.23796856,0.6428053,0.2680534,0.34738502,0.0,0.0,0.5,0.0,1
0.11764706,2.0,3.0,4.0,0.5,0.21939541,0.5732314,0.14552969,0.2678904,0.0,0.0,0.5,0.0,1
0.060620558,2.0,3.0,4.0,0.5,0.24571615,0.6757637,0.48261157,0.4583879,0.0,0.0,0.5,0.0,1
0.18399715,1.0,3.0,4.0,0.8333333,0.35804287,0.5813976,0.38458672,0.42309144,0.0,0.0,0.5,0.0,1
0.26630744,1.0,3.0,4.0,0.6666667,0.33757466,0.58545804,0.27878845,0.36823505,0.0,0.0,0.5,0.0,1
0.0,2.0,3.0,4.0,1.0,0.21182057,0.625,0.16778141,0.28831935,0.0,0.0,0.5,0.0,1
0.020913513,1.0,3.0,4.0,0.8333333,0.2900982,0.58388823,0.53415173,0.47407517,0.0,0.0,0.5,0.0,1
0.0,2.0,3.0,4.0,0.5,0.3359148,0.6364848,0.5792424,0.5211469,0.0,0.0,0.5,0.0,1
0.1568584,1.0,3.0,4.0,0.6666667,0.23613164,0.6166648,0.24691059,0.33074406,0.0,0.0,0.5,0.0,1
0.13334993,1.0,3.0,4.0,0.8333333,0.24706307,0.525,0.36048222,0.36583543,0.0,0.0,0.5,0.0,1
0.03109283,1.0,3.0,4.0,0.8333333,0.23662046,0.55,0.20264676,0.29437178,0.0,0.0,0.5,0.0,1
0.1764706,1.0,3.0,4.0,0.6666667,0.26118577,0.5154954,0.28864732,0.33394697,0.0,0.0,0.5,0.0,1
0.059379645,1.0,3.0,4.0,0.5,0.25074393,0.55,0.22186993,0.30756813,0.0,0.0,0.5,0.0,1
0.16466759,1.0,3.0,4.0,0.6666667,0.35641447,0.63503253,0.4222722,0.45296097,0.0,0.0,0.5,0.0,1
0.17710017,1.0,3.0,4.0,0.5,0.33932143,0.57566893,0.7031054,0.5661239,0.0,0.0,0.5,0.0,1
0.0,2.0,3.0,4.0,0.16666667,0.31619462,0.55673593,0.15812902,0.29840854,0.0,0.0,0.5,0.0,1
0.35280487,2.0,3.0,4.0,0.8333333,0.30138034,0.50023174,0.33324417,0.36316073,0.0,0.0,0.5,0.0,1
0.11764706,1.0,3.0,4.0,0.8333333,0.124656804,0.6694798,0.038675316,0.21239026,0.0,0.0,0.5,0.0,1
0.1377519,1.0,3.0,4.0,0.5,0.26464754,0.58354455,0.5302408,0.4646643,0.0,0.0,0.5,0.0,1
0.2725239,2.0,3.0,4.0,1.0,0.29777893,0.5183547,0.2691057,0.3361864,0.0,0.0,0.5,0.0,1
0.0,1.0,3.0,4.0,0.8333333,0.32557783,0.5534515,0.14815,0.29570147,0.0,0.0,0.5,0.0,1
0.23629397,2.0,3.0,3.0,0.1556034,0.16313045,0.23339842,0.24941833,0.22027016,1.0,0.0,0.0,0.0,1
0.11764706,2.0,3.0,4.0,0.33333334,0.3660159,0.57185453,0.37502968,0.41869333,0.0,0.0,0.5,0.0,1
0.11764706,1.0,3.0,4.0,0.33333334,0.40461585,0.5705482,0.42059988,0.45118305,0.0,0.0,0.5,0.0,1
0.081272565,1.0,3.0,4.0,0.8333333,0.32839546,0.6297704,0.14815,0.31448624,0.0,0.0,0.5,0.0,1
0.006798572,2.0,3.0,3.0,0.3665833,0.18364571,0.20677452,0.16781436,0.18163773,1.0,0.0,0.0,0.0,1
0.017645042,2.0,3.0,4.0,0.6166724,0.2184291,0.6925008,0.6629592,0.53916305,0.0,0.0,0.5,0.0,1
0.1299299,1.0,3.0,4.0,0.6666667,0.17849249,0.6052202,0.14815,0.2646151,0.0,0.0,0.5,0.0,1
0.082300015,1.0,3.0,4.0,0.6666667,0.35860047,0.675,0.48148,0.4908772,0.0,0.0,0.5,0.0,1
0.1764706,2.0,3.0,4.0,0.5,0.3632307,0.62923616,0.30655178,0.3991469,0.0,0.0,0.5,0.0,1
0.15062758,2.0,3.0,4.0,0.21188281,0.2857691,0.19892353,0.15192772,0.20235068,1.0,0.0,0.0,0.0,1
0.68383455,2.0,3.0,4.0,0.22311994,0.2828312,0.28558627,0.24521342,0.26577696,1.0,0.0,0.0,0.0,1
0.1764706,2.0,3.0,4.0,0.33333334,0.2534495,0.62561244,0.40650257,0.41304296,0.0,0.0,0.5,0.0,1
0.15846251,2.0,3.0,4.0,0.5,0.38025752,0.5653069,0.13378866,0.30780953,0.0,0.0,0.5,0.0,1
0.29411766,2.0,3.0,4.0,1.0,0.28054115,0.57745653,0.48511958,0.44667533,0.0,0.0,0.5,0.0,1
0.19811237,1.0,3.0,4.0,0.5,0.328908,0.6158022,0.37037,0.415925,0.0,0.0,0.5,0.0,1
0.13346341,1.0,3.0,3.0,0.18830206,0.2737354,0.23346792,0.24924824,0.2527373,1.0,0.0,0.0,0.0,1
0.15320514,2.0,3.0,4.0,0.8333333,0.28118572,0.6174439,0.5073249,0.46672004,0.0,0.0,0.5,0.0,1
0.11764706,2.0,3.0,4.0,0.5,0.27137738,0.57484776,0.14792447,0.2846838,0.0,0.0,0.5,0.0,1
0.11764706,2.0,3.0,4.0,1.0,0.20113592,0.58257055,0.25552115,0.3164773,0.0,0.0,0.5,0.0,1
0.8746438,2.0,1.1310557,1.1310557,0.11866088,0.30923393,0.21040691,0.20773253,0.23821515,1.0,0.0,0.0,0.0,1
0.04010286,2.0,3.0,4.0,0.6666667,0.3650764,0.725,0.09764606,0.3239168,0.0,0.0,0.5,0.0,1
0.0,2.0,3.0,4.0,0.33333334,0.23480922,0.6721767,0.21803814,0.32982683,0.0,0.0,0.5,0.0,1
0.11764706,2.0,3.0,4.0,0.8333333,0.30182785,0.5618444,0.51852,0.46497917,0.0,0.0,0.5,0.0,1
0.1622217,2.0,3.0,4.0,0.8604223,0.24881585,0.2331637,0.18867038,0.21682924,1.0,0.0,0.0,0.0,1
0.11764706,1.0,3.0,4.0,0.5,0.27414262,0.5630435,0.57326996,0.48288348,0.0,0.0,0.5,0.0,1
0.109106086,1.0,3.0,4.0,0.5,0.21357945,0.55362993,0.19056663,0.28275698,0.0,0.0,0.5,0.0,1
0.0341047,2.0,3.0,4.0,0.6666667,0.26023152,0.71449447,0.6725772,0.56115806,0.0,0.0,0.5,0.0,1
0.17650372,2.0,3.0,3.0,0.17665502,0.17345075,0.21759912,0.23690398,0.21369894,1.0,0.0,0.0,0.0,1
0.092810296,2.0,3.0,4.0,0.16666667,0.22768436,0.5013891,0.33333,0.34180394,0.0,0.0,0.5,0.0,1
0.016070498,1.0,3.0,4.0,0.8333333,0.26483217,0.6,0.6935821,0.54546064,0.0,0.0,0.5,0.0,1
0.023606237,2.0,3.0,4.0,0.8333333,0.24939424,0.575,0.31846964,0.35851648,0.0,0.0,0.5,0.0,1
0.1764706,1.0,3.0,4.0,0.5,0.31059107,0.6176871,0.3487034,0.4007826,0.0,0.0,0.5,0.0,1
0.18543115,1.0,3.0,4.0,0.6666667,0.2643668,0.53261644,0.3647277,0.3747155,0.0,0.0,0.5,0.0,1
0.19212754,2.0,3.0,4.0,0.21102801,0.38435823,0.5449626,0.62963,0.5375697,0.0,0.0,0.5,0.0,1
0.17517489,2.0,3.0,4.0,0.8546078,0.18549946,0.19406268,0.17468199,0.18242376,1.0,0.0,0.0,0.0,1
0.42643046,2.0,1.0,2.0,0.17982347,0.28704768,0.25208247,0.25335428,0.26296487,1.0,0.0,0.0,0.0,1
0.16719005,2.0,3.0,4.0,0.33333334,0.2993333,0.65,0.29045624,0.3776646,0.0,0.0,0.5,0.0,1
0.3471788,1.0,3.0,4.0,0.6666667,0.30626282,0.6063775,0.24618722,0.34860733,0.0,0.0,0.5,0.0,1
0.38596776,1.7807261,1.0,5.0,0.96228486,0.3199223,0.18212394,0.19513364,0.22877508,1.0,0.0,0.0,0.0,1
0.05882353,2.0,3.0,4.0,0.33333334,0.35732928,0.47584173,0.2580129,0.3384792,0.0,0.0,0.5,0.0,1
0.07144871,2.0,3.0,4.0,0.8333333,0.36693215,0.50536567,0.3862675,0.40860057,0.0,0.0,0.5,0.0,1
0.1764706,2.0,3.0,4.0,1.0,0.2503814,0.54580605,0.16356313,0.2790367,0.0,0.0,0.5,0.0,1
0.0,2.0,3.0,4.0,0.20673144,0.3440515,0.55,0.712604,0.5659459,0.0,0.0,0.5,0.0,1
0.34546724,2.0,3.0,3.0,0.078861974,0.27155295,0.220353,0.30257452,0.27410427,1.0,0.0,0.0,0.0,1
0.016482856,1.0,3.0,4.0,0.16666667,0.34648594,0.5899739,0.608875,0.5272564,0.0,0.0,0.5,0.0,1
0.0,2.0,3.0,4.0,0.33333334,0.34502807,0.5566533,0.2641888,0.35678047,0.0,0.0,0.5,0.0,1
0.8715169,1.0,1.0,3.0,0.57113147,0.34625646,0.2918413,0.29199648,0.3079188,1.0,0.0,0.0,0.0,1
0.11764706,1.0,3.0,4.0,0.6666667,0.17409892,0.727679,0.07407,0.25728154,0.0,0.0,0.5,0.0,1
0.1764706,2.0,3.0,4.0,0.8333333,0.21224014,0.6084007,0.094614506,0.25009868,0.0,0.0,0.5,0.0,1
0.8235294,2.0,1.0,3.0,0.30174255,0.24233747,0.25546613,0.22608843,0.23777996,1.0,0.0,0.0,0.0,1
0.0,1.0,3.0,4.0,0.6666667,0.279004,0.5763139,0.37037,0.39195466,0.0,0.0,0.5,0.0,1
0.11764706,1.0,3.0,4.0,0.8333333,0.22298796,0.58473796,0.07407,0.23802929,0.0,0.0,0.5,0.0,1
0.045020387,1.0,3.0,4.0,0.5,0.3214974,0.46173266,0.2135308,0.3036849,0.0,0.0,0.5,0.0,1
0.05882353,2.0,3.0,4.0,0.33333334,0.3634847,0.49773955,0.23680241,0.33545816,0.0,0.0,0.5,0.0,1
0.017057067,1.0,3.0,4.0,0.33333334,0.2885367,0.621003,0.13740951,0.29564875,0.0,0.0,0.5,0.0,1
0.033134643,2.0,3.0,4.0,0.6666667,0.25828832,0.58908224,0.27543578,0.34419197,0.0,0.0,0.5,0.0,1
0.16941449,2.0,3.0,4.0,0.6666667,0.22224851,0.7470012,0.21333504,0.34152085,0.0,0.0,0.5,0.0,1
0.3529412,1.0,3.0,4.0,0.8333333,0.30128643,0.61040103,0.19751649,0.3251785,0.0,0.0,0.5,0.0,1
0.10121501,2.0,3.0,4.0,0.8333333,0.3101021,0.525,0.17484307,0.297013,0.0,0.0,0.5,0.0,1
0.0,1.0,3.0,4.0,0.33333334,0.29845357,0.6198916,0.13328046,0.29635963,0.0,0.0,0.5,0.0,1
0.0,2.0,3.0,4.0,0.6666667,0.24051838,0.53689677,0.22222,0.30164328,0.0,0.0,0.5,0.0,1
0.23529412,1.0,3.0,4.0,0.6666667,0.37441593,0.55,0.48585102,0.4681743,0.0,0.0,0.5,0.0,1
0.24566011,2.0,3.0,4.0,0.8333333,0.28143513,0.61321664,0.2156945,0.32856336,0.0,0.0,0.5,0.0,1
0.04245421,1.0,3.0,4.0,0.8333333,0.32909542,0.60412914,0.14815,0.3086598,0.0,0.0,0.5,0.0,1
0.05882353,2.0,3.0,4.0,0.33333334,0.29601064,0.48642266,0.07407,0.23637463,0.0,0.0,0.5,0.0,1
0.15279727,1.0,3.0,4.0,0.6666667,0.32948372,0.6600612,0.63730586,0.5521225,0.0,0.0,0.5,0.0,1
0.17042658,2.0,3.0,4.0,0.5,0.27360433,0.5301374,0.2924942,0.34284723,0.0,0.0,0.5,0.0,1
0.16535062,2.0,3.0,4.0,0.5,0.24281883,0.615548,0.25926,0.33825964,0.0,0.0,0.5,0.0,1
0.11764706,2.0,3.0,4.0,0.5,0.28851742,0.5945754,0.17715295,0.30811945,0.0,0.0,0.5,0.0,1
0.1764706,2.0,3.0,4.0,0.5,0.2021868,0.617876,0.28036708,0.33679053,0.0,0.0,0.5,0.0,1
0.05882353,1.0,3.0,4.0,0.33333334,0.29981205,0.61483717,0.24420272,0.347768,0.0,0.0,0.5,0.0,1
0.4644545,1.1042733,3.0,5.0,0.570523,0.3373741,0.1925916,0.34189406,0.30543464,1.0,0.0,0.0,0.0,1
0.25980785,1.0,3.0,4.0,0.8333333,0.21051666,0.60209167,0.16975419,0.28346413,0.0,0.0,0.5,0.0,1
0.18035671,1.0,3.0,4.0,1.0,0.34595203,0.5649774,0.16544649,0.3125407,0.0,0.0,0.5,0.0,1
0.13766886,1.0,3.0,4.0,1.0,0.274769,0.6164907,0.19700874,0.31858087,0.0,0.0,0.5,0.0,1
0.0,2.0,3.0,4.0,0.16666667,0.39929146,0.7145785,0.7037,0.6167327,0.0,0.0,0.5,0.0,1
0.8920842,1.0,1.0,5.0,0.17779471,0.22707109,0.15165393,0.23726425,0.21412265,1.0,0.0,0.0,0.0,1
0.11764706,2.0,3.0,4.0,0.33333334,0.37589347,0.5284556,0.43932083,0.44164267,0.0,0.0,0.5,0.0,1
0.12784031,1.0,3.0,4.0,0.33333334,0.25979152,0.6370036,0.2656785,0.35131782,0.0,0.0,0.5,0.0,1
0.16882765,2.0,3.0,4.0,0.5,0.22278765,0.63474476,0.5829661,0.48921928,0.0,0.0,0.5,0.0,1
0.23529412,1.0,3.0,4.0,0.8333333,0.21852317,0.5141246,0.18519,0.2723909,0.0,0.0,0.5,0.0,1
0.06667365,2.0,3.0,4.0,0.8333333,0.29424584,0.5966637,0.4715952,0.44886583,0.0,0.0,0.5,0.0,1
0.34449306,1.0,3.0,4.0,1.0,0.35506928,0.54640955,0.17986609,0.31764027,0.0,0.0,0.5,0.0,1
0.12856473,1.0,3.0,4.0,0.5,0.22181195,0.45464,0.11454732,0.22612278,0.0,0.0,0.5,0.0,1
0.12770873,1.0,3.0,4.0,0.8333333,0.28785187,0.5971492,0.6423002,0.52742517,0.0,0.0,0.5,0.0,1
0.16075568,2.0,3.0,4.0,0.5,0.15816547,0.6605596,0.4287991,0.40373144,0.0,0.0,0.5,0.0,1
0.19090427,2.0,3.0,4.0,0.6666667,0.25538504,0.6872687,0.56464237,0.5025374,0.0,0.0,0.5,0.0,1
0.05882353,1.0,3.0,4.0,0.6666667,0.32588086,0.575,0.2639767,0.35536787,0.0,0.0,0.5,0.0,1
0.7279824,2.0,2.3248599,2.0,0.051807847,0.26374242,0.29306737,0.22615194,0.25295278,1.0,0.0,0.0,0.0,1
0.88235295,1.0,1.8839773,1.1160227,0.37032047,0.2631275,0.26501325,0.16041476,0.2152358,1.0,0.0,0.0,0.0,1
0.05633578,2.0,3.0,4.0,0.33333334,0.19630201,0.6228854,0.18675607,0.29218507,0.0,0.0,0.5,0.0,1
0.20968406,1.0,3.0,4.0,0.8333333,0.3706815,0.54676855,0.33333,0.39453933,0.0,0.0,0.5,0.0,1
0.11353947,2.0,3.0,4.0,0.5,0.28269804,0.5517457,0.33074424,0.36861676,0.0,0.0,0.5,0.0,1
0.0,1.0,3.0,4.0,0.6666667,0.31965473,0.5577876,0.33909902,0.38483894,0.0,0.0,0.5,0.0,1
0.11764706,2.0,3.0,4.0,0.6666667,0.22531971,0.4837924,0.18519,0.26724797,0.0,0.0,0.5,0.0,1
0.008183286,2.0,3.0,4.0,0.8333333,0.2616214,0.5569558,0.21706854,0.31014556,0.0,0.0,0.5,0.0,1
0.029909575,2.0,3.0,4.0,0.5,0.30865714,0.66271156,0.5737591,0.5167195,0.0,0.0,0.5,0.0,1
0.11764706,1.0,3.0,4.0,1.0,0.2740069,0.5031122,0.18519,0.28611228,0.0,0.0,0.5,0.0,1
0.0,1.0,3.0,4.0,0.6666667,0.251554,0.575,0.15492117,0.28218067,0.0,0.0,0.5,0.0,1
0.11764706,2.0,3.0,4.0,0.6666667,0.29416502,0.71107805,0.12752321,0.31384346,0.0,0.0,0.5,0.0,1
0.24291769,1.0,3.0,4.0,0.6666667,0.35165438,0.55,0.5233204,0.47910976,0.0,0.0,0.5,0.0,1
0.05882353,1.0,3.0,4.0,0.8333333,0.3219631,0.6419027,0.3834161,0.42616495,0.0,0.0,0.5,0.0,1
0.05882353,1.0,3.0,4.0,0.8333333,0.24844037,0.49859956,0.29837433,0.33080044,0.0,0.0,0.5,0.0,1
0.1334687,2.0,3.0,4.0,1.0,0.29831237,0.575,0.18519,0.31017625,0.0,0.0,0.5,0.0,1
0.1764706,2.0,3.0,4.0,0.38645974,0.35163024,0.28038347,0.27915907,0.3007622,1.0,0.0,0.0,0.0,1
0.15496117,1.0,3.0,4.0,0.5,0.25590593,0.5908585,0.5085681,0.45361733,0.0,0.0,0.5,0.0,1
0.058792133,1.0,3.0,3.0,0.16810675,0.29262015,0.25214127,0.25748283,0.2665605,1.0,0.0,0.0,0.0,1
0.12381224,1.0,3.0,4.0,0.33333334,0.41088372,0.5776202,0.3996458,0.444829,0.0,0.0,0.5,0.0,1
0.26478997,1.0,3.0,4.0,0.6666667,0.28965443,0.5625357,0.5370929,0.4703052,0.0,0.0,0.5,0.0,1
0.28060237,1.0,3.0,4.0,0.8333333,0.3174579,0.509628,0.430179,0.415722,0.0,0.0,0.5,0.0,1
0.007892932,2.0,3.0,4.0,0.33333334,0.24137373,0.6033545,0.52349,0.45930862,0.0,0.0,0.5,0.0,1
0.089648955,2.0,3.0,4.0,0.8333333,0.2197888,0.5631008,0.14815,0.26685566,0.0,0.0,0.5,0.0,1
0.05229544,2.0,3.0,4.0,0.5,0.23483041,0.64722556,0.2963,0.36079222,0.0,0.0,0.5,0.0,1
0.22960427,2.0,3.0,4.0,0.9492063,0.35366586,0.27690715,0.3289532,0.3239755,1.0,0.0,0.0,0.0,1
0.045340035,1.0,3.0,4.0,0.6666667,0.29792228,0.55,0.4274617,0.4181938,0.0,0.0,0.5,0.0,1
0.05882353,2.0,3.0,4.0,0.6666667,0.37941858,0.69971186,0.5556667,0.53771967,0.0,0.0,0.5,0.0,1
0.88235295,1.0,1.1410433,1.8589567,0.38517913,0.26715776,0.33462963,0.23876448,0.26967195,1.0,0.0,0.0,0.0,1
0.6361163,2.0,3.0,4.0,0.24595274,0.2876966,0.3041374,0.25084892,0.27422494,1.0,0.0,0.0,0.0,1
0.05882353,1.0,3.0,4.0,0.6666667,0.3127865,0.59739655,0.5887382,0.5096146,0.0,0.0,0.5,0.0,1
0.18637677,1.0,3.0,4.0,0.6666667,0.1922161,0.6292101,0.43528074,0.40942127,0.0,0.0,0.5,0.0,1
0.05882353,2.0,3.0,4.0,0.8333333,0.18725781,0.49602595,0.121494025,0.22896478,0.0,0.0,0.5,0.0,1
0.09581402,2.0,3.0,4.0,0.16666667,0.32586196,0.7564419,0.21268195,0.373912,0.0,0.0,0.5,0.0,1
0.05882353,2.0,3.0,4.0,0.5,0.29789898,0.5184881,0.22222,0.31418428,0.0,0.0,0.5,0.0,1
0.62453073,2.0,3.0,1.7304964,0.05981562,0.24902028,0.30327633,0.22068474,0.24845205,1.0,0.0,0.0,0.0,1
0.11764706,2.0,3.0,4.0,0.5,0.23198998,0.575,0.25926,0.32552746,0.0,0.0,0.5,0.0,1
0.0,2.0,3.0,4.0,0.8333333,0.43087617,0.6,0.3923155,0.45252544,0.0,0.0,0.5,0.0,1
0.044354297,1.0,3.0,3.0,0.21568735,0.31983,0.2635367,0.3138144,0.30375364,1.0,0.0,0.0,0.0,1
0.23318008,2.0,3.0,4.0,1.0,0.274396,0.5508985,0.2208892,0.31427607,0.0,0.0,0.5,0.0,1
0.18885478,1.0,3.0,4.0,0.6666667,0.26503846,0.42960507,0.45224202,0.3918518,0.0,0.0,0.5,0.0,1
0.05475337,1.0,3.0,4.0,0.8333333,0.24457586,0.54827017,0.18775222,0.28929454,0.0,0.0,0.5,0.0,1
0.323359,1.0,3.0,4.0,0.9790459,0.3167445,0.62185687,0.62963,0.5357741,0.0,0.0,0.5,0.0,1
0.0,1.0,3.0,4.0,0.6666667,0.27524233,0.6078629,0.21248469,0.32397088,0.0,0.0,0.5,0.0,1
0.98505396,1.0,1.0,3.0,0.6863304,0.36987138,0.26901504,0.30235717,0.31436908,1.0,0.0,0.0,0.0,1
0.06496455,2.0,3.0,4.0,0.6666667,0.2676217,0.75,0.22222,0.35975784,0.0,0.0,0.5,0.0,1
0.0,2.0,3.0,4.0,0.33333334,0.40775654,0.5658903,0.36864144,0.42655885,0.0,0.0,0.5,0.0,1
0.05882353,2.0,3.0,4.0,0.33333334,0.38641852,0.5734077,0.20252575,0.34387642,0.0,0.0,0.5,0.0,1
0.1269618,1.0,3.0,4.0,1.0,0.38456088,0.6526031,0.17932048,0.3510469,0.0,0.0,0.5,0.0,1
0.0050200787,1.0,3.0,4.0,0.5,0.34583658,0.6435994,0.48464105,0.48121604,0.0,0.0,0.5,0.0,1
0.28905803,2.0,3.0,4.0,0.37103286,0.36829212,0.35836846,0.21480775,0.29372922,1.0,0.0,0.0,0.0,1
0.11764706,2.0,3.0,4.0,0.8333333,0.29569033,0.574985,0.51852,0.4662652,0.0,0.0,0.5,0.0,1
0.79234874,1.1766906,3.0,5.0,0.9538947,0.23912542,0.2765377,0.16795564,0.21443664,1.0,0.0,0.0,0.0,1
0.11764706,2.0,3.0,4.0,0.6666667,0.37826526,0.54679847,0.50237167,0.47632352,0.0,0.0,0.5,0.0,1
0.026834957,2.0,3.0,4.0,0.5,0.26897347,0.625,0.20208287,0.3212627,0.0,0.0,0.5,0.0,1
0.11764706,1.0,3.0,4.0,0.5,0.2735098,0.5524967,0.5888919,0.4875705,0.0,0.0,0.5,0.0,1
0.018350327,1.0,3.0,4.0,0.6666667,0.25650477,0.49059775,0.14815,0.26059878,0.0,0.0,0.5,0.0,1
0.0,1.0,3.0,4.0,0.6666667,0.3702397,0.61209446,0.49164373,0.48427507,0.0,0.0,0.5,0.0,1
0.11764706,2.0,3.0,4.0,0.33333334,0.2814179,0.5977767,0.33662403,0.3818354,0.0,0.0,0.5,0.0,1
0.1954982,1.0,3.0,4.0,0.5,0.43272355,0.6371301,0.716779,0.6144885,0.0,0.0,0.5,0.0,1
0.23529412,2.0,3.0,4.0,0.5,0.34496686,0.5854692,0.43970045,0.4461372,0.0,0.0,0.5,0.0,1
0.11764706,1.0,3.0,4.0,0.8333333,0.18514316,0.5974423,0.07217576,0.22899567,0.0,0.0,0.5,0.0,1
0.0,1.0,3.0,4.0,0.6666667,0.35349905,0.5984289,0.2615874,0.3678823,0.0,0.0,0.5,0.0,1
0.2197765,2.0,3.0,4.0,0.33333334,0.39732742,0.61319,0.63940114,0.5620375,0.0,0.0,0.5,0.0,1
0.09822101,2.0,3.0,4.0,0.8333333,0.2690375,0.6332561,0.51852,0.4721342,0.0,0.0,0.5,0.0,1
0.053297993,1.0,3.0,4.0,0.6666667,0.30898792,0.57030326,0.55556,0.48650852,0.0,0.0,0.5,0.0,1
0.0,2.0,3.0,4.0,0.6666667,0.31821436,0.5066669,0.24938235,0.3301623,0.0,0.0,0.5,0.0,1
0.1764706,1.0,3.0,4.0,0.5,0.3679513,0.58875716,0.7138913,0.58269864,0.0,0.0,0.5,0.0,1
0.30851212,1.0,3.0,4.0,0.6666667,0.3072133,0.55305886,0.29176804,0.35779193,0.0,0.0,0.5,0.0,1
0.34804037,2.0,3.0,4.0,0.6736095,0.21822946,0.64895856,0.03704,0.23430723,0.0,0.0,0.5,0.0,1
0.0,1.0,3.0,4.0,0.8333333,0.40670937,0.54488236,0.37795228,0.42568967,0.0,0.0,0.5,0.0,1
0.044841707,2.0,3.0,4.0,0.8333333,0.2728707,0.65,0.5097159,0.47305942,0.0,0.0,0.5,0.0,1
0.45467728,1.0,1.0,5.0,0.6924342,0.3692182,0.23064701,0.26453963,0.2873527,1.0,0.0,0.0,0.0,1
0.0,1.0,3.0,4.0,0.21120878,0.34886307,0.63836265,0.5999356,0.5351333,0.0,0.0,0.5,0.0,1
0.10471733,2.0,3.0,3.0,0.5880149,0.4022329,0.30743885,0.26368022,0.31472716,1.0,0.0,0.0,0.0,1
0.015472737,1.0,3.0,4.0,0.18858638,0.331011,0.63157594,0.6198885,0.5376759,0.0,0.0,0.5,0.0,1
0.23529412,1.0,3.0,4.0,0.5,0.30667576,0.5428565,0.21692951,0.32001677,0.0,0.0,0.5,0.0,1
0.033844437,2.0,3.0,4.0,0.8333333,0.31205162,0.6356161,0.52410233,0.48797482,0.0,0.0,0.5,0.0,1
0.06331676,1.0,3.0,4.0,0.5,0.28616786,0.6711808,0.48148,0.4686743,0.0,0.0,0.5,0.0,1
0.04500945,1.0,3.0,4.0,0.5,0.33366156,0.669129,0.46730924,0.47548756,0.0,0.0,0.5,0.0,1
0.021631392,2.0,3.0,4.0,0.5,0.22005044,0.59742,0.2963,0.34472778,0.0,0.0,0.5,0.0,1
0.23529412,2.0,3.0,4.0,0.8333333,0.19108833,0.58408695,0.067340195,0.22532412,0.0,0.0,0.5,0.0,1
0.42220813,2.0,3.0,4.0,0.3318362,0.3384429,0.33707803,0.23429486,0.28911093,1.0,0.0,0.0,0.0,1
0.98046476,1.0,1.0,3.6679006,0.35936543,0.3014436,0.27530733,0.22737157,0.26043645,1.0,0.0,0.0,0.0,1
0.0201061,1.0,3.0,3.0,0.36594918,0.25753087,0.24614844,0.27667463,0.26386148,1.0,0.0,0.0,0.0,1
0.07417491,1.0,3.0,4.0,0.6666667,0.3129093,0.63804865,0.64896035,0.5475559,0.0,0.0,0.5,0.0,1
0.18960373,1.0,3.0,4.0,0.3705439,0.38474238,0.4361632,0.7119697,0.55083066,0.0,0.0,0.5,0.0,1
0.1764706,1.0,3.0,4.0,1.0,0.24363384,0.5731395,0.13488449,0.26998773,0.0,0.0,0.5,0.0,1
0.21003821,1.0,3.0,4.0,0.8333333,0.2909676,0.5214675,0.44444,0.41742846,0.0,0.0,0.5,0.0,1
0.11764706,2.0,3.0,4.0,0.6666667,0.18915017,0.4784046,0.21718138,0.27039826,0.0,0.0,0.5,0.0,1
0.4910571,1.0,3.0,4.0,0.6666667,0.31804657,0.6163007,0.08655221,0.27928743,0.0,0.0,0.5,0.0,1
0.026565762,1.0,3.0,4.0,0.8333333,0.29949245,0.5185477,0.51493585,0.45241773,0.0,0.0,0.5,0.0,1
0.29411766,2.0,3.0,4.0,0.6666667,0.27675956,0.61896276,0.2637324,0.35114798,0.0,0.0,0.5,0.0,1
0.0,1.0,3.0,4.0,0.8333333,0.24739711,0.58377904,0.17217979,0.29115173,0.0,0.0,0.5,0.0,1
0.1764706,1.0,3.0,4.0,0.6666667,0.31343272,0.5773482,0.31655404,0.37699956,0.0,0.0,0.5,0.0,1
0.12766099,1.0,3.0,4.0,0.8333333,0.1793944,0.5207441,0.14184442,0.242038,0.0,0.0,0.5,0.0,1
0.15330274,2.0,3.0,4.0,0.6666667,0.27071145,0.5401537,0.22222,0.31129202,0.0,0.0,0.5,0.0,1
0.05882353,2.0,3.0,4.0,0.5,0.25045493,0.525,0.084853984,0.23712945,0.0,0.0,0.5,0.0,1
0.0,2.0,3.0,4.0,0.5,0.350733,0.5698226,0.3997392,0.42534134,0.0,0.0,0.5,0.0,1
0.11764706,1.0,3.0,4.0,1.0,0.3046719,0.525,0.15379222,0.28550908,0.0,0.0,0.5,0.0,1
0.052909132,1.0,3.0,4.0,0.33333334,0.3114383,0.62248635,0.25926,0.3600754,0.0,0.0,0.5,0.0,1
0.08354534,1.0,3.0,4.0,0.71497744,0.27927035,0.6532602,0.7037,0.5669995,0.0,0.0,0.5,0.0,1
0.06987439,1.0,3.0,4.0,0.51043695,0.3214163,0.5187378,0.7106579,0.551017,0.0,0.0,0.5,0.0,1
0.0,2.0,3.0,4.0,0.33333334,0.32230908,0.6051646,0.029384175,0.25101772,0.0,0.0,0.5,0.0,1
0.027847111,2.0,3.0,4.0,0.6666667,0.20599695,0.56183505,0.20468996,0.28910497,0.0,0.0,0.5,0.0,1
0.17295785,1.0,3.0,4.0,0.5,0.33520246,0.5735071,0.6970649,0.5615614,0.0,0.0,0.5,0.0,1
0.1764706,1.0,3.0,4.0,0.8333333,0.23009132,0.5585821,0.13598762,0.26309642,0.0,0.0,0.5,0.0,1
0.0,2.0,3.0,4.0,0.8333333,0.3713512,0.525,0.2161358,0.3344609,0.0,0.0,0.5,0.0,1
0.17589465,1.0,3.0,4.0,0.8333333,0.19702506,0.5497552,0.14778733,0.2568532,0.0,0.0,0.5,0.0,1
0.20715779,2.0,3.0,4.0,0.6666667,0.25565052,0.725,0.6014484,0.52881396,0.0,0.0,0.5,0.0,1
0.32172135,1.0,3.0,4.0,0.8333333,0.31572086,0.57346314,0.12621447,0.28718182,0.0,0.0,0.5,0.0,1
0.0,1.0,3.0,4.0,0.8333333,0.26425725,0.6261782,0.14815,0.2947759,0.0,0.0,0.5,0.0,1
0.4117647,1.0,3.0,4.0,1.0,0.27546084,0.59277046,0.35720566,0.3885911,0.0,0.0,0.5,0.0,1
0.033017267,2.0,3.0,3.0,0.368,0.33309913,0.30851042,0.23175201,0.2796208,1.0,0.0,0.0,0.0,1
0.13076894,2.0,3.0,4.0,0.5,0.2675371,0.475,0.19345036,0.28148416,0.0,0.0,0.5,0.0,1
0.012057718,1.0,3.0,4.0,0.8333333,0.23440737,0.6096264,0.1557425,0.28567722,0.0,0.0,0.5,0.0,1
0.23529412,2.0,3.0,4.0,1.0,0.239,0.60243726,0.12127277,0.26911148,0.0,0.0,0.5,0.0,1
0.036454976,2.0,3.0,4.0,0.8967109,0.4197355,0.6799336,0.71778506,0.62122124,0.0,0.0,0.5,0.0,1
0.05882353,1.0,3.0,4.0,0.8333333,0.2515595,0.54480374,0.07022166,0.23522027,0.0,0.0,0.5,0.0,1
0.008988562,2.0,3.0,4.0,0.8333333,0.25505757,0.575,0.32767162,0.3645128,0.0,0.0,0.5,0.0,1
0.21675606,2.0,3.0,4.0,0.6666667,0.19525869,0.625,0.1344561,0.2677635,0.0,0.0,0.5,0.0,1
0.1764706,1.0,3.0,4.0,1.0,0.3626168,0.6,0.12134183,0.30493215,0.0,0.0,0.5,0.0,1
0.17539138,1.0,3.0,4.0,0.6666667,0.22299781,0.62729335,0.037719376,0.23093113,0.0,0.0,0.5,0.0,1
0.23529412,2.0,3.0,4.0,1.0,0.2302304,0.6222735,0.1286201,0.27465767,0.0,0.0,0.5,0.0,1
0.05882353,1.0,3.0,4.0,0.8333333,0.33503956,0.5023395,0.22222,0.32131293,0.0,0.0,0.5,0.0,1
0.23529412,1.0,3.0,4.0,1.0,0.28035775,0.50409704,0.42623118,0.4016531,0.0,0.0,0.5,0.0,1
0.23950255,2.0,3.0,4.0,0.9087197,0.22853321,0.1788225,0.18765783,0.1976011,1.0,0.0,0.0,0.0,1
0.3417565,2.0,3.0,4.0,0.99923944,0.30749094,0.16865537,0.24508297,0.2454553,1.0,0.0,0.0,0.0,1
0.4117647,2.0,3.0,4.0,0.6578992,0.44226947,0.63026047,0.44833696,0.48936018,0.0,0.0,0.5,0.0,1
0.11764706,2.0,3.0,4.0,0.8333333,0.3305836,0.525,0.2101768,0.31966487,0.0,0.0,0.5,0.0,1
0.24558492,2.0,3.0,4.0,1.0,0.39978406,0.71812457,0.2425934,0.40071514,0.0,0.0,0.5,0.0,1
0.090518415,1.0,3.0,4.0,0.16666667,0.1908925,0.54805934,0.18231012,0.27089185,0.0,0.0,0.5,0.0,1
0.121213466,1.0,3.0,4.0,1.0,0.2613558,0.60303146,0.3726157,0.39410597,0.0,0.0,0.5,0.0,1
0.04058822,2.0,3.0,4.0,0.5,0.28313363,0.53275,0.2477776,0.3252321,0.0,0.0,0.5,0.0,1
0.040593915,2.0,3.0,4.0,0.8333333,0.3199283,0.54824275,0.13667117,0.2874135,0.0,0.0,0.5,0.0,1
0.17238864,1.0,3.0,4.0,1.0,0.25524542,0.6017349,0.25668967,0.3374481,0.0,0.0,0.5,0.0,1
0.26518017,2.0,3.0,4.0,0.16666667,0.38806972,0.6,0.27787954,0.3860797,0.0,0.0,0.5,0.0,1
0.16292642,1.0,3.0,4.0,0.33333334,0.37347344,0.5980251,0.52704847,0.49857727,0.0,0.0,0.5,0.0,1
0.23267272,1.0,3.0,4.0,0.8333333,0.21772629,0.52611405,0.14815,0.25754595,0.0,0.0,0.5,0.0,1
0.21084458,1.0,3.0,4.0,0.5,0.3273856,0.53117317,0.15439923,0.29392573,0.0,0.0,0.5,0.0,1
0.21753432,1.0,3.0,4.0,0.33333334,0.20908958,0.60990417,0.32215002,0.35660443,0.0,0.0,0.5,0.0,1
0.1317007,2.0,3.0,4.0,0.5,0.19068946,0.5809728,0.2769562,0.3231145,0.0,0.0,0.5,0.0,1
0.11764706,2.0,3.0,4.0,0.6666667,0.32975173,0.6604268,0.17206793,0.3333504,0.0,0.0,0.5,0.0,1
0.0,2.0,3.0,4.0,1.0,0.3230259,0.575,0.2554877,0.35052893,0.0,0.0,0.5,0.0,1
0.056606483,2.0,3.0,4.0,0.16666667,0.27561155,0.55282676,0.33472604,0.36866108,0.0,0.0,0.5,0.0,1
0.25759363,2.0,3.0,4.0,1.0,0.2457617,0.675,0.14815,0.30082205,0.0,0.0,0.5,0.0,1
0.1764706,2.0,3.0,4.0,0.33333334,0.41666102,0.628567,0.40741,0.46216163,0.0,0.0,0.5,0.0,1
0.0,1.0,3.0,4.0,0.6666667,0.17434433,0.475,0.14815,0.23276436,0.0,0.0,0.5,0.0,1
0.23529412,1.0,3.0,4.0,0.5,0.31093907,0.5910145,0.24247569,0.34462458,0.0,0.0,0.5,0.0,1
0.021212699,1.0,3.0,4.0,0.5,0.30377874,0.575,0.646636,0.5289401,0.0,0.0,0.5,0.0,1
0.18134142,2.0,3.0,4.0,1.0,0.28945073,0.6729299,0.5154529,0.48603755,0.0,0.0,0.5,0.0,1
0.16930889,2.0,3.0,4.0,0.5,0.20408227,0.5530437,0.14815,0.2598684,0.0,0.0,0.5,0.0,1
0.10164254,2.0,3.0,4.0,0.33333334,0.3436193,0.6147971,0.48148,0.47230268,0.0,0.0,0.5,0.0,1
0.268,1.0,3.0,4.0,0.33333334,0.31333694,0.68983334,0.37037,0.42876402,0.0,0.0,0.5,0.0,1
0.10560878,1.0,3.0,4.0,0.16666667,0.26175433,0.52244186,0.29250985,0.33756772,0.0,0.0,0.5,0.0,1
0.21478248,1.0,3.0,4.0,0.8333333,0.27355176,0.53314126,0.099047884,0.25251082,0.0,0.0,0.5,0.0,1
0.0,2.0,3.0,4.0,0.16666667,0.30412647,0.625,0.33840445,0.39575705,0.0,0.0,0.5,0.0,1
0.5273453,2.0,1.0,2.9949813,0.19752824,0.41461653,0.35104144,0.3432091,0.36605418,1.0,0.0,0.0,0.0,1
0.05882353,1.0,3.0,4.0,0.6666667,0.19415425,0.49863836,0.14815,0.24415085,0.0,0.0,0.5,0.0,1
0.11764706,2.0,3.0,4.0,0.33333334,0.37222064,0.5445929,0.41541505,0.43310928,0.0,0.0,0.5,0.0,1
0.0,1.0,3.0,4.0,0.27651897,0.3036607,0.5920443,0.09848358,0.27496293,0.0,0.0,0.5,0.0,1
0.22888863,2.0,3.0,4.0,0.5,0.11823201,0.64455533,0.43234086,0.389888,0.0,0.0,0.5,0.0,1
0.0,2.0,3.0,4.0,0.8333333,0.30930296,0.5022596,0.33333,0.3660102,0.0,0.0,0.5,0.0,1
0.6468513,1.0,3.0,4.0,0.7513438,0.26043233,0.3520177,0.24161877,0.2731284,1.0,0.0,0.0,0.0,1
0.14156906,1.0,3.0,4.0,0.33333334,0.24123424,0.5906674,0.5103704,0.45010334,0.0,0.0,0.5,0.0,1
0.24082117,2.0,3.0,4.0,0.33333334,0.24970616,0.575,0.003479807,0.21037142,0.0,0.0,0.5,0.0,1
0.05882353,2.0,3.0,4.0,0.5,0.26311404,0.675,0.38805512,0.41882488,0.0,0.0,0.5,0.0,1
0.18935986,2.0,3.0,4.0,0.6666667,0.3531366,0.72808826,0.41552392,0.47071952,0.0,0.0,0.5,0.0,1
0.45324606,1.0,3.0,4.0,0.1969373,0.27444437,0.23932844,0.25446537,0.2567799,1.0,0.0,0.0,0.0,1
0.112905145,2.0,3.0,4.0,0.6666667,0.17862333,0.56895405,0.10215314,0.23447804,0.0,0.0,0.5,0.0,1
0.16611204,1.0,3.0,4.0,0.5,0.2440087,0.525,0.3028208,0.33779514,0.0,0.0,0.5,0.0,1
0.11764706,2.0,3.0,4.0,0.8333333,0.31910276,0.51965106,0.16934007,0.2958113,0.0,0.0,0.5,0.0,1
0.17570415,2.0,3.0,4.0,0.6666667,0.35346964,0.75,0.4078925,0.4723817,0.0,0.0,0.5,0.0,1
0.17563589,2.0,3.0,4.0,0.6666667,0.29834968,0.52393574,0.112161204,0.2638146,0.0,0.0,0.5,0.0,1
0.107611276,1.0,3.0,4.0,0.6666667,0.24683991,0.5579392,0.44444,0.41303074,0.0,0.0,0.5,0.0,1
0.11764706,2.0,3.0,4.0,0.6666667,0.3262202,0.5200908,0.101187825,0.26593974,0.0,0.0,0.5,0.0,1
0.1594166,2.0,3.0,4.0,0.33333334,0.43285537,0.64112395,0.44444,0.48731315,0.0,0.0,0.5,0.0,1
0.23529412,1.0,3.0,4.0,0.8333333,0.19753815,0.5575422,0.18519,0.27642852,0.0,0.0,0.5,0.0,1
0.05882353,2.0,3.0,4.0,0.8333333,0.40711537,0.51511985,0.34796843,0.4046921,0.0,0.0,0.5,0.0,1
0.40899393,2.0,3.0,4.0,0.33333334,0.34669372,0.69411206,0.112854704,0.3183924,0.0,0.0,0.5,0.0,1
0.11764706,1.0,3.0,4.0,1.0,0.22275758,0.575,0.33333,0.35766882,0.0,0.0,0.5,0.0,1
0.23529412,2.0,3.0,4.0,0.6666667,0.23405159,0.58036035,0.45898908,0.42139202,0.0,0.0,0.5,0.0,1
0.1678954,1.0,3.0,4.0,0.33333334,0.33620918,0.65364444,0.2646596,0.37722868,0.0,0.0,0.5,0.0,1
0.29411766,1.0,3.0,4.0,0.5,0.29322505,0.5659634,0.41581252,0.41508773,0.0,0.0,0.5,0.0,1
0.3670588,2.0,1.0,3.0,0.22795999,0.40527242,0.32238188,0.39445922,0.38068023,1.0,0.0,0.0,0.0,1
0.28046826,1.0,3.0,4.0,0.20533998,0.2597482,0.561602,0.16533719,0.2863433,0.0,0.0,0.5,0.0,1
0.1764706,2.0,3.0,4.0,0.5,0.280321,0.61145586,0.25926,0.34832752,0.0,0.0,0.5,0.0,1
0.23529412,2.0,3.0,4.0,0.33333334,0.2816051,0.66406745,0.47338116,0.46184698,0.0,0.0,0.5,0.0,1
0.0023430714,1.0,3.0,3.0,0.35995388,0.28795922,0.21349701,0.27575308,0.26469463,1.0,0.0,0.0,0.0,1
0.05882353,1.0,3.0,4.0,0.8333333,0.32289255,0.65455264,0.33333,0.40584773,0.0,0.0,0.5,0.0,1
0.11764706,2.0,3.0,4.0,0.5,0.29157558,0.6677604,0.4337152,0.44698188,0.0,0.0,0.5,0.0,1
0.15312143,1.0,3.0,4.0,0.33333334,0.37509027,0.6146936,0.5332225,0.50587976,0.0,0.0,0.5,0.0,1
0.18615249,1.0,3.0,4.0,0.33333334,0.22638427,0.5876556,0.22222,0.3094307,0.0,0.0,0.5,0.0,1
0.22261299,1.0,3.0,4.0,0.33333334,0.1770389,0.6,0.22222,0.29782572,0.0,0.0,0.5,0.0,1
0.15429497,1.0,3.0,4.0,0.6666667,0.28687868,0.46269855,0.33333,0.3501107,0.0,0.0,0.5,0.0,1
0.23529412,1.0,3.0,4.0,0.5,0.33039576,0.5362002,0.18133408,0.3086729,0.0,0.0,0.5,0.0,1
0.011485111,2.0,3.0,4.0,0.33333334,0.2620657,0.69023764,0.15538195,0.3126045,0.0,0.0,0.5,0.0,1
0.11222862,1.0,3.0,4.0,0.33333334,0.3826717,0.675,0.55385405,0.5320066,0.0,0.0,0.5,0.0,1
0.1764706,1.0,3.0,4.0,1.0,0.31368336,0.6095961,0.43733317,0.44149837,0.0,0.0,0.5,0.0,1
0.1764706,1.0,3.0,4.0,0.8333333,0.36132616,0.5927888,0.08724795,0.2868154,0.0,0.0,0.5,0.0,1
0.030275507,2.0,3.0,4.0,0.6666667,0.31027052,0.7,0.5915074,0.5343146,0.0,0.0,0.5,0.0,1
0.1877485,2.0,3.0,4.0,0.33333334,0.35924542,0.6212413,0.22932148,0.3597499,0.0,0.0,0.5,0.0,1
0.32307988,1.0,3.0,4.0,0.8333333,0.28762326,0.6932724,0.33333,0.40457577,0.0,0.0,0.5,0.0,1
0.23529412,2.0,3.0,4.0,0.6666667,0.41378105,0.6,0.13842167,0.32801938,0.0,0.0,0.5,0.0,1
0.18791007,2.0,3.0,4.0,0.6666667,0.25702178,0.68472356,0.56275725,0.5015329,0.0,0.0,0.5,0.0,1
0.17027311,1.0,3.0,4.0,0.6666667,0.27094686,0.525,0.36646757,0.37567645,0.0,0.0,0.5,0.0,1
0.11764706,1.0,3.0,4.0,1.0,0.2555608,0.5750111,0.3333464,0.36733055,0.0,0.0,0.5,0.0,1
0.1764706,1.0,3.0,4.0,0.5,0.3586127,0.5774654,0.122067325,0.29879016,0.0,0.0,0.5,0.0,1
0.0,2.0,3.0,4.0,0.5,0.2201429,0.6038452,0.15384701,0.27922374,0.0,0.0,0.5,0.0,1
0.1764706,1.0,3.0,4.0,0.33168107,0.37578493,0.5997522,0.3340644,0.40884992,0.0,0.0,0.5,0.0,1
0.056167472,1.0,3.0,4.0,0.6666667,0.30428448,0.5977424,0.36869752,0.40364447,0.0,0.0,0.5,0.0,1
0.20556913,2.0,3.0,4.0,1.0,0.28770787,0.6,0.3146178,0.3738551,0.0,0.0,0.5,0.0,1
0.0,2.0,3.0,4.0,0.6666667,0.230146,0.537818,0.22222,0.29880744,0.0,0.0,0.5,0.0,1
0.20479703,1.0,3.0,4.0,0.33333334,0.307146,0.5509225,0.22222,0.3245412,0.0,0.0,0.5,0.0,1
0.0,1.0,3.0,4.0,0.6666667,0.2550748,0.475,0.10764414,0.23744598,0.0,0.0,0.5,0.0,1
0.0,2.0,3.0,4.0,0.18178695,0.31904188,0.5545361,0.14815,0.29403213,0.0,0.0,0.5,0.0,1
0.05882353,1.0,3.0,4.0,0.16666667,0.27699032,0.42581546,0.1815655,0.26710272,0.0,0.0,0.5,0.0,1
0.05542924,1.0,3.0,4.0,0.8333333,0.29469472,0.5043277,0.004274056,0.20734906,0.0,0.0,0.5,0.0,1
0.09150792,2.0,3.0,4.0,0.8333333,0.22097073,0.5638909,0.14815,0.26738912,0.0,0.0,0.5,0.0,1
0.16026188,1.0,3.0,4.0,0.6666667,0.311141,0.5431113,0.30650353,0.36353534,0.0,0.0,0.5,0.0,1
0.0,1.0,3.0,4.0,0.16666667,0.3057381,0.622245,0.23621966,0.34749362,0.0,0.0,0.5,0.0,1
0.058378957,1.0,3.0,4.0,0.5,0.32651505,0.4753779,0.37009007,0.38204512,0.0,0.0,0.5,0.0,1
0.23529412,2.0,3.0,4.0,0.6666667,0.23691002,0.7193161,0.37879118,0.4171831,0.0,0.0,0.5,0.0,1
0.56217366,1.0,1.0,3.0,0.23744304,0.3732584,0.32791308,0.29547146,0.32598332,1.0,0.0,0.0,0.0,1
0.1764706,1.0,3.0,4.0,1.0,0.31886405,0.62921983,0.42279983,0.44079977,0.0,0.0,0.5,0.0,1
0.23529412,1.0,3.0,4.0,0.6666667,0.3667823,0.65590894,0.41872257,0.45925832,0.0,0.0,0.5,0.0,1
0.1822214,1.0,3.0,4.0,1.0,0.2708306,0.6,0.14815,0.2905505,0.0,0.0,0.5,0.0,1
0.051609155,2.0,3.0,4.0,0.5,0.39204434,0.50613225,0.46785298,0.45456254,0.0,0.0,0.5,0.0,1
0.23077157,1.0,3.0,3.0,0.21456484,0.24689813,0.20734133,0.2361064,0.23251219,1.0,0.0,0.0,0.0,1
0.34970364,1.0,3.0,4.0,0.8333333,0.31501448,0.524312,0.40842903,0.40822142,0.0,0.0,0.5,0.0,1
0.009422579,1.0,3.0,4.0,1.0,0.18825842,0.625,0.1540832,0.2749399,0.0,0.0,0.5,0.0,1
0.1322487,1.0,3.0,4.0,0.6666667,0.31834424,0.6312057,0.20383377,0.33807114,0.0,0.0,0.5,0.0,1
0.86890036,2.0,1.2286944,1.2286944,0.11319312,0.30632576,0.21771437,0.2096226,0.23996866,1.0,0.0,0.0,0.0,1
0.15104933,2.0,1.0,1.95632,0.10496096,0.36218208,0.1976638,0.24615026,0.26886868,1.0,0.0,0.0,0.0,1
0.89978564,1.0,1.0,2.1481779,0.43423152,0.28338766,0.33651093,0.26116505,0.28542954,1.0,0.0,0.0,0.0,1
0.03770001,1.0,3.0,4.0,0.8333333,0.2664152,0.42596623,0.18519,0.26573145,0.0,0.0,0.5,0.0,1
0.18969943,2.0,3.0,4.0,0.8333333,0.3376506,0.61375546,0.23054993,0.35221472,0.0,0.0,0.5,0.0,1
0.14302239,2.0,3.0,4.0,0.33333334,0.28599453,0.62156904,0.31735596,0.3797114,0.0,0.0,0.5,0.0,1
0.042303525,2.0,3.0,4.0,0.33333334,0.3107166,0.521063,0.07407,0.248851,0.0,0.0,0.5,0.0,1
0.0,2.0,3.0,4.0,0.5,0.2106772,0.6031662,0.44913545,0.41524628,0.0,0.0,0.5,0.0,1
0.21014695,2.0,3.0,4.0,0.16666667,0.35582536,0.6572498,0.49731466,0.49333206,0.0,0.0,0.5,0.0,1
0.21609774,2.0,3.0,4.0,0.6666667,0.37634033,0.5755246,0.11111,0.29839748,0.0,0.0,0.5,0.0,1
0.0,2.0,3.0,4.0,0.5,0.3523874,0.60400856,0.265199,0.37056148,0.0,0.0,0.5,0.0,1
0.0672832,1.0,3.0,4.0,0.5,0.32482055,0.475,0.37037,0.38158983,0.0,0.0,0.5,0.0,1
0.067046724,2.0,3.0,4.0,0.33333334,0.23423941,0.62150514,0.18519,0.30227616,0.0,0.0,0.5,0.0,1
0.18213192,1.0,3.0,4.0,0.4839596,0.42743602,0.6177818,0.74430484,0.6213336,0.0,0.0,0.5,0.0,1
0.12671474,2.0,3.0,4.0,0.6666667,0.36600655,0.5615613,0.22792974,0.34703967,0.0,0.0,0.5,0.0,1
0.0,1.0,3.0,4.0,0.33333334,0.2913388,0.47511774,0.12596089,0.25676,0.0,0.0,0.5,0.0,1
0.43963432,1.2368916,1.0,3.0,0.25610864,0.3867172,0.37893495,0.29848826,0.3433666,1.0,0.0,0.0,0.0,1
0.22489181,2.0,3.0,4.0,0.5,0.31786773,0.695579,0.28319976,0.39042786,0.0,0.0,0.5,0.0,1
0.06535956,2.0,3.0,4.0,0.5,0.26537782,0.63333344,0.21810551,0.3297089,0.0,0.0,0.5,0.0,1
0.20850034,1.0,3.0,4.0,0.8333333,0.30046937,0.5522253,0.2963,0.3577454,0.0,0.0,0.5,0.0,1
0.223267,1.0,3.0,4.0,0.8333333,0.18332583,0.51022303,0.17761678,0.25755507,0.0,0.0,0.5,0.0,1
0.07384171,2.0,3.0,4.0,0.6666667,0.3292866,0.5558518,0.11111,0.27992192,0.0,0.0,0.5,0.0,1
0.100253254,1.0,3.0,4.0,0.6666667,0.32643673,0.5397847,0.33333,0.37987897,0.0,0.0,0.5,0.0,1
0.05882353,1.0,3.0,4.0,0.5,0.35081723,0.5,0.27430555,0.34991306,0.0,0.0,0.5,0.0,1
0.0019299779,2.0,3.0,4.0,0.16666667,0.39697894,0.6766405,0.15179548,0.34740186,0.0,0.0,0.5,0.0,1
0.13905632,2.0,3.0,4.0,0.5,0.32526174,0.56590104,0.134669,0.29218912,0.0,0.0,0.5,0.0,1
0.080256134,2.0,3.0,4.0,0.33333334,0.34990472,0.625,0.48148,0.4765495,0.0,0.0,0.5,0.0,1
0.31820685,1.0,3.0,4.0,0.8333333,0.24541739,0.48976207,0.095941514,0.23257223,0.0,0.0,0.5,0.0,1
0.34585276,2.0,1.0,4.0,0.27547833,0.2875964,0.24706918,0.25387287,0.26219067,1.0,0.0,0.0,0.0,1
0.09058809,1.0,3.0,4.0,0.16666667,0.21649647,0.47899976,0.16518849,0.25411507,0.0,0.0,0.5,0.0,1
0.0055913557,1.0,3.0,4.0,0.6666667,0.40786636,0.642871,0.2663006,0.39654332,0.0,0.0,0.5,0.0,1
0.29411766,2.0,3.0,4.0,0.8333333,0.2801325,0.612994,0.27704984,0.3570043,0.0,0.0,0.5,0.0,1
0.005604854,1.0,3.0,4.0,0.5,0.26806626,0.651191,0.11111,0.28435314,0.0,0.0,0.5,0.0,1
0.016073575,2.0,3.0,4.0,0.33333334,0.22294421,0.6613375,0.21210153,0.32099393,0.0,0.0,0.5,0.0,1
0.18977022,1.0,3.0,4.0,0.6666667,0.19717318,0.63065237,0.23413871,0.31656575,0.0,0.0,0.5,0.0,1
0.15572926,2.0,3.0,4.0,0.5,0.23443161,0.475,0.1612104,0.2565753,0.0,0.0,0.5,0.0,1
0.10734046,2.0,3.0,4.0,0.33333334,0.29108098,0.6043803,0.49445972,0.46050322,0.0,0.0,0.5,0.0,1
0.3226083,1.0,3.0,4.0,0.33333334,0.30114305,0.6468681,0.38947,0.4240545,0.0,0.0,0.5,0.0,1
0.03157096,2.0,3.0,4.0,0.33333334,0.30331472,0.534747,0.10839079,0.26604173,0.0,0.0,0.5,0.0,1
0.2887761,1.0,3.0,4.0,0.5,0.37803194,0.6965947,0.5993165,0.5571249,0.0,0.0,0.5,0.0,1
0.11764706,2.0,3.0,4.0,0.6666667,0.32225236,0.7427493,0.7348122,0.6153385,0.0,0.0,0.5,0.0,1
0.0,2.0,3.0,4.0,0.6666667,0.2955235,0.6465505,0.2963,0.3784781,0.0,0.0,0.5,0.0,1
0.0,2.0,3.0,4.0,0.6666667,0.19142246,0.5652044,0.34784317,0.3529794,0.0,0.0,0.5,0.0,1
0.0,1.0,3.0,4.0,0.5,0.3276847,0.6589975,0.20543432,0.3481079,0.0,0.0,0.5,0.0,1
0.031295393,1.0,3.0,4.0,0.8333333,0.38720286,0.525,0.36799783,0.4105906,0.0,0.0,0.5,0.0,1
0.024092289,2.0,3.0,4.0,0.33333334,0.36396432,0.5795216,0.20705366,0.3408428,0.0,0.0,0.5,0.0,1
0.1800783,1.0,3.0,4.0,0.6666667,0.26546788,0.5280665,0.3680983,0.37555453,0.0,0.0,0.5,0.0,1
0.021304486,2.0,3.0,4.0,0.5,0.25393045,0.6590544,0.6934964,0.5561088,0.0,0.0,0.5,0.0,1
0.091396675,2.0,3.0,3.0,0.3336679,0.30298,0.26612243,0.25444472,0.2714675,1.0,0.0,0.0,0.0,1
0.047025867,2.0,3.0,4.0,0.5,0.39434052,0.510028,0.45919576,0.45208013,0.0,0.0,0.5,0.0,1
0.09369666,2.0,3.0,4.0,0.16666667,0.32506293,0.7546421,0.17764947,0.3567662,0.0,0.0,0.5,0.0,1
0.058229964,2.0,3.0,4.0,0.6666667,0.19138883,0.5994955,0.18556367,0.2846668,0.0,0.0,0.5,0.0,1
0.02573423,1.0,3.0,4.0,0.6666667,0.36071283,0.660937,0.4398143,0.46857667,0.0,0.0,0.5,0.0,1
0.12454504,1.0,3.0,4.0,0.6666667,0.32106888,0.5308633,0.18084648,0.3044408,0.0,0.0,0.5,0.0,1
0.13901804,2.0,1.0,2.0519009,0.10887869,0.3670405,0.20553735,0.25298613,0.2753671,1.0,0.0,0.0,0.0,1
0.011242277,2.0,3.0,4.0,0.5,0.30393755,0.61544406,0.2963,0.3736327,0.0,0.0,0.5,0.0,1
0.1764706,1.0,3.0,4.0,0.8333333,0.31729308,0.60775214,0.44444,0.44547465,0.0,0.0,0.5,0.0,1
0.015780898,1.0,3.0,4.0,0.8333333,0.32859132,0.5682931,0.32339576,0.38255003,0.0,0.0,0.5,0.0,1
0.11764706,2.0,3.0,4.0,0.8333333,0.2635597,0.6089841,0.54224914,0.47598398,0.0,0.0,0.5,0.0,1
0.03435624,1.0,3.0,4.0,0.16666667,0.29816127,0.501993,0.08947656,0.24791633,0.0,0.0,0.5,0.0,1
0.044651113,2.0,3.0,4.0,0.5,0.2301118,0.6439767,0.2963,0.3586402,0.0,0.0,0.5,0.0,1
0.11764706,2.0,3.0,4.0,1.0,0.2691851,0.5945184,0.18519,0.30620393,0.0,0.0,0.5,0.0,1
0.21694838,1.0,3.0,3.0,0.21100996,0.25260895,0.212557,0.24004745,0.23727366,1.0,0.0,0.0,0.0,1
0.6951781,1.8180268,1.0,5.0,0.25841513,0.3524678,0.28176323,0.29279304,0.30774918,1.0,0.0,0.0,0.0,1
0.36781257,2.0,3.0,4.0,0.33333334,0.28283912,0.6066017,0.13878578,0.29122916,0.0,0.0,0.5,0.0,1
0.34201857,1.2714386,1.0,5.0,0.87468743,0.35025987,0.20846766,0.27459756,0.28129122,1.0,0.0,0.0,0.0,1
0.11027315,2.0,3.0,4.0,0.5,0.28281575,0.5531339,0.32868806,0.36800987,0.0,0.0,0.5,0.0,1
0.11764706,1.0,3.0,4.0,1.0,0.25229707,0.5665759,0.35829234,0.37612242,0.0,0.0,0.5,0.0,1
0.05882353,1.0,3.0,4.0,0.6667427,0.32222807,0.6249886,0.62963,0.53812796,0.0,0.0,0.5,0.0,1
0.09377934,2.0,3.0,4.0,0.40095854,0.22290729,0.63043135,0.784756,0.5831981,0.0,0.0,0.5,0.0,1
0.10467715,2.0,3.0,4.0,0.6666667,0.19996099,0.6860244,0.3910762,0.40426838,0.0,0.0,0.5,0.0,1
0.162499,1.0,3.0,4.0,1.0,0.2596761,0.60593796,0.25046235,0.33681032,0.0,0.0,0.5,0.0,1
0.1764706,2.0,3.0,4.0,0.8333333,0.29190528,0.6614382,0.07722083,0.2778287,0.0,0.0,0.5,0.0,1
0.11764706,1.0,3.0,4.0,1.0,0.2558188,0.57874,0.33887124,0.37088352,0.0,0.0,0.5,0.0,1
0.0,2.0,3.0,4.0,0.8333333,0.28049016,0.56548274,0.35626927,0.3832101,0.0,0.0,0.5,0.0,1
0.05882353,2.0,3.0,4.0,0.5,0.24640132,0.625,0.14815,0.28924707,0.0,0.0,0.5,0.0,1
0.014480606,1.0,3.0,4.0,0.8333333,0.29091114,0.51884574,0.009118147,0.21193628,0.0,0.0,0.5,0.0,1
0.060039494,2.0,3.0,4.0,0.5,0.24942416,0.5505168,0.2955343,0.34197062,0.0,0.0,0.5,0.0,1
0.13347174,1.0,3.0,4.0,0.5,0.3189099,0.625,0.3432945,0.4024082,0.0,0.0,0.5,0.0,1
0.20484728,2.0,3.0,3.0,0.20154847,0.23086897,0.20904553,0.28168896,0.24964935,1.0,0.0,0.0,0.0,1
0.05882353,1.0,3.0,4.0,0.6666667,0.30729917,0.56827885,0.5256857,0.47147644,0.0,0.0,0.5,0.0,1
0.15461376,2.0,3.0,4.0,0.8333333,0.3084849,0.5342891,0.4952428,0.4495043,0.0,0.0,0.5,0.0,1
0.030478384,2.0,3.0,4.0,0.6666667,0.15784691,0.5722801,0.035691924,0.19787718,0.0,0.0,0.5,0.0,1
0.23529412,2.0,3.0,4.0,0.6666667,0.2459229,0.5978717,0.2963,0.35244238,0.0,0.0,0.5,0.0,1
0.0,2.0,3.0,4.0,0.33333334,0.24193212,0.64619064,0.18707082,0.31123343,0.0,0.0,0.5,0.0,1
0.05882353,2.0,3.0,4.0,0.33333334,0.1581988,0.615804,0.15794039,0.2657511,0.0,0.0,0.5,0.0,1
0.0076436102,1.0,3.0,4.0,0.8333333,0.27314177,0.6652544,0.14333697,0.30431515,0.0,0.0,0.5,0.0,1
0.28704804,1.0,3.0,4.0,0.8333333,0.25753328,0.6140023,0.16444421,0.29759514,0.0,0.0,0.5,0.0,1
0.18936872,2.0,3.0,4.0,1.0,0.23052649,0.53596336,0.14002831,0.25980827,0.0,0.0,0.5,0.0,1
0.07597119,2.0,3.0,4.0,0.5,0.2719449,0.61771226,0.21142538,0.3248202,0.0,0.0,0.5,0.0,1
0.39151892,2.0,3.0,4.0,0.6666667,0.24387388,0.58360445,0.2899258,0.34547976,0.0,0.0,0.5,0.0,1
0.060445882,1.0,3.0,4.0,0.16666667,0.20627517,0.5979315,0.18416844,0.28802574,0.0,0.0,0.5,0.0,1
0.08522433,2.0,3.0,4.0,0.5,0.3137607,0.475,0.20560044,0.30079648,0.0,0.0,0.5,0.0,1
0.06817794,2.0,3.0,4.0,1.0,0.251634,0.55397564,0.22811028,0.31170404,0.0,0.0,0.5,0.0,1
0.10704731,1.0,3.0,4.0,0.16666667,0.32030925,0.6159902,0.19186266,0.3294319,0.0,0.0,0.5,0.0,1
0.23529412,2.0,3.0,4.0,0.8333333,0.19449134,0.4872794,0.22222,0.27642754,0.0,0.0,0.5,0.0,1
0.1764706,1.0,3.0,4.0,0.5,0.33932257,0.5995602,0.7400865,0.58914894,0.0,0.0,0.5,0.0,1
0.3457629,1.0,3.0,4.0,0.8333333,0.29202458,0.6091523,0.18067,0.31423298,0.0,0.0,0.5,0.0,1
0.12500738,1.0,3.0,4.0,0.33333334,0.3003449,0.6718719,0.29166535,0.38367388,0.0,0.0,0.5,0.0,1
0.017591575,1.0,3.0,4.0,1.0,0.3289763,0.5037382,0.2963,0.35472065,0.0,0.0,0.5,0.0,1
0.9391875,1.3446041,1.0,4.0,0.32940435,0.25451857,0.23365164,0.21816637,0.23250178,1.0,0.0,0.0,0.0,1
0.17465542,2.0,3.0,4.0,0.6666667,0.2642519,0.54845715,0.22107734,0.31081074,0.0,0.0,0.5,0.0,1
0.1764706,2.0,3.0,4.0,1.0,0.22331548,0.5288921,0.14430559,0.25803757,0.0,0.0,0.5,0.0,1
0.22693115,1.0,3.0,4.0,0.8333333,0.20860226,0.55,0.17992401,0.27543044,0.0,0.0,0.5,0.0,1
0.01255255,2.0,3.0,4.0,0.5,0.4178253,0.56066966,0.36246592,0.42538086,0.0,0.0,0.5,0.0,1
0.039126247,2.0,3.0,4.0,0.5,0.25131595,0.625,0.23462299,0.33138728,0.0,0.0,0.5,0.0,1
0.009254487,1.0,3.0,4.0,0.33333334,0.32818073,0.60393316,0.25926,0.360632,0.0,0.0,0.5,0.0,1
0.23529412,1.0,3.0,4.0,0.8333333,0.16889761,0.5660844,0.18519,0.27001694,0.0,0.0,0.5,0.0,1
0.07266358,2.0,3.0,4.0,0.46078652,0.194276,0.65735394,0.75816727,0.56859887,0.0,0.0,0.5,0.0,1
0.07817322,2.0,3.0,4.0,0.5,0.23874865,0.5582236,0.28411588,0.33526874,0.0,0.0,0.5,0.0,1
0.0,1.0,3.0,4.0,0.33333334,0.19040671,0.5141169,0.19651887,0.26944757,0.0,0.0,0.5,0.0,1
0.1764706,2.0,3.0,4.0,0.33333334,0.23792408,0.6024655,0.45748618,0.42702168,0.0,0.0,0.5,0.0,1
0.13599907,1.0,3.0,4.0,0.5,0.30751544,0.6016012,0.33333,0.38886416,0.0,0.0,0.5,0.0,1
0.08720591,2.0,3.0,4.0,0.5,0.19097,0.5620625,0.09065062,0.23107648,0.0,0.0,0.5,0.0,1
0.1764706,2.0,3.0,4.0,0.5,0.26283166,0.63733315,0.5560492,0.48893827,0.0,0.0,0.5,0.0,1
0.13091326,2.0,3.0,4.0,0.33333334,0.24922869,0.60968095,0.6009474,0.49955577,0.0,0.0,0.5,0.0,1
0.0,2.0,3.0,4.0,0.33333334,0.24321058,0.6546714,0.18172944,0.3110911,0.0,0.0,0.5,0.0,1
0.11670224,1.0,3.0,4.0,0.33333334,0.21227804,0.62379533,0.11111,0.26149663,0.0,0.0,0.5,0.0,1
0.49621516,1.0,3.0,3.0,0.36174124,0.2986567,0.22778963,0.23001732,0.2496812,1.0,0.0,0.0,0.0,1
0.0,2.0,3.0,4.0,0.16666667,0.29951012,0.625,0.32411698,0.38767588,0.0,0.0,0.5,0.0,1
0.0,2.0,3.0,4.0,0.6666667,0.33639157,0.6199387,0.25926,0.3668077,0.0,0.0,0.5,0.0,1
0.15387717,1.0,3.0,4.0,0.6666667,0.25261435,0.65,0.34192058,0.38814276,0.0,0.0,0.5,0.0,1
0.0,2.0,3.0,4.0,0.8333333,0.33270654,0.528918,0.253455,0.34157762,0.0,0.0,0.5,0.0,1
0.05882353,1.0,3.0,4.0,0.8333333,0.33534443,0.50243783,0.22222,0.32142574,0.0,0.0,0.5,0.0,1
0.2024129,2.0,3.0,4.0,1.0,0.28421006,0.6,0.31263095,0.3718913,0.0,0.0,0.5,0.0,1
0.9410485,1.0,1.0,5.0,0.4283451,0.32462475,0.26198745,0.2745416,0.28631803,1.0,0.0,0.0,0.0,1
0.1764706,2.0,3.0,4.0,0.33333334,0.31862113,0.6603097,0.40741,0.44079992,0.0,0.0,0.5,0.0,1
0.20789945,1.0,3.0,4.0,0.5,0.32015735,0.5215709,0.7234901,0.55735284,0.0,0.0,0.5,0.0,1
0.0,2.0,3.0,4.0,0.8333333,0.32792538,0.5364816,0.3533588,0.38896525,0.0,0.0,0.5,0.0,1
0.5633868,1.0,1.0,3.0,0.33622947,0.3671014,0.35068184,0.28629532,0.32521158,1.0,0.0,0.0,0.0,1
0.25346085,2.0,3.0,4.0,0.8333333,0.30192477,0.5827209,0.27069923,0.353302,0.0,0.0,0.5,0.0,1
0.05882353,2.0,3.0,4.0,0.8333333,0.37324283,0.625,0.51720613,0.50022745,0.0,0.0,0.5,0.0,1
0.22135384,2.0,3.0,4.0,0.5,0.3217841,0.6029623,0.40302104,0.42617285,0.0,0.0,0.5,0.0,1
0.11538314,2.0,3.0,4.0,0.5,0.16712856,0.50096214,0.2564093,0.28768754,0.0,0.0,0.5,0.0,1
0.13444643,2.0,3.0,4.0,0.6666667,0.3833177,0.64286023,0.28572178,0.39845628,0.0,0.0,0.5,0.0,1
0.05882353,2.0,3.0,4.0,0.5,0.30826288,0.67618835,0.36684924,0.42240635,0.0,0.0,0.5,0.0,1
0.07216044,2.0,3.0,4.0,0.8333333,0.28053838,0.5193318,0.13975202,0.27047485,0.0,0.0,0.5,0.0,1
0.22819653,1.0,3.0,4.0,0.8333333,0.16818619,0.5719835,0.19412722,0.27540112,0.0,0.0,0.5,0.0,1
0.04757588,1.0,3.0,4.0,0.5,0.29483104,0.5845605,0.22222,0.3288309,0.0,0.0,0.5,0.0,1
0.17462017,1.0,3.0,4.0,0.5,0.31175554,0.6830712,0.567515,0.51948124,0.0,0.0,0.5,0.0,1
0.022057107,1.0,3.0,4.0,0.8333333,0.3003453,0.5468772,0.04629591,0.23880161,0.0,0.0,0.5,0.0,1
0.19509116,2.0,3.0,4.0,0.6666667,0.42404103,0.6170863,0.247535,0.38640344,0.0,0.0,0.5,0.0,1
0.048024163,1.0,3.0,4.0,0.8333333,0.31852603,0.6341795,0.14815,0.31262058,0.0,0.0,0.5,0.0,1
0.0,2.0,3.0,4.0,0.6666667,0.33654693,0.5874621,0.2963,0.37664372,0.0,0.0,0.5,0.0,1
0.05882353,2.0,3.0,4.0,1.0,0.23651966,0.64291084,0.22222,0.32540977,0.0,0.0,0.5,0.0,1
0.13605078,2.0,3.0,4.0,1.0,0.3122617,0.5828216,0.18519,0.31611916,0.0,0.0,0.5,0.0,1
0.0,2.0,3.0,4.0,0.33333334,0.30219543,0.57661754,0.14815,0.29426923,0.0,0.0,0.5,0.0,1
0.11764706,2.0,3.0,4.0,0.8333333,0.32342613,0.503733,0.12217161,0.27114466,0.0,0.0,0.5,0.0,1
0.11871143,2.0,3.0,4.0,0.8333333,0.3073924,0.5495477,0.5178498,0.4634078,0.0,0.0,0.5,0.0,1
0.23529412,1.0,3.0,4.0,1.0,0.32989198,0.6093002,0.106816344,0.29065487,0.0,0.0,0.5,0.0,1
0.36808646,1.0,3.0,4.0,0.6666667,0.25581816,0.575,0.27759308,0.34116486,0.0,0.0,0.5,0.0,1
0.06840088,1.0,3.0,4.0,0.6666667,0.28546286,0.7127889,0.32730097,0.40569857,0.0,0.0,0.5,0.0,1
0.1764706,2.0,3.0,4.0,1.0,0.20608807,0.5813086,0.06022525,0.22573483,0.0,0.0,0.5,0.0,1
0.7035535,2.0,3.0,4.0,0.038908046,0.28259403,0.26315123,0.25676873,0.26586616,1.0,0.0,0.0,0.0,1
0.1764706,1.0,3.0,4.0,0.6666667,0.26983005,0.63046587,0.35589913,0.39518926,0.0,0.0,0.5,0.0,1
0.23529412,1.0,3.0,4.0,0.8333333,0.17778006,0.58457136,0.17809953,0.27364212,0.0,0.0,0.5,0.0,1
0.09343203,2.0,3.0,4.0,0.6666667,0.304882,0.725,0.07407,0.29511932,0.0,0.0,0.5,0.0,1
0.1841183,2.0,3.0,4.0,0.5,0.30188906,0.475,0.22944278,0.3085337,0.0,0.0,0.5,0.0,1
0.20179649,1.0,3.0,4.0,0.8333333,0.29757085,0.525,0.26440558,0.335477,0.0,0.0,0.5,0.0,1
0.0071773827,2.0,3.0,4.0,0.5203359,0.29831603,0.6438992,0.67118824,0.55509907,0.0,0.0,0.5,0.0,1
0.0,2.0,3.0,4.0,0.5,0.2556019,0.625,0.21441026,0.32313275,0.0,0.0,0.5,0.0,1
0.1321842,1.0,3.0,4.0,0.8333333,0.18901418,0.53735656,0.14815,0.25174248,0.0,0.0,0.5,0.0,1
0.07975616,2.0,3.0,4.0,0.5,0.3502129,0.6088964,0.34651086,0.40933672,0.0,0.0,0.5,0.0,1
0.05882353,1.0,3.0,4.0,0.8333333,0.32616282,0.520804,0.33333,0.37533867,0.0,0.0,0.5,0.0,1
0.09803161,1.0,3.0,4.0,0.33333334,0.3848483,0.59167314,0.40741,0.4441314,0.0,0.0,0.5,0.0,1
0.542623,2.0,1.0,4.0,0.1673777,0.31675652,0.25064874,0.250425,0.26998693,1.0,0.0,0.0,0.0,1
0.11340523,2.0,3.0,4.0,0.8333333,0.27548558,0.625,0.521191,0.4733457,0.0,0.0,0.5,0.0,1
0.16438815,1.0,3.0,4.0,0.8333333,0.28748047,0.525,0.30390602,0.35109907,0.0,0.0,0.5,0.0,1
0.022437708,2.0,3.0,4.0,0.5,0.21640012,0.634536,0.2963,0.35238665,0.0,0.0,0.5,0.0,1
0.05987944,1.0,3.0,4.0,0.33333334,0.28669626,0.598205,0.22222,0.3296483,0.0,0.0,0.5,0.0,1
0.6850244,2.0,1.2151382,2.0,0.19871734,0.24286175,0.28770027,0.25014904,0.25684133,1.0,0.0,0.0,0.0,1
0.21961688,2.0,3.0,4.0,1.0,0.20709671,0.58166283,0.07407,0.2326297,0.0,0.0,0.5,0.0,1
0.4432492,1.0,3.0,3.0,0.5836646,0.29327706,0.17054956,0.19416225,0.21775773,1.0,0.0,0.0,0.0,1
0.0,1.0,3.0,4.0,0.16666667,0.29454422,0.575,0.19788645,0.3150461,0.0,0.0,0.5,0.0,1
0.1764706,1.0,3.0,4.0,1.0,0.30525994,0.59463173,0.44444,0.4388445,0.0,0.0,0.5,0.0,1
0.1764706,2.0,3.0,4.0,0.24845955,0.3108007,0.28252515,0.23613137,0.2690091,1.0,0.0,0.0,0.0,1
0.11821401,1.0,3.0,4.0,0.6666667,0.3226185,0.525,0.184833,0.30539224,0.0,0.0,0.5,0.0,1
0.11764706,2.0,3.0,4.0,0.8333333,0.3063433,0.55,0.32128584,0.37070492,0.0,0.0,0.5,0.0,1
0.11764706,1.0,3.0,4.0,0.5,0.28116316,0.66765904,0.55773467,0.5022531,0.0,0.0,0.5,0.0,1
0.0,1.0,3.0,4.0,0.33333334,0.26159734,0.54573655,0.15762423,0.27952567,0.0,0.0,0.5,0.0,1
0.4110894,1.0,3.0,4.0,0.6685801,0.29937625,0.6494259,0.07534573,0.27631876,0.0,0.0,0.5,0.0,1
0.0,2.0,3.0,4.0,0.6666667,0.23085468,0.5362529,0.22222,0.2986478,0.0,0.0,0.5,0.0,1
0.11764706,2.0,3.0,4.0,0.5,0.28375778,0.6988552,0.18264583,0.3338423,0.0,0.0,0.5,0.0,1
0.11764706,2.0,3.0,4.0,1.0,0.29528114,0.5827341,0.1890086,0.31290236,0.0,0.0,0.5,0.0,1
0.49156743,1.0,3.0,4.0,1.0,0.2835879,0.5571677,0.35008007,0.3792535,0.0,0.0,0.5,0.0,1
0.118884854,1.0,3.0,4.0,0.6666667,0.31084263,0.59947395,0.22066139,0.33631885,0.0,0.0,0.5,0.0,1
0.26144144,2.0,3.0,4.0,0.6666667,0.25349298,0.58333784,0.27983555,0.34350058,0.0,0.0,0.5,0.0,1
0.047657922,2.0,3.0,4.0,0.33333334,0.37080657,0.54525465,0.18519,0.3244983,0.0,0.0,0.5,0.0,1
0.20104805,1.0,3.0,4.0,0.33333334,0.23569308,0.5395546,0.22222,0.30084953,0.0,0.0,0.5,0.0,1
0.105621144,1.0,3.0,4.0,0.16666667,0.2430372,0.54033303,0.2735846,0.3273657,0.0,0.0,0.5,0.0,1
0.15053605,2.0,3.0,3.0,0.18577833,0.17829463,0.21052426,0.231516,0.21092342,1.0,0.0,0.0,0.0,1
0.054468106,2.0,3.0,4.0,0.6666667,0.36172587,0.725,0.07955505,0.3144195,0.0,0.0,0.5,0.0,1
0.094440155,1.0,3.0,4.0,0.16666667,0.35110617,0.625,0.22902483,0.35809946,0.0,0.0,0.5,0.0,1
0.6979812,2.0,1.0,5.0,1.0,0.29144448,0.235694,0.2522242,0.2598701,1.0,0.0,0.0,0.0,1
0.27883303,1.0,3.0,4.0,0.5,0.3128256,0.5694879,0.25926,0.34801364,0.0,0.0,0.5,0.0,1
0.19819409,2.0,3.0,4.0,0.8333333,0.1973942,0.6407675,0.06039484,0.23724522,0.0,0.0,0.5,0.0,1
0.03232978,2.0,3.0,4.0,1.0,0.2894822,0.56125987,0.23890258,0.3296273,0.0,0.0,0.5,0.0,1
0.11764706,1.0,3.0,4.0,1.0,0.31059247,0.51724446,0.18519,0.3001993,0.0,0.0,0.5,0.0,1
0.22682695,2.0,3.0,4.0,0.8333333,0.39597997,0.6106058,0.48148,0.48671925,0.0,0.0,0.5,0.0,1
0.0,2.0,3.0,4.0,0.26589328,0.30420047,0.579768,0.14815,0.29560158,0.0,0.0,0.5,0.0,1
0.15622228,1.0,3.0,4.0,0.6666667,0.34929276,0.6370917,0.58621675,0.528502,0.0,0.0,0.5,0.0,1
0.01314314,1.0,3.0,4.0,0.6666667,0.26210797,0.47686195,0.034281343,0.20542607,0.0,0.0,0.5,0.0,1
0.05882353,1.0,3.0,4.0,0.34472236,0.4176693,0.47670835,0.33079958,0.3906768,0.0,0.0,0.5,0.0,1
0.025316162,1.0,3.0,4.0,0.6666667,0.4067078,0.6607594,0.56587,0.5413831,0.0,0.0,0.5,0.0,1
0.38872972,2.0,3.0,4.0,0.8333333,0.34493053,0.52281517,0.34459767,0.38662705,0.0,0.0,0.5,0.0,1
0.67400134,2.0,3.0,4.0,0.14381534,0.2851861,0.2853749,0.25240946,0.26980624,1.0,0.0,0.0,0.0,1
0.0,2.0,3.0,4.0,0.5,0.22707729,0.5773024,0.1817788,0.28816807,0.0,0.0,0.5,0.0,1
0.08509535,1.0,3.0,4.0,0.5,0.33845213,0.52233106,0.25926,0.3444506,0.0,0.0,0.5,0.0,1
0.21421364,2.0,3.0,4.0,0.5,0.17081808,0.525,0.14815,0.24348575,0.0,0.0,0.5,0.0,1
0.017423982,2.0,3.0,4.0,0.5,0.274848,0.5601896,0.11111,0.2649379,0.0,0.0,0.5,0.0,1
0.4917258,2.0,1.0,3.0,0.21887471,0.36839202,0.28928393,0.34781095,0.34009317,1.0,0.0,0.0,0.0,1
0.20962706,2.0,3.0,4.0,0.5,0.3353484,0.67818296,0.2963,0.39763898,0.0,0.0,0.5,0.0,1
0.0,2.0,3.0,4.0,0.8333333,0.36421,0.55,0.29264235,0.3742465,0.0,0.0,0.5,0.0,1
0.19576141,1.0,3.0,4.0,0.8333333,0.2958144,0.525,0.27200592,0.33853742,0.0,0.0,0.5,0.0,1
0.191137,1.0,3.0,4.0,0.16666667,0.20413116,0.53541106,0.14815,0.25573263,0.0,0.0,0.5,0.0,1
0.08672022,2.0,3.0,4.0,0.7542927,0.35945123,0.7631439,0.738832,0.63297206,0.0,0.0,0.5,0.0,1
0.1764706,1.0,3.0,4.0,0.5,0.30145028,0.6062381,0.3981676,0.41867545,0.0,0.0,0.5,0.0,1
0.058704793,2.0,3.0,4.0,0.6666667,0.19119875,0.6,0.18526475,0.28458893,0.0,0.0,0.5,0.0,1
0.0,2.0,3.0,4.0,0.5,0.22347398,0.595648,0.14170201,0.2725611,0.0,0.0,0.5,0.0,1
0.7127686,2.0,3.0,4.0,0.0482623,0.28328344,0.2627885,0.25559634,0.26543188,1.0,0.0,0.0,0.0,1
0.03240678,2.0,3.0,4.0,0.8333333,0.2970051,0.6224542,0.48148,0.46039605,0.0,0.0,0.5,0.0,1
0.15366225,1.0,3.0,4.0,0.5,0.32346466,0.625,0.35600805,0.40972948,0.0,0.0,0.5,0.0,1
0.11764706,1.0,3.0,4.0,0.33333334,0.3814357,0.55,0.3940459,0.42702904,0.0,0.0,0.5,0.0,1
0.11406218,2.0,3.0,4.0,1.0,0.20006086,0.5795707,0.25700268,0.3161522,0.0,0.0,0.5,0.0,1
0.17607753,2.0,3.0,4.0,0.6666667,0.42866188,0.6251671,0.2595075,0.3952998,0.0,0.0,0.5,0.0,1
0.05882353,1.0,3.0,3.0,0.33376533,0.21982336,0.296599,0.27366245,0.26322424,1.0,0.0,0.0,0.0,1
0.13237704,2.0,3.0,4.0,0.33333334,0.33920643,0.68436986,0.42128867,0.45904636,0.0,0.0,0.5,0.0,1
0.09567325,2.0,3.0,4.0,0.8333333,0.30755654,0.525,0.17135353,0.29462293,0.0,0.0,0.5,0.0,1
0.11170718,2.0,3.0,4.0,0.6666667,0.32879913,0.7237378,0.62963,0.5632942,0.0,0.0,0.5,0.0,1
0.25720668,2.0,3.0,4.0,0.8333333,0.2836844,0.58431286,0.28685206,0.35591382,0.0,0.0,0.5,0.0,1
0.036140382,2.0,3.0,4.0,0.8333333,0.40186834,0.5346403,0.31905073,0.39413658,0.0,0.0,0.5,0.0,1
0.18021959,2.0,3.0,4.0,0.33333334,0.34865716,0.67181337,0.40977,0.45345056,0.0,0.0,0.5,0.0,1
0.1764706,1.0,3.0,4.0,0.5,0.37662545,0.5864503,0.16199948,0.3249935,0.0,0.0,0.5,0.0,1
0.05527362,2.0,3.0,3.0,0.3562924,0.30489704,0.29752252,0.23555565,0.2705306,1.0,0.0,0.0,0.0,1
0.29411766,2.0,3.0,4.0,0.6666667,0.2636493,0.6834637,0.14377466,0.30601692,0.0,0.0,0.5,0.0,1
0.11764706,1.0,3.0,4.0,0.6666667,0.32519886,0.6,0.23237911,0.34617797,0.0,0.0,0.5,0.0,1
0.0,2.0,3.0,4.0,0.8333333,0.28036445,0.59413755,0.3475071,0.38579124,0.0,0.0,0.5,0.0,1
0.3707623,1.0,3.0,4.0,0.14749494,0.24234514,0.25907984,0.20097038,0.22681223,1.0,0.0,0.0,0.0,1
0.6849414,2.0,1.2146679,2.0,0.19879447,0.24283749,0.2877076,0.2501644,0.25684312,1.0,0.0,0.0,0.0,1
0.05882353,1.0,3.0,4.0,1.0,0.33806533,0.5,0.1357414,0.28095928,0.0,0.0,0.5,0.0,1
0.08812002,2.0,3.0,4.0,1.0,0.38212177,0.712549,0.25911483,0.40198493,0.0,0.0,0.5,0.0,1
0.10251912,1.0,3.0,4.0,0.6666667,0.3015413,0.475,0.41693318,0.39665413,0.0,0.0,0.5,0.0,1
0.03958561,1.0,3.0,4.0,0.5,0.3320652,0.6418239,0.24714626,0.36498976,0.0,0.0,0.5,0.0,1
0.05882353,1.0,3.0,4.0,0.6666667,0.25319225,0.48324573,0.44444,0.39732286,0.0,0.0,0.5,0.0,1
0.11764706,2.0,3.0,4.0,0.5,0.17564955,0.49789247,0.2530158,0.28787425,0.0,0.0,0.5,0.0,1
0.11764706,2.0,3.0,4.0,0.5,0.28330308,0.5894608,0.13386658,0.28501555,0.0,0.0,0.5,0.0,1
0.24345179,2.0,3.0,4.0,0.31426233,0.27361387,0.26330224,0.19365948,0.23356202,1.0,0.0,0.0,0.0,1
0.10281598,1.0,3.0,4.0,0.6666667,0.44986713,0.62478715,0.42576486,0.47968197,0.0,0.0,0.5,0.0,2
0.056772638,2.0,3.0,4.0,1.0,0.5586844,0.6017433,0.33720386,0.4645927,0.0,0.0,0.5,0.0,2
0.1702895,2.0,3.0,4.0,0.8333333,0.6655092,0.7447461,0.85185,0.77184695,0.0,0.0,0.5,0.0,2
0.69765455,1.1398731,3.0,4.139873,0.5433115,0.6577116,0.5700803,0.6419836,0.62969106,2.0,0.0,0.0,0.0,2
0.14455484,2.0,3.0,4.0,0.8333333,0.5871008,0.61143583,0.40741,0.5082663,0.0,0.0,0.5,0.0,2
0.09463707,1.0,3.0,4.0,1.0,0.8502847,0.6945585,0.8292989,0.8037695,0.0,0.0,0.5,0.0,2
0.11764706,2.0,3.0,4.0,0.5,0.47920257,0.627296,0.4713696,0.51036376,0.0,0.0,0.5,0.0,2
0.35842898,1.0,3.0,4.0,0.92055386,0.6406595,0.7130831,0.64901394,0.6616302,0.0,0.0,0.5,0.0,2
0.122867845,1.0,3.0,4.0,0.5,0.546182,0.64889055,0.5539163,0.5739891,0.0,0.0,0.5,0.0,2
0.2526831,1.0,3.0,4.0,0.8333333,0.68555534,0.7036952,0.6241553,0.6609311,0.0,0.0,0.5,0.0,2
0.0020836687,2.0,3.0,4.0,0.33333334,0.7877267,0.7017711,0.7751559,0.76158965,0.0,0.0,0.5,0.0,2
0.0982911,2.0,3.0,4.0,0.8333333,0.7555712,0.6496788,0.44444,0.5842454,0.0,0.0,0.5,0.0,2
0.05882353,2.0,3.0,4.0,0.8447351,0.77429044,0.8948692,0.85185,0.8391633,0.0,0.0,0.5,0.0,2
0.23529412,2.0,3.0,4.0,0.6666667,0.7205749,0.625,0.5381328,0.6122335,0.0,0.0,0.5,0.0,2
0.26101285,2.0,3.0,4.0,1.0,0.504906,0.53906953,0.1736407,0.3570576,0.0,0.0,0.5,0.0,2
0.05882353,1.0,3.0,4.0,0.6666667,0.473581,0.56263244,0.37037,0.44596574,0.0,0.0,0.5,0.0,2
0.0002989494,1.0,3.0,4.0,0.5,0.46406424,0.65012705,0.4070335,0.4810034,0.0,0.0,0.5,0.0,2
0.27109244,1.0,3.0,4.0,0.8333333,0.6174459,0.6076072,0.39613926,0.5109847,0.0,0.0,0.5,0.0,2
0.0028696225,2.0,3.0,4.0,0.5,0.49232224,0.7,0.55736643,0.5717893,0.0,0.0,0.5,0.0,2
0.05882353,1.0,3.0,4.0,0.33333334,0.5567228,0.675,0.42713228,0.52356786,0.0,0.0,0.5,0.0,2
0.17201436,1.0,3.0,4.0,0.6729797,0.7021792,0.62405306,0.519923,0.5980249,0.0,0.0,0.5,0.0,2
0.18290994,1.0,3.0,4.0,1.0,0.43221116,0.60547346,0.37442473,0.44578922,0.0,0.0,0.5,0.0,2
0.29411766,1.0,3.0,4.0,0.6666667,0.49761128,0.677638,0.24753566,0.42228413,0.0,0.0,0.5,0.0,2
0.11814851,1.0,3.0,4.0,0.33333334,0.5067921,0.67478687,0.5938529,0.5872878,0.0,0.0,0.5,0.0,2
0.23891276,2.0,3.0,4.0,0.5,0.5990433,0.67961377,0.59486854,0.61603916,0.0,0.0,0.5,0.0,2
0.1764706,2.0,3.0,4.0,0.6666667,0.6084119,0.633782,0.559896,0.59154785,0.0,0.0,0.5,0.0,2
0.11764706,2.0,3.0,4.0,0.8333333,0.6539465,0.63950986,0.8876989,0.76054925,0.0,0.0,0.5,0.0,2
0.11764706,1.0,3.0,4.0,0.5,0.49307883,0.5570115,0.5960527,0.556584,0.0,0.0,0.5,0.0,2
0.11764706,1.0,3.0,4.0,0.90478015,0.39252394,0.55,0.2645433,0.3693517,0.0,0.0,0.5,0.0,2
0.097771294,2.0,3.0,4.0,0.5,0.9070107,0.7084472,0.92541724,0.8689526,0.0,0.0,0.5,0.0,2
0.09081052,2.0,3.0,4.0,0.8333333,0.56489605,0.68640554,0.71736073,0.665237,0.0,0.0,0.5,0.0,2
0.19241261,1.0,3.0,4.0,0.5,0.5043294,0.6033877,0.4394222,0.49709567,0.0,0.0,0.5,0.0,2
0.0,1.0,3.0,4.0,0.8333333,0.4884826,0.5667388,0.33333,0.43388432,0.0,0.0,0.5,0.0,2
0.11764706,1.0,3.0,4.0,1.0,0.49345973,0.65,0.23995252,0.41099578,0.0,0.0,0.5,0.0,2
0.1764706,2.0,3.0,4.0,0.6666667,0.6671349,0.65329593,0.7631313,0.7090471,0.0,0.0,0.5,0.0,2
0.05882353,2.0,3.0,4.0,0.6666667,0.810813,0.6622642,0.8798046,0.80832344,0.0,0.0,0.5,0.0,2
0.15795992,2.0,3.0,4.0,0.16666667,0.5828651,0.5657341,0.4015821,0.49352536,0.0,0.0,0.5,0.0,2
0.018870601,2.0,3.0,4.0,0.6666667,0.41936475,0.53301996,0.4133496,0.44327524,0.0,0.0,0.5,0.0,2
0.13717543,2.0,3.0,4.0,0.8333333,0.79170007,0.6916498,0.65437007,0.7035306,0.0,0.0,0.5,0.0,2
0.23529412,2.0,3.0,4.0,0.5,0.61996996,0.6429018,0.5749102,0.6041628,0.0,0.0,0.5,0.0,2
0.113534726,2.0,3.0,4.0,0.8333333,0.47066602,0.6,0.40482053,0.47011393,0.0,0.0,0.5,0.0,2
0.11764706,2.0,3.0,4.0,0.6666667,0.5673283,0.7697083,0.44836012,0.558967,0.0,0.0,0.5,0.0,2
0.19417702,1.0,3.0,4.0,0.7168349,0.9095616,0.6223234,0.9370764,0.854924,0.0,0.0,0.5,0.0,2
0.0953857,2.0,3.0,3.8107784,0.22308025,0.4837282,0.4139447,0.4367678,0.44520953,2.0,0.0,0.0,0.0,2
0.16950807,2.0,3.0,4.0,0.16666667,0.5058196,0.6220409,0.48148,0.52170914,0.0,0.0,0.5,0.0,2
0.0,1.0,3.0,4.0,0.49355254,0.51241505,0.6912959,0.18232425,0.39916262,0.0,0.0,0.5,0.0,2
0.14502765,2.0,3.0,4.0,0.16666667,0.47754937,0.61163676,0.48148,0.51094705,0.0,0.0,0.5,0.0,2
0.1247605,2.0,3.0,4.0,0.8333333,0.6102855,0.6719768,0.6577116,0.6471224,0.0,0.0,0.5,0.0,2
0.061244786,1.9948548,3.0,3.0,0.3674649,0.5235739,0.5748119,0.57368654,0.5592123,2.0,0.0,0.0,0.0,2
0.069414884,2.0,3.0,4.0,0.33333334,0.54005367,0.73649603,0.8081426,0.71243423,0.0,0.0,0.5,0.0,2
0.3932868,2.0,1.0,3.771375,0.83584714,0.47959924,0.40764946,0.51478684,0.47922876,2.0,0.0,0.0,0.0,2
0.24066463,2.0,3.0,4.0,0.5,0.53595686,0.54087013,0.5892092,0.5621787,0.0,0.0,0.5,0.0,2
0.0,2.0,3.0,4.0,0.8333333,0.5429746,0.624972,0.25926,0.42875123,0.0,0.0,0.5,0.0,2
0.05882353,1.0,3.0,4.0,0.8333333,0.627055,0.69438183,0.44028363,0.55500203,0.0,0.0,0.5,0.0,2
0.07313907,1.0,3.0,4.0,0.5,0.6460562,0.5432523,0.74074,0.6664214,0.0,0.0,0.5,0.0,2
0.015216961,2.0,3.0,4.0,0.16666667,0.5632065,0.72413117,0.46231896,0.5535932,0.0,0.0,0.5,0.0,2
0.11764706,2.0,3.0,4.0,0.96781117,0.8252209,0.75482833,0.688129,0.74414045,0.0,0.0,0.5,0.0,2
0.122594014,2.0,3.0,4.0,0.8333333,0.80209273,0.77289754,0.78400916,0.7867143,0.0,0.0,0.5,0.0,2
0.2557137,1.0,3.0,4.0,0.8333333,0.47657555,0.60867834,0.1232011,0.3413657,0.0,0.0,0.5,0.0,2
0.6163973,2.0,1.0,5.0,0.19892703,0.5918259,0.5939215,0.593275,0.59300095,2.0,0.0,0.0,0.0,2
0.052009184,2.0,3.0,4.0,1.0,0.4632988,0.6913117,0.38324142,0.47927296,0.0,0.0,0.5,0.0,2
0.05882353,2.0,3.0,4.0,0.8333333,0.450595,0.5905826,0.3564172,0.43921262,0.0,0.0,0.5,0.0,2
0.05828986,2.0,3.0,4.0,0.5,0.61492246,0.6002268,0.40808198,0.5141309,0.0,0.0,0.5,0.0,2
0.0,2.0,3.0,4.0,0.33333334,0.66548926,0.70906603,0.37383124,0.5384889,0.0,0.0,0.5,0.0,2
0.0,2.0,3.0,4.0,0.16666667,0.5997977,0.5717888,0.7587503,0.6680069,0.0,0.0,0.5,0.0,2
0.16862519,1.0,3.0,4.0,0.33333334,0.6650852,0.7287493,0.87284005,0.77783036,0.0,0.0,0.5,0.0,2
0.17755458,1.0,3.0,4.0,0.16973796,0.5989113,0.6476965,0.18723752,0.41666064,0.0,0.0,0.5,0.0,2
0.05882353,2.0,3.0,4.0,0.8333333,0.45283896,0.703388,0.42843413,0.50030905,0.0,0.0,0.5,0.0,2
0.38355085,1.0,3.0,4.0,0.8333333,0.50361156,0.75,0.4562838,0.5393187,0.0,0.0,0.5,0.0,2
0.2122264,2.0,3.0,4.0,0.6666667,0.6821301,0.64460754,0.62164056,0.6448374,0.0,0.0,0.5,0.0,2
0.5188531,1.0,3.0,3.1794972,0.264718,0.7504305,0.68485594,0.59612846,0.6623885,2.0,0.0,0.0,0.0,2
0.13300568,1.0,3.0,4.0,1.0,0.48938185,0.6688425,0.59204704,0.5799171,0.0,0.0,0.5,0.0,2
0.20131683,2.0,3.0,4.0,0.8333333,0.5851401,0.60916054,0.48148,0.54200864,0.0,0.0,0.5,0.0,2
0.030662378,2.0,3.0,4.0,0.16666667,0.8883912,0.6869685,0.94365424,0.8670039,0.0,0.0,0.5,0.0,2
0.13112622,2.0,3.0,4.0,0.8333333,0.71977925,0.7385427,0.65818244,0.6952096,0.0,0.0,0.5,0.0,2
0.13004754,1.0,3.0,4.0,0.32454965,0.9442366,0.7552702,0.99414426,0.9232622,0.0,0.0,0.5,0.0,2
0.13722089,2.0,3.0,4.0,0.33333334,0.66564155,0.6458405,0.73457736,0.693425,0.0,0.0,0.5,0.0,2
0.34800372,2.0,3.0,4.0,0.79516405,0.4955884,0.65572536,0.47299725,0.5226378,0.0,0.0,0.5,0.0,2
0.034285646,1.0,3.0,4.0,0.16666667,0.50844085,0.5895714,0.43364844,0.4923327,0.0,0.0,0.5,0.0,2
0.11764706,2.0,3.0,4.0,0.6666667,0.48662934,0.63683933,0.35087118,0.45808867,0.0,0.0,0.5,0.0,2
0.11764706,1.0,3.0,4.0,0.8333333,0.374478,0.55,0.33118522,0.39540866,0.0,0.0,0.5,0.0,2
0.22211275,2.0,3.0,4.0,1.0,0.531907,0.62313265,0.36760333,0.4760478,0.0,0.0,0.5,0.0,2
0.3355782,2.0,3.0,4.0,0.6666667,0.5252575,0.6139311,0.59805655,0.58038294,0.0,0.0,0.5,0.0,2
0.2341351,1.0,3.0,4.0,0.8333333,0.5046891,0.64876854,0.74074,0.64967465,0.0,0.0,0.5,0.0,2
0.07787928,2.0,3.0,4.0,0.61267537,0.67083794,0.60739475,0.049035784,0.3633003,0.0,0.0,0.5,0.0,2
0.09777207,1.0,3.0,4.0,0.16666667,0.5359945,0.6165531,0.25125426,0.42095348,0.0,0.0,0.5,0.0,2
0.1764706,2.0,3.0,4.0,0.2254044,0.8376619,0.598568,0.8910081,0.8065132,0.0,0.0,0.5,0.0,2
0.3418358,1.4056041,3.0,2.0,0.11619475,0.65157664,0.5552407,0.5024007,0.5587089,2.0,0.0,0.0,0.0,2
0.0,1.0,3.0,4.0,0.33333334,0.55558604,0.65,0.77778,0.6823649,0.0,0.0,0.5,0.0,2
0.109926336,2.0,3.0,4.0,0.6666667,0.69428736,0.7967187,0.086223304,0.43224606,0.0,0.0,0.5,0.0,2
0.3529412,1.0,3.0,4.0,0.80358547,0.45726207,0.6044622,0.59259,0.55557925,0.0,0.0,0.5,0.0,2
0.11085291,1.0,3.0,4.0,0.72863895,0.8918052,0.6935917,0.9121573,0.8547458,0.0,0.0,0.5,0.0,2
0.1764706,2.0,3.0,4.0,0.6666667,0.7013421,0.78640896,0.8215222,0.7779184,0.0,0.0,0.5,0.0,2
0.6310248,1.2525088,1.0,4.0,0.18159206,0.60969967,0.48387995,0.54817283,0.55114126,2.0,0.0,0.0,0.0,2
0.11770762,2.0,3.0,4.0,1.0,0.7821656,0.5500772,0.37048438,0.53382367,0.0,0.0,0.5,0.0,2
0.15777197,1.0,3.0,4.0,0.33333334,0.55905086,0.6119204,0.40741,0.50013095,0.0,0.0,0.5,0.0,2
0.05882353,2.0,3.0,4.0,0.41142324,0.4924209,0.51328653,0.14581941,0.33422276,0.0,0.0,0.5,0.0,2
0.23529412,2.0,3.0,4.0,0.8333333,0.42892423,0.575,0.44444,0.4705998,0.0,0.0,0.5,0.0,2
0.8115066,2.0,1.0,4.897806,0.09686247,0.54477835,0.6353863,0.53740746,0.5626292,2.0,0.0,0.0,0.0,2
0.05882353,2.0,3.0,4.0,0.8333333,0.50305593,0.72135526,0.74614006,0.6688118,0.0,0.0,0.5,0.0,2
0.3839426,1.0,3.0,4.0,0.5,0.53092396,0.5645268,0.24574432,0.40463036,0.0,0.0,0.5,0.0,2
0.872113,2.0,2.1740792,4.0,0.33875468,0.6618309,0.5796316,0.5399045,0.58511275,2.0,0.0,0.0,0.0,2
0.0,2.0,3.0,4.0,0.95027095,0.4700811,0.7399187,0.34438178,0.4744205,0.0,0.0,0.5,0.0,2
0.15764084,1.0,3.0,4.0,0.6666667,0.50375605,0.68700397,0.67259675,0.6263284,0.0,0.0,0.5,0.0,2
0.0,1.0,3.0,4.0,0.33333334,0.57080245,0.65,0.77778,0.6868405,0.0,0.0,0.5,0.0,2
0.14940545,2.0,3.0,4.0,1.0,0.5544699,0.7,0.3418512,0.48865575,0.0,0.0,0.5,0.0,2
0.168745,2.0,3.0,4.0,0.16666667,0.4307431,0.4631335,0.39281735,0.4205162,0.0,0.0,0.5,0.0,2
0.11764706,2.0,3.0,4.0,0.33333334,0.5286707,0.73680544,0.48148,0.5554395,0.0,0.0,0.5,0.0,2
0.0043250998,2.0,3.0,4.0,0.33333334,0.44992247,0.6518381,0.48284173,0.5129213,0.0,0.0,0.5,0.0,2
0.17462929,1.0,3.0,4.0,0.17188372,0.6435433,0.4554779,0.8090134,0.6771631,0.0,0.0,0.5,0.0,2
0.05882353,2.0,3.0,4.0,0.8333333,0.45533624,0.575,0.54560626,0.5259692,0.0,0.0,0.5,0.0,2
0.11232497,2.0,3.0,4.0,0.8333333,0.6314922,0.71821433,0.59259,0.6335935,0.0,0.0,0.5,0.0,2
0.008390583,2.0,3.0,4.0,0.5,0.60278684,0.62143403,0.48148,0.5500865,0.0,0.0,0.5,0.0,2
0.0567365,2.0,3.0,4.0,1.0,0.6465093,0.67411304,0.48016584,0.574724,0.0,0.0,0.5,0.0,2
0.05882353,2.0,3.0,4.0,0.5,0.8777546,0.7630047,0.85185,0.8385685,0.0,0.0,0.5,0.0,2
0.0848411,2.0,3.0,4.0,0.8333333,0.45249122,0.6,0.38675275,0.4562634,0.0,0.0,0.5,0.0,2
0.13977036,1.0,3.0,4.0,0.5,0.43358034,0.6016036,0.4559947,0.48366413,0.0,0.0,0.5,0.0,2
0.15760337,1.0,3.0,4.0,0.8333333,0.4412326,0.56698143,0.19566803,0.35526115,0.0,0.0,0.5,0.0,2
0.10143663,2.0,3.0,4.0,0.6666667,0.66607755,0.6137789,0.4916874,0.5717033,0.0,0.0,0.5,0.0,2
0.08872505,2.0,3.0,4.0,0.5,0.643288,0.73770815,0.61141837,0.6505029,0.0,0.0,0.5,0.0,2
0.05882353,2.0,3.0,4.0,0.8333333,0.6209669,0.5900269,0.5333606,0.5724598,0.0,0.0,0.5,0.0,2
0.18422808,2.0,3.0,4.0,0.6666667,0.46644983,0.6315939,0.23198946,0.39497814,0.0,0.0,0.5,0.0,2
0.042054355,1.0,3.0,4.0,0.8333333,0.5007662,0.55,0.51852,0.52070147,0.0,0.0,0.5,0.0,2
0.05882353,2.0,3.0,4.0,0.5,0.64595515,0.7327937,0.60414284,0.6467122,0.0,0.0,0.5,0.0,2
0.14538427,2.0,3.0,4.0,0.9214113,0.8346538,0.85,0.6317389,0.7427744,0.0,0.0,0.5,0.0,2
0.14960194,2.0,3.0,4.0,0.16666667,0.57209,0.675,0.48148,0.55366707,0.0,0.0,0.5,0.0,2
0.068190925,2.0,3.0,4.0,1.0,0.4892981,0.53296226,0.5866931,0.54540116,0.0,0.0,0.5,0.0,2
0.0,1.0,3.0,4.0,0.5,0.50883394,0.6949075,0.68175817,0.63399464,0.0,0.0,0.5,0.0,2
0.112284444,1.0,3.0,4.0,0.5,0.6784395,0.6045582,0.7070767,0.6745312,0.0,0.0,0.5,0.0,2
0.04978482,1.0,3.0,4.0,0.8333333,0.51764786,0.69231707,0.396027,0.50151235,0.0,0.0,0.5,0.0,2
0.03213567,2.0,3.0,4.0,0.5,0.58393097,0.7932883,0.81481,0.7418425,0.0,0.0,0.5,0.0,2
0.05882353,2.0,3.0,4.0,0.8333333,0.58999777,0.59696454,0.61223435,0.60210323,0.0,0.0,0.5,0.0,2
0.0,1.0,3.0,4.0,0.33333334,0.5076379,0.55,0.55423677,0.53953665,0.0,0.0,0.5,0.0,2
0.0,1.0,3.0,4.0,0.33333334,0.61119425,0.65508,0.8078844,0.71408087,0.0,0.0,0.5,0.0,2
0.21799012,1.0,3.0,4.0,0.71569467,0.7309781,0.8602916,0.78867304,0.788553,0.0,0.0,0.5,0.0,2
0.0051861154,2.0,3.0,4.0,0.5,0.47017914,0.6294082,0.4749497,0.50989264,0.0,0.0,0.5,0.0,2
0.12529147,1.0,3.0,4.0,0.5,0.672508,0.6016245,0.7037,0.6705072,0.0,0.0,0.5,0.0,2
0.0,2.0,3.0,4.0,0.4690902,0.85892034,0.63427293,0.6063288,0.68719244,0.0,0.0,0.5,0.0,2
0.7375237,1.4620973,1.0,4.0,0.23567593,0.5954648,0.5450107,0.5768864,0.5748505,2.0,0.0,0.0,0.0,2
0.05875107,2.0,3.0,4.0,1.0,0.59465814,0.60003084,0.5184744,0.5600658,0.0,0.0,0.5,0.0,2
0.28254974,1.0,3.0,4.0,0.26638788,0.78300244,0.7901673,0.86672795,0.8240896,0.0,0.0,0.5,0.0,2
0.02309962,2.0,3.0,4.0,0.33333334,0.4703049,0.654452,0.3928646,0.4771936,0.0,0.0,0.5,0.0,2
0.14734824,1.0,3.0,4.0,0.6666667,0.49438912,0.6688115,0.6850053,0.62513304,0.0,0.0,0.5,0.0,2
0.09167133,2.0,3.0,4.0,0.6666667,0.6161487,0.7029207,0.46512362,0.565492,0.0,0.0,0.5,0.0,2
0.10437999,1.0,3.0,4.0,0.8333333,0.4812732,0.5943615,0.287946,0.4169069,0.0,0.0,0.5,0.0,2
0.06828385,1.0,3.0,4.0,0.8601376,0.6476677,0.64597934,0.41336536,0.53700984,0.0,0.0,0.5,0.0,2
0.020498855,2.0,3.0,4.0,0.5,0.5813229,0.59242404,0.8389422,0.705171,0.0,0.0,0.5,0.0,2
0.21612203,1.0,3.0,4.0,0.61234576,0.37537983,0.59129626,0.49437544,0.48217845,0.0,0.0,0.5,0.0,2
0.05882353,1.0,3.0,4.0,0.33333334,0.70546913,0.7,0.51183325,0.61305827,0.0,0.0,0.5,0.0,2
0.050970204,1.0,3.0,4.0,0.40554112,0.41120237,0.539987,0.15924805,0.3229373,0.0,0.0,0.5,0.0,2
0.00092050544,2.0,3.0,3.0,0.20459767,0.630278,0.5671293,0.5246618,0.5657177,2.0,0.0,0.0,0.0,2
0.18526946,2.0,3.0,4.0,0.6666667,0.7895528,0.58621854,0.51852,0.6141663,0.0,0.0,0.5,0.0,2
0.29828253,2.0,3.0,4.0,0.5,0.43642104,0.52677006,0.3161259,0.4010735,0.0,0.0,0.5,0.0,2
0.09885039,1.0,3.0,4.0,0.6666667,0.57621765,0.6,0.34516588,0.473087,0.0,0.0,0.5,0.0,2
0.83581823,2.0,3.0,4.0,0.76740915,0.50147915,0.7807796,0.45992,0.5476408,0.0,0.0,0.5,0.0,2
0.1764706,1.0,3.0,4.0,0.5,0.40034065,0.6243675,0.44444,0.4738067,0.0,0.0,0.5,0.0,2
0.26139855,2.0,3.0,4.0,0.8333333,0.8841774,0.7389056,0.9794002,0.8948035,0.0,0.0,0.5,0.0,2
0.04035484,1.0,3.0,4.0,0.33333334,0.5133518,0.675,0.5312253,0.559799,0.0,0.0,0.5,0.0,2
0.17480958,1.0,3.0,4.0,0.16666667,0.60396695,0.5,0.54551315,0.55199754,0.0,0.0,0.5,0.0,2
0.061608903,1.0,3.0,4.0,0.8333333,0.47783396,0.5761838,0.2610139,0.39894003,0.0,0.0,0.5,0.0,2
0.005422432,1.0,3.0,4.0,0.33333334,0.5214984,0.67269546,0.5253479,0.55888975,0.0,0.0,0.5,0.0,2
0.13386557,1.0,3.0,4.0,0.6666667,0.65502334,0.65689284,0.47126752,0.568992,0.0,0.0,0.5,0.0,2
0.05882353,1.0,3.0,4.0,0.5,0.54376245,0.5874581,0.4259896,0.49862403,0.0,0.0,0.5,0.0,2
0.21812682,2.0,3.0,4.0,0.5,0.43947825,0.71770394,0.44984496,0.50982195,0.0,0.0,0.5,0.0,2
0.0,1.0,3.0,4.0,0.5,0.4921925,0.6845811,0.66667,0.6195689,0.0,0.0,0.5,0.0,2
0.05882353,2.0,3.0,4.0,0.8333333,0.5845028,0.58218217,0.6455237,0.61267275,0.0,0.0,0.5,0.0,2
0.0010804492,1.0,3.0,4.0,0.5,0.61349255,0.6745408,0.74074,0.68774384,0.0,0.0,0.5,0.0,2
0.05882353,2.0,3.0,4.0,1.0,0.5377376,0.7379411,0.5363865,0.58420736,0.0,0.0,0.5,0.0,2
0.012373505,1.0,3.0,4.0,0.6666667,0.46966058,0.60525876,0.3177494,0.43008158,0.0,0.0,0.5,0.0,2
0.07917745,2.0,3.0,4.0,0.94233054,0.7493191,0.80769914,0.8262205,0.7992447,0.0,0.0,0.5,0.0,2
0.16328263,2.0,3.0,4.0,0.70403254,0.6162512,0.71939516,0.85185,0.75139165,0.0,0.0,0.5,0.0,2
0.05882353,2.0,3.0,4.0,0.16666667,0.6144681,0.65,0.40523344,0.5243662,0.0,0.0,0.5,0.0,2
0.11338728,2.0,3.0,4.0,0.8333333,0.489482,0.5981896,0.4868446,0.51381826,0.0,0.0,0.5,0.0,2
0.11361857,2.0,3.0,4.0,0.8333333,0.57979286,0.65,0.59259,0.6023385,0.0,0.0,0.5,0.0,2
0.16956079,1.0,3.0,4.0,0.8333333,0.5716326,0.61325336,0.74074,0.6610096,0.0,0.0,0.5,0.0,2
0.0048534432,2.0,3.0,4.0,0.8333333,0.60149723,0.675,0.5215761,0.58118385,0.0,0.0,0.5,0.0,2
0.107324354,2.0,3.0,4.0,0.6666667,0.62817794,0.80438715,0.38336825,0.5544354,0.0,0.0,0.5,0.0,2
0.09659992,2.0,3.0,4.0,0.8333333,0.35820273,0.63394505,0.28304702,0.38771635,0.0,0.0,0.5,0.0,2
0.0,2.0,3.0,4.0,0.5,0.74951077,0.78220946,0.48148,0.6310687,0.0,0.0,0.5,0.0,2
0.0,2.0,3.0,4.0,0.4962444,0.79733175,0.7511267,0.47981092,0.63703436,0.0,0.0,0.5,0.0,2
0.0,1.0,3.0,4.0,0.33333334,0.66484666,0.6699785,0.89617276,0.7749083,0.0,0.0,0.5,0.0,2
0.13569447,1.0,3.0,4.0,0.6666667,0.604261,0.62698954,0.4928441,0.5571798,0.0,0.0,0.5,0.0,2
0.12815055,2.0,3.0,4.0,0.6666667,0.49600294,0.67053604,0.6798959,0.62360364,0.0,0.0,0.5,0.0,2
0.3456735,2.0,3.0,4.0,1.0,0.5263038,0.62294084,0.26231048,0.4248054,0.0,0.0,0.5,0.0,2
0.11764706,2.0,3.0,4.0,0.8333333,0.6479871,0.78351927,0.64183897,0.6769861,0.0,0.0,0.5,0.0,2
0.114797056,1.0,3.0,4.0,0.33333334,0.6072541,0.6274225,0.62604135,0.6208395,0.0,0.0,0.5,0.0,2
0.11034,2.0,3.0,4.0,0.8333333,0.5641605,0.53121096,0.36116904,0.4608786,0.0,0.0,0.5,0.0,2
0.0061046295,2.0,3.0,4.0,0.5,0.8156465,0.7922166,0.81865394,0.8115509,0.0,0.0,0.5,0.0,2
0.023836669,1.0,3.0,4.0,0.8333333,0.658301,0.6952612,0.69571567,0.6846077,0.0,0.0,0.5,0.0,2
0.15391792,2.0,3.0,4.0,0.8333333,0.54781544,0.6154151,0.48148,0.5325022,0.0,0.0,0.5,0.0,2
0.22200657,2.0,3.0,4.0,0.5,0.45758167,0.7612944,0.27359655,0.44246477,0.0,0.0,0.5,0.0,2
0.14131343,2.0,3.0,4.0,0.6666667,0.48466715,0.7100582,0.4555089,0.52397937,0.0,0.0,0.5,0.0,2
0.110023744,2.0,3.0,4.0,0.33333334,0.7158418,0.7847197,0.9307296,0.8331674,0.0,0.0,0.5,0.0,2
0.06192056,1.0,3.0,4.0,0.5,0.66984797,0.5236837,0.73293996,0.6651427,0.0,0.0,0.5,0.0,2
0.08086443,1.0,3.0,4.0,0.8333333,0.47080928,0.5375305,0.28701368,0.4000144,0.0,0.0,0.5,0.0,2
0.09216738,1.0,3.0,4.0,0.8333333,0.7129884,0.6554144,0.711722,0.69885075,0.0,0.0,0.5,0.0,2
0.036015175,2.0,3.0,4.0,0.33333334,0.6596202,0.625,0.45880195,0.5569734,0.0,0.0,0.5,0.0,2
0.14797656,2.0,3.0,4.0,0.8333333,0.8572,0.775,0.8541664,0.83643156,0.0,0.0,0.5,0.0,2
0.13759881,1.0,3.0,4.0,0.8333333,0.45827955,0.7084795,0.39549306,0.48760942,0.0,0.0,0.5,0.0,2
0.14394109,2.0,3.0,4.0,0.8333333,0.46916267,0.58882505,0.39085317,0.46046835,0.0,0.0,0.5,0.0,2
0.023677891,2.0,3.0,4.0,0.8333333,0.47486055,0.5899369,0.28907496,0.41450754,0.0,0.0,0.5,0.0,2
0.3736175,1.0,3.0,4.0,0.8333333,0.5021475,0.75,0.4604537,0.54084975,0.0,0.0,0.5,0.0,2
0.14593552,2.0,3.0,4.0,1.0,0.7847809,0.5860678,0.42380324,0.56815386,0.0,0.0,0.5,0.0,2
0.171676,2.0,3.0,4.0,0.6666667,0.61792094,0.8729623,0.37338865,0.5628554,0.0,0.0,0.5,0.0,2
0.18611762,2.0,3.0,4.0,0.6666667,0.3988975,0.57049996,0.3272571,0.40555888,0.0,0.0,0.5,0.0,2
0.2425168,2.0,3.0,4.0,0.5,0.4398287,0.5048259,0.60429364,0.5325146,0.0,0.0,0.5,0.0,2
0.042636856,1.0,3.0,4.0,0.6666667,0.50052154,0.7156033,0.69351035,0.6419476,0.0,0.0,0.5,0.0,2
0.33999035,1.0,3.0,4.0,0.33333334,0.7522189,0.67584014,0.82987493,0.770791,0.0,0.0,0.5,0.0,2
0.0382526,1.0,3.0,4.0,0.8333333,0.45113483,0.46871322,0.51852,0.48697856,0.0,0.0,0.5,0.0,2
0.08701641,2.0,3.0,4.0,0.5,0.6792541,0.5650901,0.6859523,0.65554506,0.0,0.0,0.5,0.0,2
0.022603411,2.0,3.0,4.0,0.8333333,0.43753806,0.6365742,0.51852,0.5224783,0.0,0.0,0.5,0.0,2
0.31423324,1.0,3.0,4.0,0.5,0.6051324,0.55790174,0.4936668,0.5415647,0.0,0.0,0.5,0.0,2
0.14530486,2.0,3.0,4.0,0.6666667,0.63942426,0.6117546,0.5163111,0.5749752,0.0,0.0,0.5,0.0,2
0.1764706,2.0,3.0,4.0,0.6666667,0.58947533,0.65,0.7502119,0.6793558,0.0,0.0,0.5,0.0,2
0.015078496,1.0,3.0,4.0,0.4786388,0.7015891,0.86281675,0.6391234,0.71013135,0.0,0.0,0.5,0.0,2
0.025509138,2.0,3.0,4.0,1.0,0.52631617,0.7358414,0.14323519,0.39534572,0.0,0.0,0.5,0.0,2
0.296686,2.0,3.0,4.0,0.8333333,0.4970887,0.6478169,0.47986278,0.5244495,0.0,0.0,0.5,0.0,2
0.1764706,2.0,3.0,4.0,0.6666667,0.5587765,0.625,0.52450836,0.5582324,0.0,0.0,0.5,0.0,2
0.060050655,2.0,3.0,4.0,0.33333334,0.5490577,0.75,0.8140375,0.7210351,0.0,0.0,0.5,0.0,2
0.5365078,1.0,3.0,4.0,0.5,0.554166,0.55967367,0.46863687,0.5152116,0.0,0.0,0.5,0.0,2
0.23529412,2.0,3.0,4.0,0.16666667,0.5713218,0.66669214,0.43202454,0.5282114,0.0,0.0,0.5,0.0,2
0.0,1.0,3.0,4.0,0.33333334,0.52190965,0.61780983,0.5015734,0.5349061,0.0,0.0,0.5,0.0,2
0.29411766,2.0,3.0,4.0,0.8333333,0.5459969,0.5993277,0.48148,0.5281868,0.0,0.0,0.5,0.0,2
0.0,1.0,3.0,4.0,0.5,0.51393884,0.6040763,0.27133814,0.42098242,0.0,0.0,0.5,0.0,2
0.035102274,1.0,3.0,4.0,0.8333333,0.5461655,0.72983694,0.48148,0.55894107,0.0,0.0,0.5,0.0,2
0.1634964,2.0,3.0,4.0,0.9632398,0.78559184,0.625,0.4733104,0.6008523,0.0,0.0,0.5,0.0,2
0.30371767,1.0,3.0,4.0,0.5,0.60901785,0.56684,0.49697754,0.54636896,0.0,0.0,0.5,0.0,2
0.046848338,1.0,3.0,4.0,0.33333334,0.47389174,0.6745527,0.34087053,0.45851237,0.0,0.0,0.5,0.0,2
0.0,2.0,3.0,4.0,0.6666667,0.41577137,0.6460113,0.5807723,0.54759264,0.0,0.0,0.5,0.0,2
0.27362433,1.0,3.0,4.0,0.36236557,0.39345497,0.60435486,0.3832725,0.4382884,0.0,0.0,0.5,0.0,2
0.17416357,1.0,3.0,4.0,0.8333333,0.50362986,0.65196097,0.29920498,0.44232878,0.0,0.0,0.5,0.0,2
0.1421122,1.0,3.0,4.0,0.6666667,0.6976228,0.7042047,0.44444,0.580029,0.0,0.0,0.5,0.0,2
0.30316207,1.0,3.0,4.0,0.80770755,0.42307612,0.4884684,0.5868964,0.51555246,0.0,0.0,0.5,0.0,2
0.036986165,1.0,3.0,4.0,0.8333333,0.49549413,0.55,0.51852,0.51915145,0.0,0.0,0.5,0.0,2
0.05882353,2.0,3.0,4.0,0.5,0.6494007,0.698535,0.6219952,0.64806306,0.0,0.0,0.5,0.0,2
0.07248683,2.0,3.0,4.0,0.5,0.8898419,0.75757927,0.8776582,0.8529907,0.0,0.0,0.5,0.0,2
0.117077075,2.0,3.0,4.0,0.6666667,0.6885877,0.77475774,0.75943947,0.74220645,0.0,0.0,0.5,0.0,2
0.11764706,2.0,3.0,4.0,0.16666667,0.6008139,0.675,0.48148,0.5621137,0.0,0.0,0.5,0.0,2
0.14788212,1.0,3.0,4.0,0.5,0.84425294,0.52849895,0.8708884,0.7824952,0.0,0.0,0.5,0.0,2
0.10728725,2.0,3.0,4.0,0.8333333,0.5801588,0.65,0.59259,0.60244614,0.0,0.0,0.5,0.0,2
0.6314971,2.0,3.0,4.9706054,0.32700178,0.8323574,0.6812165,0.7569001,0.7612855,2.0,0.0,0.0,0.0,2
0.2818253,2.0,3.0,4.0,1.0,0.52886426,0.625,0.3264243,0.45621353,0.0,0.0,0.5,0.0,2
0.1639778,2.0,3.0,4.0,1.0,0.50092757,0.5643811,0.4152704,0.47554755,0.0,0.0,0.5,0.0,2
0.07032042,1.0,3.0,4.0,0.8333333,0.459156,0.7,0.41506693,0.49508232,0.0,0.0,0.5,0.0,2
0.37729928,1.0,3.0,4.0,0.86784065,0.7132333,0.725,0.6079278,0.6664498,0.0,0.0,0.5,0.0,2
0.077059925,2.0,3.0,4.0,0.16666667,0.5553903,0.5991257,0.65389156,0.61203265,0.0,0.0,0.5,0.0,2
0.0009254922,1.0,3.0,4.0,0.16666667,0.5391676,0.5753933,0.4441487,0.50297475,0.0,0.0,0.5,0.0,2
0.05882353,2.0,3.0,4.0,0.33333334,0.5387355,0.74628913,0.59809095,0.6155026,0.0,0.0,0.5,0.0,2
0.11764706,2.0,3.0,4.0,0.33333334,0.47084558,0.65897876,0.80151063,0.6707196,0.0,0.0,0.5,0.0,2
0.05882353,2.0,3.0,4.0,0.33333334,0.4713937,0.74040383,0.6752685,0.63062924,0.0,0.0,0.5,0.0,2
0.0,2.0,3.0,4.0,0.33333334,0.47354954,0.58493596,0.3876237,0.45932576,0.0,0.0,0.5,0.0,2
0.049176358,2.0,3.0,4.0,0.5,0.87803495,0.72910005,0.8275531,0.8192396,0.0,0.0,0.5,0.0,2
0.13151719,1.0,3.0,4.0,0.8333333,0.40147167,0.56178963,0.3158649,0.39891103,0.0,0.0,0.5,0.0,2
0.0,1.0,3.0,4.0,0.16666667,0.5660398,0.5694,0.39466277,0.48618102,0.0,0.0,0.5,0.0,2
0.09380528,2.0,3.0,4.0,0.8333333,0.39744857,0.61486727,0.32632133,0.41513297,0.0,0.0,0.5,0.0,2
0.28213465,1.0,3.0,4.0,0.5,0.61699265,0.5851855,0.50377274,0.5562297,0.0,0.0,0.5,0.0,2
0.13926232,2.0,3.0,4.0,0.6666667,0.50633204,0.6841865,0.59259,0.5887701,0.0,0.0,0.5,0.0,2
0.13260604,1.0,3.0,4.0,0.33333334,0.69688237,0.7156788,0.55556,0.634796,0.0,0.0,0.5,0.0,2
0.14631675,2.0,3.0,4.0,0.6666667,0.4033445,0.56281537,0.39028668,0.43472016,0.0,0.0,0.5,0.0,2
0.2250625,2.0,3.0,4.0,0.5,0.62739646,0.7646742,0.65137136,0.6709752,0.0,0.0,0.5,0.0,2
0.17240396,2.0,3.0,4.0,0.16666667,0.42341006,0.45691326,0.39972866,0.42014858,0.0,0.0,0.5,0.0,2
0.15075497,1.0,3.0,4.0,0.8333333,0.48637888,0.67185825,0.32868084,0.45581117,0.0,0.0,0.5,0.0,2
0.3529412,1.0,3.0,4.0,0.68289894,0.48566926,0.62256515,0.59259,0.56819344,0.0,0.0,0.5,0.0,2
0.09382231,1.0,3.0,4.0,0.5,0.67076707,0.5696235,0.71870196,0.6695238,0.0,0.0,0.5,0.0,2
0.023945976,2.0,3.0,4.0,0.8333333,0.45561203,0.66106224,0.22910747,0.39736015,0.0,0.0,0.5,0.0,2
0.15173028,2.0,3.0,4.0,0.7632358,0.71426874,0.7605146,0.26514307,0.5137964,0.0,0.0,0.5,0.0,2
0.05882353,2.0,3.0,4.0,0.5,0.5141485,0.6578277,0.59259,0.5848688,0.0,0.0,0.5,0.0,2
0.0,1.0,3.0,4.0,0.5,0.460603,0.59761846,0.40741,0.46781343,0.0,0.0,0.5,0.0,2
0.05882353,2.0,3.0,4.0,0.8333333,0.4837162,0.6663031,0.40741,0.49076727,0.0,0.0,0.5,0.0,2
0.6361743,1.3121481,1.0,4.0,0.396066,0.52536404,0.41613233,0.5331367,0.5033202,2.0,0.0,0.0,0.0,2
0.11764706,1.0,3.0,4.0,1.0,0.836194,0.6149046,0.8593287,0.79501617,0.0,0.0,0.5,0.0,2
0.1764706,1.0,3.0,4.0,0.5,0.5363055,0.63565105,0.73022103,0.6509341,0.0,0.0,0.5,0.0,2
0.00053120026,1.0,3.0,4.0,0.33333334,0.3148484,0.47635457,0.37103888,0.37929532,0.0,0.0,0.5,0.0,2
0.09343604,1.0,3.0,4.0,0.8333333,0.76942044,0.62942064,0.64272743,0.67686135,0.0,0.0,0.5,0.0,2
0.08242859,2.0,3.0,4.0,0.8333333,0.4501618,0.58503217,0.5779705,0.54204,0.0,0.0,0.5,0.0,2
0.046665855,2.0,3.0,3.3966599,0.21231316,0.5594584,0.49212858,0.48126385,0.50681865,2.0,0.0,0.0,0.0,2
0.16252777,2.0,3.0,4.0,0.62716204,0.48255557,0.6940743,0.017556652,0.3135046,0.0,0.0,0.5,0.0,2
0.26650894,2.0,3.0,4.0,0.6666667,0.7451856,0.74260056,0.7690877,0.7558271,0.0,0.0,0.5,0.0,2
0.13132827,1.0,3.0,4.0,0.6666667,0.6588036,0.7308145,0.4487474,0.57690126,0.0,0.0,0.5,0.0,2
0.20247203,2.0,3.0,4.0,0.6666667,0.5318612,0.5081518,0.7122941,0.6111923,0.0,0.0,0.5,0.0,2
0.15700652,1.0,3.0,4.0,0.6666667,0.5239133,0.6080889,0.50626385,0.5354141,0.0,0.0,0.5,0.0,2
0.23529412,2.0,3.0,4.0,0.16666667,0.48871318,0.70512223,0.46106273,0.5266223,0.0,0.0,0.5,0.0,2
0.039375905,2.0,3.0,4.0,0.8333333,0.5256515,0.6913262,0.39516422,0.5032276,0.0,0.0,0.5,0.0,2
0.1764706,2.0,3.0,4.0,0.33333334,0.561459,0.56093174,0.34412766,0.45906612,0.0,0.0,0.5,0.0,2
0.5796449,2.0,1.0,4.550566,0.8238188,0.5201465,0.34838954,0.42506394,0.43498835,2.0,0.0,0.0,0.0,2
0.22139136,1.4121156,3.0,4.0,0.3103038,0.45207968,0.44128335,0.437176,0.44252586,2.0,0.0,0.0,0.0,2
0.11462255,2.0,3.0,4.0,0.8333333,0.381322,0.5551417,0.29439554,0.38130817,0.0,0.0,0.5,0.0,2
0.22043954,2.0,3.0,4.0,0.6666667,0.45020586,0.55,0.25027835,0.37960756,0.0,0.0,0.5,0.0,2
0.05882353,2.0,3.0,4.0,0.16666667,0.48629907,0.6160187,0.5318266,0.53824645,0.0,0.0,0.5,0.0,2
0.09533185,1.0,3.0,4.0,0.6666667,0.4738966,0.62758017,0.5095829,0.52684754,0.0,0.0,0.5,0.0,2
0.13006331,2.0,3.0,4.0,0.6666667,0.65662545,0.64013845,0.77778,0.70975435,0.0,0.0,0.5,0.0,2
0.079807766,1.0,3.0,4.0,0.33333334,0.48030955,0.65891826,0.5793802,0.56895745,0.0,0.0,0.5,0.0,2
0.0,1.0,3.0,4.0,1.0,0.56320137,0.6233244,0.64442146,0.6155701,0.0,0.0,0.5,0.0,2
0.11764706,2.0,3.0,4.0,0.6666667,0.47969756,0.6445447,0.36228752,0.46323588,0.0,0.0,0.5,0.0,2
0.05882353,1.0,3.0,4.0,0.8333333,0.55537546,0.68526924,0.40741,0.5163069,0.0,0.0,0.5,0.0,2
0.05882353,2.0,3.0,4.0,0.6666667,0.68487406,0.68347764,0.5515825,0.6218182,0.0,0.0,0.5,0.0,2
0.18445788,2.0,3.0,4.0,0.6666667,0.7012417,0.7898162,0.73571056,0.73830664,0.0,0.0,0.5,0.0,2
0.2284541,2.0,3.0,4.0,0.6666667,0.6273538,0.652907,0.6993986,0.66726744,0.0,0.0,0.5,0.0,2
0.1764706,1.0,3.0,4.0,0.5,0.5460507,0.625,0.78073084,0.67506826,0.0,0.0,0.5,0.0,2
0.1764706,2.0,3.0,4.0,0.33333334,0.6545107,0.6224359,0.40487736,0.5294843,0.0,0.0,0.5,0.0,2
0.17725337,2.0,3.0,4.0,0.6688845,0.47180063,0.625,0.22123435,0.38994038,0.0,0.0,0.5,0.0,2
0.06605711,2.0,3.0,4.0,0.8333333,0.41947037,0.7346287,0.1988533,0.38980177,0.0,0.0,0.5,0.0,2
0.045227595,2.0,3.0,4.0,0.33333334,0.7906367,0.625,0.45300108,0.59277797,0.0,0.0,0.5,0.0,2
0.22921214,1.0,3.0,4.0,0.5,0.4446503,0.6211227,0.6628403,0.58885443,0.0,0.0,0.5,0.0,2
0.021176295,2.0,3.0,4.0,0.33333334,0.44399318,0.68399996,0.32296497,0.44351068,0.0,0.0,0.5,0.0,2
0.13086477,2.0,3.0,4.0,0.6666667,0.4915973,0.625,0.30836347,0.43676084,0.0,0.0,0.5,0.0,2
0.18705945,2.0,3.0,4.0,0.6666667,0.3994928,0.5725013,0.3266642,0.40592584,0.0,0.0,0.5,0.0,2
0.0,2.0,3.0,4.0,1.0,0.34245843,0.6933583,0.48148,0.4904445,0.0,0.0,0.5,0.0,2
0.22921713,2.0,3.0,4.0,0.8333333,0.69232225,0.75,0.22987314,0.48827112,0.0,0.0,0.5,0.0,2
0.034392394,1.0,3.0,4.0,0.5,0.45656437,0.66461676,0.3640976,0.4620045,0.0,0.0,0.5,0.0,2
0.0,2.0,3.0,4.0,0.33333334,0.49808785,0.5844104,0.3448788,0.4463066,0.0,0.0,0.5,0.0,2
0.035448294,2.0,3.0,4.0,0.6666667,0.55584604,0.65993446,0.6590639,0.6289097,0.0,0.0,0.5,0.0,2
0.08705277,2.0,3.0,4.0,0.5,0.7429018,0.66300255,0.90815467,0.80187,0.0,0.0,0.5,0.0,2
0.040351044,2.0,3.0,4.0,0.5,0.5924019,0.64359677,0.92806786,0.7624097,0.0,0.0,0.5,0.0,2
0.05780119,1.0,3.0,4.0,0.6666667,0.4050833,0.6245655,0.2605473,0.38871104,0.0,0.0,0.5,0.0,2
0.11764706,2.0,3.0,4.0,0.6666667,0.67513955,0.78307825,0.2700918,0.50992835,0.0,0.0,0.5,0.0,2
0.11764706,2.0,3.0,4.0,1.0,0.8249442,0.7466372,0.66567355,0.7315634,0.0,0.0,0.5,0.0,2
0.28469267,1.0,3.0,4.0,0.6666667,0.46253845,0.49751404,0.5985289,0.5347591,0.0,0.0,0.5,0.0,2
0.19142498,2.0,3.0,4.0,0.5,0.4919387,0.5686444,0.64783704,0.5833541,0.0,0.0,0.5,0.0,2
0.2915612,2.0,3.0,4.0,1.0,0.57789356,0.6489135,0.40579545,0.51361376,0.0,0.0,0.5,0.0,2
0.23529412,2.0,3.0,4.0,0.16666667,0.47892004,0.71573466,0.4571319,0.52438945,0.0,0.0,0.5,0.0,2
0.1764706,1.0,3.0,4.0,1.0,0.49476492,0.6,0.33094662,0.44243512,0.0,0.0,0.5,0.0,2
0.220501,2.0,3.0,4.0,0.33333334,0.46615914,0.56257415,0.44909748,0.48081982,0.0,0.0,0.5,0.0,2
0.83133614,2.0,2.8672853,4.0,0.22229606,0.57135,0.5213092,0.5071048,0.52934265,2.0,0.0,0.0,0.0,2
0.10075972,2.0,3.0,4.0,0.1905904,0.8424683,0.7285886,0.4761632,0.6432984,0.0,0.0,0.5,0.0,2
0.29057765,2.0,3.0,4.0,0.5,0.5167713,0.578009,0.5577885,0.5504791,0.0,0.0,0.5,0.0,2
0.090247184,1.0,3.0,4.0,0.8778502,0.8130806,0.60667753,0.5753442,0.65263754,0.0,0.0,0.5,0.0,2
0.06837541,1.0,3.0,4.0,1.0,0.5259211,0.65,0.27730227,0.4381222,0.0,0.0,0.5,0.0,2
0.1065677,1.0,3.0,4.0,1.0,0.50680125,0.65,0.25926,0.4240068,0.0,0.0,0.5,0.0,2
0.19230415,2.0,3.0,4.0,0.8333333,0.42392147,0.63364637,0.37037,0.44806626,0.0,0.0,0.5,0.0,2
0.15809837,1.0,3.0,4.0,0.5,0.8606598,0.6343836,0.8773214,0.8152643,0.0,0.0,0.5,0.0,2
0.045025807,2.0,3.0,4.0,0.5,0.8577678,0.7425921,0.8431618,0.8237983,0.0,0.0,0.5,0.0,2
0.0,2.0,3.0,4.0,0.33333334,0.65764314,0.697251,0.4101249,0.5504797,0.0,0.0,0.5,0.0,2
0.10262903,2.0,3.0,4.0,0.16666667,0.54057175,0.57553065,0.31521055,0.44274023,0.0,0.0,0.5,0.0,2
0.05882353,2.0,3.0,4.0,0.5,0.6534928,0.69116324,0.630186,0.651387,0.0,0.0,0.5,0.0,2
0.0012569831,1.0,3.0,4.0,0.6666667,0.48635465,0.5989316,0.3341215,0.4412077,0.0,0.0,0.5,0.0,2
0.0956296,2.0,3.0,4.0,0.5,0.4780996,0.6906426,0.43057978,0.5057454,0.0,0.0,0.5,0.0,2
0.05882353,2.0,3.0,4.0,0.6666667,0.6449276,0.65,0.6660212,0.6560509,0.0,0.0,0.5,0.0,2
0.07318514,2.0,3.0,4.0,1.0,0.7351535,0.606689,0.31438398,0.50691724,0.0,0.0,0.5,0.0,2
0.12759545,2.0,3.0,4.0,0.5,0.5614513,0.7126842,0.66667,0.6465497,0.0,0.0,0.5,0.0,2
0.0,1.0,3.0,4.0,0.4774348,0.4135016,0.56146085,0.4023951,0.44308734,0.0,0.0,0.5,0.0,2
0.05882353,1.0,3.0,4.0,0.6666667,0.4356926,0.56736106,0.34465018,0.42383125,0.0,0.0,0.5,0.0,2
0.34628767,2.0,3.0,4.0,0.8333333,0.5669754,0.6056555,0.4486296,0.5203852,0.0,0.0,0.5,0.0,2
0.05882353,2.0,3.0,4.0,0.6666667,0.84438807,0.6653367,0.91161084,0.8338886,0.0,0.0,0.5,0.0,2
0.11764706,1.0,3.0,4.0,0.5,0.576429,0.6,0.7377278,0.657882,0.0,0.0,0.5,0.0,2
0.44709468,1.0,3.0,4.0,0.9334349,0.6362656,0.725,0.6518766,0.66448814,0.0,0.0,0.5,0.0,2
0.23877203,2.0,3.0,4.0,0.5,0.5991198,0.67943436,0.59477997,0.6159777,0.0,0.0,0.5,0.0,2
0.010185948,2.0,3.0,4.0,0.33333334,0.4530883,0.658658,0.48789388,0.5178355,0.0,0.0,0.5,0.0,2
0.09800335,2.0,3.0,4.0,0.16666667,0.60629684,0.63330287,0.6049254,0.612005,0.0,0.0,0.5,0.0,2
0.067904145,1.0,3.0,4.0,1.0,0.4560201,0.6394296,0.545611,0.5413388,0.0,0.0,0.5,0.0,2
0.07663839,2.0,3.0,4.0,1.0,0.6569452,0.7825713,0.5168265,0.6205681,0.0,0.0,0.5,0.0,2
0.09890736,2.0,3.0,4.0,0.5,0.43199483,0.59203565,0.3274316,0.42044434,0.0,0.0,0.5,0.0,2
0.3885267,1.0,3.0,4.0,0.60082567,0.5884102,0.55524766,0.43667105,0.5091978,0.0,0.0,0.5,0.0,2
0.0,1.0,3.0,4.0,0.8333333,0.4556153,0.65228325,0.49326286,0.5196094,0.0,0.0,0.5,0.0,2
0.1764706,2.0,3.0,4.0,0.8333333,0.84652853,0.82996583,0.5975371,0.7254617,0.0,0.0,0.5,0.0,2
0.058431584,1.0,3.0,4.0,0.8333333,0.4480303,0.4258329,0.51852,0.47597376,0.0,0.0,0.5,0.0,2
0.044260457,2.0,3.0,4.0,0.8333333,0.6336453,0.7314321,0.46278015,0.57624567,0.0,0.0,0.5,0.0,2
0.0,2.0,3.0,4.0,0.33333334,0.8063188,0.7204759,0.6329815,0.70454645,0.0,0.0,0.5,0.0,2
0.07580504,2.0,3.0,4.0,1.0,0.6040294,0.7644343,0.5292129,0.60656476,0.0,0.0,0.5,0.0,2
0.28128123,2.0,3.0,4.0,0.33333334,0.7674528,0.5804555,0.30842316,0.50743943,0.0,0.0,0.5,0.0,2
0.076530784,2.0,3.0,4.0,0.6666667,0.4518428,0.6662628,0.6407799,0.5912031,0.0,0.0,0.5,0.0,2
0.1764706,2.0,3.0,4.0,1.0,0.5188083,0.6043511,0.33333,0.45165482,0.0,0.0,0.5,0.0,2
0.0,1.0,3.0,4.0,0.33333334,0.58567035,0.65,0.77778,0.69121355,0.0,0.0,0.5,0.0,2
0.1434219,2.0,3.0,4.0,0.5,0.49238682,0.7,0.66667,0.6232524,0.0,0.0,0.5,0.0,2
0.11184563,2.0,3.0,4.0,0.8333333,0.46969458,0.5975344,0.42202118,0.47734225,0.0,0.0,0.5,0.0,2
0.11764706,1.0,3.0,4.0,0.5,0.5337121,0.64694726,0.5646046,0.57489336,0.0,0.0,0.5,0.0,2
0.05882353,1.0,3.0,4.0,0.5,0.8046826,0.5329299,0.7136594,0.697909,0.0,0.0,0.5,0.0,2
0.1764706,2.0,3.0,4.0,0.6666667,0.65982777,0.6598324,0.78749055,0.7198996,0.0,0.0,0.5,0.0,2
0.4192363,1.0,3.0,3.6243277,0.55618536,0.71132255,0.730352,0.6142805,0.67013323,2.0,0.0,0.0,0.0,2
0.10018416,2.0,3.0,4.0,0.95052177,0.53985363,0.60742176,0.69270694,0.6276811,0.0,0.0,0.5,0.0,2
0.13828973,1.0,3.0,4.0,0.6666667,0.6628204,0.6587731,0.46848172,0.5704165,0.0,0.0,0.5,0.0,2
0.038633086,2.0,3.0,4.0,1.0,0.73558193,0.68320954,0.7656168,0.7373966,0.0,0.0,0.5,0.0,2
0.23529412,2.0,3.0,4.0,0.8333333,0.43582803,0.575,0.44444,0.47262886,0.0,0.0,0.5,0.0,2
0.2582452,2.0,3.0,4.0,0.5,0.44475624,0.52622896,0.4877955,0.48418254,0.0,0.0,0.5,0.0,2
0.06628694,2.0,3.0,4.0,0.6666667,0.44447383,0.664086,0.63432956,0.5854885,0.0,0.0,0.5,0.0,2
0.022377629,2.0,3.0,4.0,0.6666667,0.552446,0.7214685,0.27335075,0.46087742,0.0,0.0,0.5,0.0,2
0.22958827,1.0,3.0,4.0,0.5,0.6548223,0.6838625,0.34646618,0.51654184,0.0,0.0,0.5,0.0,2
0.082559675,2.0,3.0,4.0,0.8333333,0.7670476,0.6644728,0.9480179,0.828076,0.0,0.0,0.5,0.0,2
0.03209923,1.0,3.0,4.0,0.33333334,0.37180376,0.55685306,0.41078904,0.43369082,0.0,0.0,0.5,0.0,2
0.45098484,2.0,3.0,4.0,0.40740326,0.44542238,0.59166855,0.39506057,0.45613468,0.0,0.0,0.5,0.0,2
0.17474505,1.0,3.0,4.0,0.6666667,0.505425,0.6746333,0.66775644,0.6216306,0.0,0.0,0.5,0.0,2
0.034533042,2.0,3.0,4.0,0.5,0.6240113,0.625,0.8301052,0.72122717,0.0,0.0,0.5,0.0,2
0.06873202,2.0,3.0,4.0,0.8333333,0.52369183,0.69578886,0.75906414,0.67495066,0.0,0.0,0.5,0.0,2
0.079848476,2.0,3.0,4.0,0.8333333,0.5137433,0.7,0.35980797,0.48512977,0.0,0.0,0.5,0.0,2
0.26360655,1.0,3.0,4.0,0.8333333,0.71459764,0.630082,0.48009315,0.58435965,0.0,0.0,0.5,0.0,2
0.11764706,1.0,3.0,4.0,0.6666667,0.6504436,0.6874666,0.4629765,0.5709386,0.0,0.0,0.5,0.0,2
0.23031017,2.0,3.0,4.0,0.33333334,0.64982307,0.6707637,0.39045915,0.5326946,0.0,0.0,0.5,0.0,2
0.23243992,1.0,3.0,4.0,0.6666667,0.52836496,0.551213,0.6242388,0.57885534,0.0,0.0,0.5,0.0,2
0.07680384,1.0,3.0,4.0,1.0,0.53292465,0.64235836,0.26492092,0.43255714,0.0,0.0,0.5,0.0,2
0.05882353,2.0,3.0,4.0,0.5,0.53653485,0.6292882,0.44126418,0.51352453,0.0,0.0,0.5,0.0,2
0.047868606,1.0,3.0,4.0,0.33333334,0.660291,0.7360325,0.8053705,0.74638057,0.0,0.0,0.5,0.0,2
0.0064069615,1.0,3.0,4.0,0.6666667,0.429032,0.6804459,0.58452237,0.5613658,0.0,0.0,0.5,0.0,2
0.16770637,2.0,3.0,4.0,0.8333333,0.58194387,0.6537248,0.6036273,0.60904145,0.0,0.0,0.5,0.0,2
0.08666919,1.0,3.0,4.0,0.5,0.8213885,0.47899356,0.8323438,0.7459832,0.0,0.0,0.5,0.0,2
0.0,1.0,3.0,4.0,0.33333334,0.51206905,0.5807587,0.54644555,0.5444113,0.0,0.0,0.5,0.0,2
0.05608182,1.0,3.0,4.0,0.7538841,0.7808576,0.7130826,0.8535764,0.7991359,0.0,0.0,0.5,0.0,2
0.14084502,2.0,3.0,4.0,0.6666667,0.4052579,0.56514084,0.40062207,0.44069386,0.0,0.0,0.5,0.0,2
0.08532857,2.0,3.0,4.0,0.5,0.6907382,0.6475293,0.6870148,0.6788184,0.0,0.0,0.5,0.0,2
0.26507345,1.0,3.0,4.0,0.8333333,0.40287074,0.5253124,0.50960463,0.48191267,0.0,0.0,0.5,0.0,2
0.092295185,1.0,3.0,4.0,0.8333333,0.4580103,0.7071127,0.41794538,0.49777105,0.0,0.0,0.5,0.0,2
0.2916195,1.0,3.0,4.0,0.6666667,0.6650406,0.6978766,0.51852,0.6038167,0.0,0.0,0.5,0.0,2
0.10719962,1.0,3.0,4.0,1.0,0.47657177,0.65444016,0.2724153,0.42235082,0.0,0.0,0.5,0.0,2
0.14299189,1.0,3.0,4.0,0.5,0.49410537,0.625,0.6775031,0.61120635,0.0,0.0,0.5,0.0,2
0.09527731,2.0,3.0,2.8967142,0.3353617,0.5328035,0.5736571,0.5686027,0.5592628,2.0,0.0,0.0,0.0,2
0.23110116,2.0,3.0,4.0,0.8333333,0.4244887,0.71608996,0.37037,0.4676351,0.0,0.0,0.5,0.0,2
0.17913765,1.0,3.0,4.0,0.5075567,0.6300292,0.7079345,0.67170775,0.6679686,0.0,0.0,0.5,0.0,2
0.23529412,2.0,3.0,4.0,0.8333333,0.43528986,0.575,0.44444,0.47247067,0.0,0.0,0.5,0.0,2
0.05882353,2.0,3.0,4.0,0.6666667,0.64365196,0.6345019,0.7355499,0.68474424,0.0,0.0,0.5,0.0,2
0.11764706,2.0,3.0,4.0,0.6666667,0.55103785,0.60985774,0.50391483,0.54270095,0.0,0.0,0.5,0.0,2
0.11764706,2.0,3.0,4.0,0.8333333,0.6570524,0.6348979,0.8904321,0.76166385,0.0,0.0,0.5,0.0,2
0.07026814,2.0,3.0,4.0,0.6666667,0.43071744,0.675,0.69649553,0.6132701,0.0,0.0,0.5,0.0,2
0.22550991,2.0,3.0,4.0,0.6666667,0.65029037,0.6458417,0.5246809,0.59012854,0.0,0.0,0.5,0.0,2
0.31662637,2.0,3.0,4.0,1.0,0.514991,0.5632648,0.16779934,0.36296487,0.0,0.0,0.5,0.0,2
0.29411766,2.0,3.0,4.0,0.42051414,0.55151814,0.75,0.647295,0.6432872,0.0,0.0,0.5,0.0,2
0.07822964,2.0,3.0,4.0,0.33333334,0.8152558,0.6667524,0.91371036,0.82664186,0.0,0.0,0.5,0.0,2
0.0041408306,2.0,3.0,4.0,0.5,0.67800474,0.76796055,0.8570648,0.7834306,0.0,0.0,0.5,0.0,2
0.09013295,2.0,3.0,4.0,0.5,0.5079396,0.6649195,0.62963,0.6021378,0.0,0.0,0.5,0.0,2
0.22577271,2.0,3.0,4.0,1.0,0.5024108,0.5540466,0.24020472,0.39117235,0.0,0.0,0.5,0.0,2
0.1764706,1.0,3.0,4.0,0.8333333,0.45194146,0.5705187,0.14815,0.33688182,0.0,0.0,0.5,0.0,2
0.05882353,1.0,3.0,4.0,0.33333334,0.69119453,0.7,0.50239754,0.60441995,0.0,0.0,0.5,0.0,2
0.08234736,2.0,3.0,4.0,0.33333334,0.60643363,0.75,0.8000015,0.73130345,0.0,0.0,0.5,0.0,2
0.23529412,1.0,3.0,4.0,0.5,0.44258684,0.62209064,0.6675319,0.590683,0.0,0.0,0.5,0.0,2
0.096844,2.0,3.0,3.823174,0.22340253,0.4814614,0.41160446,0.43543592,0.44336542,2.0,0.0,0.0,0.0,2
0.05882353,2.0,3.0,4.0,0.16666667,0.47953317,0.611938,0.5378727,0.53814036,0.0,0.0,0.5,0.0,2
0.32311124,1.0,3.0,3.8767774,0.35518485,0.4950077,0.51015157,0.46915272,0.4864039,2.0,0.0,0.0,0.0,2
0.067093186,1.0,3.0,4.0,0.33333334,0.92574066,0.67539775,0.8356375,0.8244347,0.0,0.0,0.5,0.0,2
0.10586948,2.0,3.0,4.0,0.8333333,0.5820469,0.61498904,0.2963,0.45532888,0.0,0.0,0.5,0.0,2
0.010857949,2.0,3.0,4.0,0.8333333,0.5043518,0.76577073,0.38404223,0.5092468,0.0,0.0,0.5,0.0,2
0.04145422,1.0,3.0,4.0,0.6666667,0.45772216,0.5647639,0.3594329,0.43665656,0.0,0.0,0.5,0.0,2
0.05882353,2.0,3.0,4.0,0.33333334,0.47286478,0.7051648,0.5414745,0.5598133,0.0,0.0,0.5,0.0,2
0.05882353,2.0,3.0,4.0,0.6666667,0.82563555,0.75184643,0.9794193,0.88064086,0.0,0.0,0.5,0.0,2
0.11764706,2.0,3.0,4.0,0.5,0.8641594,0.65411234,0.82699496,0.7972522,0.0,0.0,0.5,0.0,2
0.024972202,2.0,3.0,4.0,0.33333334,0.44620302,0.6856132,0.37037,0.4668478,0.0,0.0,0.5,0.0,2
0.11764706,1.0,3.0,4.0,1.0,0.5003074,0.65,0.25603607,0.42057908,0.0,0.0,0.5,0.0,2
0.106808744,2.0,3.0,4.0,0.33333334,0.69615895,0.75,0.76413065,0.7408109,0.0,0.0,0.5,0.0,2
0.03685237,2.0,3.0,4.0,0.33333334,0.44640902,0.69066226,0.37037,0.46809795,0.0,0.0,0.5,0.0,2
0.0,1.0,3.0,4.0,0.25441653,0.7919293,0.79602516,0.7582785,0.7770612,0.0,0.0,0.5,0.0,2
0.065429665,2.0,3.0,4.0,0.5,0.8785196,0.7221924,0.8643281,0.83506244,0.0,0.0,0.5,0.0,2
0.00015200088,2.0,3.0,4.0,1.0,0.5120139,0.6252584,0.48167142,0.5243873,0.0,0.0,0.5,0.0,2
0.2565891,2.0,3.0,4.0,0.9396642,0.7680673,0.56810075,0.8180035,0.7445133,0.0,0.0,0.5,0.0,2
0.11764706,1.0,3.0,4.0,0.33333334,0.55529404,0.64924127,0.6116721,0.6039283,0.0,0.0,0.5,0.0,2
0.1525611,1.0,3.0,4.0,0.5,0.5403521,0.6148385,0.74074,0.6521789,0.0,0.0,0.5,0.0,2
0.12977977,2.0,3.0,4.0,0.6666667,0.55328566,0.725,0.47384027,0.5562999,0.0,0.0,0.5,0.0,2
0.1556827,2.0,3.0,4.0,0.8333333,0.4049601,0.60883486,0.34419408,0.42433274,0.0,0.0,0.5,0.0,2
0.14562821,1.0,3.0,4.0,0.16666667,0.5757855,0.63689196,0.21108094,0.41853723,0.0,0.0,0.5,0.0,2
0.08004544,2.0,3.0,4.0,1.0,0.61070466,0.7840193,0.508206,0.6032485,0.0,0.0,0.5,0.0,2
0.23529412,2.0,3.0,4.0,0.84901816,0.44201115,0.5797054,0.88191843,0.6814276,0.0,0.0,0.5,0.0,2
0.013532665,2.0,3.0,3.0,0.24018918,0.6067409,0.5686779,0.5353181,0.5641741,2.0,0.0,0.0,0.0,2
0.0,1.0,3.0,4.0,0.33333334,0.36891136,0.475,0.25542372,0.34046802,0.0,0.0,0.5,0.0,2
0.39672676,1.0,3.0,4.0,0.8333333,0.6940604,0.725,0.62016094,0.6665654,0.0,0.0,0.5,0.0,2
0.1764706,2.0,3.0,4.0,0.2170101,0.9309446,0.63724244,0.96296,0.87690467,0.0,0.0,0.5,0.0,2
0.015767172,2.0,3.0,4.0,0.6666667,0.88247275,0.7231958,0.83466655,0.8224975,0.0,0.0,0.5,0.0,2
0.0,2.0,3.0,4.0,0.5,0.5665155,0.7,0.5240325,0.577935,0.0,0.0,0.5,0.0,2
0.1966382,2.0,3.0,4.0,0.16666667,0.5088089,0.6335712,0.48148,0.5253037,0.0,0.0,0.5,0.0,2
0.011204119,2.0,3.0,4.0,0.5,0.5035858,0.7095235,0.548505,0.5731742,0.0,0.0,0.5,0.0,2
0.11764706,1.0,3.0,4.0,0.79444265,0.6767554,0.66166717,0.81481,0.7381767,0.0,0.0,0.5,0.0,2
0.11764706,2.0,3.0,4.0,0.6666667,0.6442852,0.6,0.48702502,0.559857,0.0,0.0,0.5,0.0,2
0.15153266,1.0,3.0,4.0,0.5706575,0.5676723,0.60380274,0.81481,0.6924798,0.0,0.0,0.5,0.0,2
0.10864801,2.0,3.0,4.0,0.5,0.67084026,0.51912296,0.672335,0.63584536,0.0,0.0,0.5,0.0,2
0.08997229,2.0,3.0,4.0,0.5,0.5843004,0.6867618,0.117633276,0.3888019,0.0,0.0,0.5,0.0,2
0.05882353,2.0,3.0,4.0,0.6666667,0.6965063,0.706537,0.84216607,0.7674122,0.0,0.0,0.5,0.0,2
0.089829884,1.0,3.0,4.0,0.8333333,0.7033692,0.6854669,0.6686729,0.68283457,0.0,0.0,0.5,0.0,2
0.0,2.0,3.0,4.0,1.0,0.53763855,0.63661605,0.46426967,0.52640593,0.0,0.0,0.5,0.0,2
0.39077106,1.8215541,3.0,2.0,0.071272165,0.6327719,0.5645939,0.5184553,0.562934,2.0,0.0,0.0,0.0,2
0.1764706,1.0,3.0,4.0,0.8333333,0.5038592,0.6343864,0.28473344,0.43145072,0.0,0.0,0.5,0.0,2
0.10410317,2.0,3.0,4.0,0.8333333,0.43414342,0.68651235,0.7692517,0.6512169,0.0,0.0,0.5,0.0,2
0.164342,2.0,3.0,4.0,0.16666667,0.49985376,0.61984533,0.48148,0.519438,0.0,0.0,0.5,0.0,2
0.1764706,1.0,3.0,4.0,0.5,0.65057623,0.69784707,0.3199237,0.50609666,0.0,0.0,0.5,0.0,2
0.05882353,2.0,3.0,4.0,0.33333334,0.7932711,0.625,0.44444,0.58952224,0.0,0.0,0.5,0.0,2
0.080469675,1.0,3.0,4.0,0.6666667,0.567434,0.6,0.35673985,0.47594926,0.0,0.0,0.5,0.0,2
0.0034385067,1.0,3.0,4.0,0.5,0.58025205,0.5485386,0.67099977,0.61549294,0.0,0.0,0.5,0.0,2
0.15145159,2.0,3.0,4.0,0.5,0.8160046,0.625,0.6561674,0.6958424,0.0,0.0,0.5,0.0,2
0.32064232,2.0,1.0,4.0,0.8237452,0.5199607,0.4559813,0.5009305,0.49595135,2.0,0.0,0.0,0.0,2
0.22387683,2.0,3.0,4.0,0.5,0.44912276,0.52463084,0.6218979,0.54819375,0.0,0.0,0.5,0.0,2
0.039755367,2.0,3.0,4.0,0.5,0.5149704,0.625,0.45644686,0.51331955,0.0,0.0,0.5,0.0,2
0.23529412,1.0,3.0,4.0,0.8333333,0.6741346,0.6,0.4280462,0.5408849,0.0,0.0,0.5,0.0,2
0.05244599,2.0,3.0,4.0,0.6666667,0.5249656,0.63614476,0.4854958,0.5325514,0.0,0.0,0.5,0.0,2
0.27791277,2.0,3.0,4.0,0.6666667,0.62982196,0.6137742,0.5721849,0.59891874,0.0,0.0,0.5,0.0,2
0.0009306525,1.0,3.0,4.0,0.16930352,0.40839124,0.65079105,0.369784,0.4472596,0.0,0.0,0.5,0.0,2
0.15640648,2.0,3.0,4.0,0.89018166,0.82139975,0.7170545,0.642264,0.7125456,0.0,0.0,0.5,0.0,2
0.22462983,1.0,3.0,4.0,0.8031178,0.7106657,0.613597,0.44444,0.56254524,0.0,0.0,0.5,0.0,2
0.035483494,2.0,3.0,4.0,0.5,0.5647184,0.73016095,0.51852,0.58190846,0.0,0.0,0.5,0.0,2
0.19630748,2.0,3.0,4.0,0.6666667,0.55120707,0.63343066,0.53101087,0.56104934,0.0,0.0,0.5,0.0,2
0.23529412,1.0,3.0,4.0,0.68241256,0.36662588,0.56791437,0.5150206,0.48381653,0.0,0.0,0.5,0.0,2
0.14972033,1.0,3.0,4.0,0.8712295,0.81221604,0.85342216,0.856918,0.8429502,0.0,0.0,0.5,0.0,2
0.05882353,2.0,3.0,4.0,0.5,0.4594517,0.5397343,0.20481081,0.35850585,0.0,0.0,0.5,0.0,2
0.037958227,1.0,3.0,4.0,0.33333334,0.46527147,0.64113224,0.6188669,0.5789332,0.0,0.0,0.5,0.0,2
0.2703383,2.0,3.0,4.0,0.5,0.43760815,0.6797875,0.26635322,0.4140018,0.0,0.0,0.5,0.0,2
0.02359929,1.0,3.0,4.0,0.33333334,0.5114725,0.64491093,0.51852,0.54618824,0.0,0.0,0.5,0.0,2
0.021585653,1.0,3.0,4.0,0.6666667,0.5175121,0.6316522,0.32348043,0.45306134,0.0,0.0,0.5,0.0,2
0.13605171,2.0,3.0,4.0,0.6666667,0.76785046,0.600767,0.51852,0.6112065,0.0,0.0,0.5,0.0,2
0.11764706,2.0,3.0,4.0,0.8971407,0.77987653,0.5962867,0.41608274,0.5654841,0.0,0.0,0.5,0.0,2
0.05204823,1.0,3.0,4.0,0.16666667,0.6581576,0.5831807,0.3041499,0.4739241,0.0,0.0,0.5,0.0,2
0.13742787,2.0,3.0,4.0,0.5,0.9301173,0.7252205,0.9505061,0.89150006,0.0,0.0,0.5,0.0,2
0.05882353,1.0,3.0,4.0,0.8333333,0.5187524,0.6504404,0.44412044,0.51461416,0.0,0.0,0.5,0.0,2
0.05882353,2.0,3.0,4.0,0.6666667,0.6833943,0.72325176,0.5900004,0.6488191,0.0,0.0,0.5,0.0,2
0.72704893,2.0,1.0,4.359832,0.48026752,0.6151259,0.5490272,0.5211413,0.55534524,2.0,0.0,0.0,0.0,2
0.05882353,1.0,3.0,4.0,0.6666667,0.393161,0.65211475,0.2793439,0.40053207,0.0,0.0,0.5,0.0,2
0.05882353,2.0,3.0,4.0,1.0,0.51706266,0.6407188,0.34841225,0.46679386,0.0,0.0,0.5,0.0,2
0.040007763,2.0,3.0,4.0,0.8333333,0.4595274,0.6069868,0.51852,0.52198416,0.0,0.0,0.5,0.0,2
0.28053948,2.0,3.0,4.0,0.46152848,0.6534202,0.625,0.7606802,0.6972082,0.0,0.0,0.5,0.0,2
0.053748075,1.0,3.0,4.0,0.6666667,0.78821295,0.73857856,0.44444,0.6147603,0.0,0.0,0.5,0.0,2
0.4370015,1.0,3.0,4.0,0.28703249,0.5634311,0.64409024,0.5793687,0.58990973,2.0,0.0,0.0,0.0,2
0.0061575146,2.0,3.0,4.0,0.6666667,0.51779443,0.62369156,0.51852,0.54305047,0.0,0.0,0.5,0.0,2
0.0,1.0,3.0,4.0,0.5,0.4811861,0.6094619,0.40741,0.47665083,0.0,0.0,0.5,0.0,2
0.1764706,2.0,3.0,4.0,0.16666667,0.47749043,0.48629442,0.40741,0.44658336,0.0,0.0,0.5,0.0,2
0.11738121,2.0,3.0,4.0,0.8333333,0.46897513,0.699887,0.40741,0.49433023,0.0,0.0,0.5,0.0,2
0.29411766,2.0,3.0,4.0,0.5,0.58439267,0.72231764,0.6091229,0.62848127,0.0,0.0,0.5,0.0,2
0.8431095,2.0,3.0,4.0,0.7777384,0.50322,0.7916253,0.46910167,0.5550252,0.0,0.0,0.5,0.0,2
0.05882353,1.0,3.0,4.0,0.33333334,0.46038043,0.6104881,0.4874416,0.50843287,0.0,0.0,0.5,0.0,2
0.0,1.0,3.0,4.0,0.5,0.43220952,0.5816575,0.40741,0.45570105,0.0,0.0,0.5,0.0,2
0.0022549566,2.0,3.0,4.0,0.6666667,0.56073886,0.675,0.7037,0.6549021,0.0,0.0,0.5,0.0,2
0.03735059,1.0,3.0,4.0,0.8333333,0.6638859,0.706748,0.6701896,0.6769414,0.0,0.0,0.5,0.0,2
0.05882353,2.0,3.0,4.0,0.8333333,0.45077923,0.7127419,0.43536165,0.5051656,0.0,0.0,0.5,0.0,2
0.05882353,2.0,3.0,4.0,0.33333334,0.45629504,0.75,0.7226418,0.6507404,0.0,0.0,0.5,0.0,2
0.15238366,2.0,3.0,4.0,0.33333334,0.830619,0.5909478,0.93263,0.8222321,0.0,0.0,0.5,0.0,2
0.092783,2.0,3.0,4.0,0.76288515,0.697762,0.6278361,0.8946172,0.7739462,0.0,0.0,0.5,0.0,2
0.11764706,2.0,3.0,4.0,0.5,0.4423917,0.68218064,0.3267315,0.444386,0.0,0.0,0.5,0.0,2
0.1763251,2.0,3.0,4.0,1.0,0.5835888,0.6998763,0.33333,0.49318174,0.0,0.0,0.5,0.0,2
0.05882353,2.0,3.0,4.0,0.71680886,0.81872845,0.7599573,0.9888564,0.8849605,0.0,0.0,0.5,0.0,2
0.1187508,2.0,3.0,4.0,0.5031273,0.59023505,0.6754691,0.072680175,0.36673784,0.0,0.0,0.5,0.0,2
0.08675803,2.0,3.0,4.0,0.16666667,0.47494778,0.6131278,0.5009302,0.5196887,0.0,0.0,0.5,0.0,2
0.11764706,1.0,3.0,4.0,1.0,0.61218566,0.63456315,0.41610628,0.5251769,0.0,0.0,0.5,0.0,2
0.24234289,2.0,3.0,4.0,0.8533048,0.46369034,0.6130171,0.14371154,0.3482465,0.0,0.0,0.5,0.0,2
0.2956374,1.0,3.0,4.0,0.8333333,0.4899529,0.62370825,0.11398057,0.34449786,0.0,0.0,0.5,0.0,2
0.0,2.0,3.0,4.0,0.5,0.55198157,0.72199607,0.81555176,0.716017,0.0,0.0,0.5,0.0,2
0.0,2.0,3.0,4.0,0.5,0.58410466,0.6447115,0.49121484,0.5546519,0.0,0.0,0.5,0.0,2
0.05882353,2.0,3.0,4.0,0.6666667,0.62591356,0.64814,0.77778,0.7026082,0.0,0.0,0.5,0.0,2
0.16213784,1.0,3.0,4.0,0.8333333,0.49973217,0.5310914,0.18424773,0.35864756,0.0,0.0,0.5,0.0,2
0.37139803,2.0,3.0,4.0,0.33333334,0.50119776,0.6585779,0.54393137,0.55833733,0.0,0.0,0.5,0.0,2
0.1764706,2.0,3.0,4.0,0.31784517,0.870447,0.5569697,0.95263463,0.83536583,0.0,0.0,0.5,0.0,2
0.14622973,1.0,3.0,4.0,1.0,0.5485805,0.6128524,0.28677896,0.44050014,0.0,0.0,0.5,0.0,2
0.07129988,2.0,3.0,4.0,0.5,0.50259745,0.68030244,0.41526398,0.50330925,0.0,0.0,0.5,0.0,2
0.007959636,2.0,3.0,4.0,0.6666667,0.63734096,0.625,0.8418273,0.73066866,0.0,0.0,0.5,0.0,2
0.08185374,2.0,3.0,4.0,0.8333333,0.35458264,0.6108486,0.27376166,0.37684602,0.0,0.0,0.5,0.0,2
0.029814025,1.0,3.0,4.0,0.33333334,0.53880054,0.675,0.48097342,0.54363674,0.0,0.0,0.5,0.0,2
0.10827623,2.0,3.0,4.0,0.8333333,0.53445715,0.7079652,0.15405062,0.3962636,0.0,0.0,0.5,0.0,2
0.003712296,2.0,3.0,4.0,0.6666667,0.42190218,0.52815545,0.40974692,0.44118175,0.0,0.0,0.5,0.0,2
0.11072653,2.0,3.0,4.0,1.0,0.48171705,0.525,0.46186972,0.48256248,0.0,0.0,0.5,0.0,2
0.05882353,2.0,3.0,4.0,0.6666667,0.6834001,0.6670518,0.53536034,0.60988647,0.0,0.0,0.5,0.0,2
0.05882353,2.0,3.0,4.0,0.8333333,0.6870294,0.7170837,0.44444,0.5799444,0.0,0.0,0.5,0.0,2
0.095240615,2.0,3.0,4.0,0.8333333,0.41798803,0.55952275,0.31040508,0.40065882,0.0,0.0,0.5,0.0,2
0.13572685,2.0,3.0,4.0,0.6666667,0.6898068,0.7826839,0.75356776,0.7416675,0.0,0.0,0.5,0.0,2
0.10358498,2.0,3.0,4.0,0.6666667,0.6516759,0.78695273,0.38807684,0.55945843,0.0,0.0,0.5,0.0,2
0.11650303,2.0,3.0,4.0,0.5,0.67042756,0.775,0.66667,0.6932611,0.0,0.0,0.5,0.0,2
0.020554576,2.0,3.0,4.0,0.5,0.56260425,0.7162643,0.22690472,0.44077945,0.0,0.0,0.5,0.0,2
0.1764706,2.0,3.0,4.0,0.6666667,0.5319804,0.52394813,0.76741976,0.6408852,0.0,0.0,0.5,0.0,2
0.110869065,2.0,3.0,4.0,0.5,0.81005776,0.75288063,0.81481,0.7988396,0.0,0.0,0.5,0.0,2
0.22784333,2.0,3.0,4.0,0.6666667,0.45987225,0.55,0.23629357,0.37587065,0.0,0.0,0.5,0.0,2
0.009515542,2.0,3.0,4.0,0.6666667,0.42407852,0.5330882,0.4134001,0.44470176,0.0,0.0,0.5,0.0,2
0.24786612,2.0,3.0,4.0,0.8333333,0.42688143,0.6017155,0.42860946,0.46883583,0.0,0.0,0.5,0.0,2
0.14267133,2.0,3.0,4.0,0.16666667,0.5632242,0.675,0.48148,0.55105484,0.0,0.0,0.5,0.0,2
0.18430299,2.0,3.0,4.0,1.0,0.4938051,0.62832874,0.6407478,0.5946046,0.0,0.0,0.5,0.0,2
0.046005033,1.0,3.0,4.0,0.33333334,0.46304893,0.6445522,0.6232213,0.5811295,0.0,0.0,0.5,0.0,2
0.11778271,2.0,3.0,4.0,0.33333334,0.86559415,0.71258646,0.92593,0.85798275,0.0,0.0,0.5,0.0,2
0.1764706,1.0,3.0,4.0,1.0,0.4764692,0.64521164,0.49671796,0.52569985,0.0,0.0,0.5,0.0,2
0.20354514,1.0,3.0,4.0,0.5,0.48478177,0.625,0.706648,0.62218326,0.0,0.0,0.5,0.0,2
0.0,2.0,3.0,4.0,0.6666667,0.6046962,0.7034938,0.87510926,0.755199,0.0,0.0,0.5,0.0,2
0.03966493,2.0,3.0,4.0,0.5,0.60597956,0.59243035,0.81481,0.7010656,0.0,0.0,0.5,0.0,2
0.51030517,2.0,1.0,4.467519,0.22148451,0.6442671,0.63709474,0.53153753,0.5895303,2.0,0.0,0.0,0.0,2
0.07521047,2.0,3.0,4.0,0.33333334,0.8627356,0.69589335,0.8949744,0.8386449,0.0,0.0,0.5,0.0,2
0.0083104735,1.0,3.0,4.0,0.33333334,0.60168886,0.66412777,0.77778,0.69924825,0.0,0.0,0.5,0.0,2
0.210355,1.0,3.0,4.0,0.16666667,0.50775814,0.59470046,0.55556,0.55071145,0.0,0.0,0.5,0.0,2
0.010662647,1.0,3.0,4.0,0.8333333,0.45537958,0.5273419,0.51852,0.502025,0.0,0.0,0.5,0.0,2
0.1366193,2.0,3.0,4.0,0.6666667,0.6299457,0.80725276,0.37037,0.5495114,0.0,0.0,0.5,0.0,2
0.05882353,1.0,3.0,4.0,0.33333334,0.5496909,0.673283,0.44613597,0.5300396,0.0,0.0,0.5,0.0,2
0.05882353,2.0,3.0,4.0,0.5,0.52318025,0.59422386,0.59259,0.57256025,0.0,0.0,0.5,0.0,2
0.05882353,2.0,3.0,4.0,0.5,0.6168656,0.7305904,0.57602686,0.62440366,0.0,0.0,0.5,0.0,2
0.05882353,2.0,3.0,4.0,0.5,0.51015514,0.70213383,0.5894289,0.5926314,0.0,0.0,0.5,0.0,2
0.10905395,2.0,3.0,4.0,0.6666667,0.5688147,0.6929781,0.76196545,0.68892705,0.0,0.0,0.5,0.0,2
0.05882353,2.0,3.0,4.0,1.0,0.46373582,0.69327307,0.36787835,0.47263265,0.0,0.0,0.5,0.0,2
0.10880431,1.0,3.0,4.0,0.33333334,0.55415034,0.6431373,0.4287083,0.5160574,0.0,0.0,0.5,0.0,2
0.23772302,2.0,3.0,4.0,0.5,0.45422056,0.7479354,0.2785447,0.44066128,0.0,0.0,0.5,0.0,2
0.03690914,1.0,3.0,4.0,0.61437875,0.8366459,0.6578432,0.72911954,0.7439746,0.0,0.0,0.5,0.0,2
0.06946395,2.0,3.0,4.0,0.16666667,0.9236371,0.69015926,0.96296,0.88720536,0.0,0.0,0.5,0.0,2
0.29411766,2.0,3.0,4.0,0.35653302,0.53741413,0.75,0.6615141,0.6458285,0.0,0.0,0.5,0.0,2
0.06480814,1.0,3.0,4.0,0.6497103,0.40083525,0.625,0.2554916,0.38518468,0.0,0.0,0.5,0.0,2
0.05882353,2.0,3.0,4.0,0.6666667,0.6280299,0.59206676,0.41372982,0.518719,0.0,0.0,0.5,0.0,2
0.256761,1.0,3.0,4.0,0.6666667,0.58864194,0.5920617,0.5690704,0.58023524,0.0,0.0,0.5,0.0,2
0.002776616,2.0,3.0,4.0,0.6666667,0.51400405,0.6273601,0.5167716,0.54197645,0.0,0.0,0.5,0.0,2
0.04854122,2.0,3.0,4.0,0.5,0.6100352,0.60437,0.42035738,0.51944405,0.0,0.0,0.5,0.0,2
0.1960361,1.0,3.0,4.0,0.5,0.45243803,0.625,0.65431005,0.5880404,0.0,0.0,0.5,0.0,2
0.06598599,1.0,3.0,4.0,0.6666667,0.4674881,0.7158679,0.5420298,0.5610077,0.0,0.0,0.5,0.0,2
0.20716271,2.0,3.0,4.0,0.8333333,0.42413872,0.6652208,0.37037,0.45556077,0.0,0.0,0.5,0.0,2
0.1474181,1.0,3.0,4.0,1.0,0.5210794,0.62469465,0.25971246,0.42246085,0.0,0.0,0.5,0.0,2
0.11764706,2.0,3.0,4.0,0.33333334,0.49945462,0.73837245,0.4900937,0.5512688,0.0,0.0,0.5,0.0,2
0.0,2.0,3.0,4.0,0.5,0.8975381,0.7539983,0.712585,0.7767295,0.0,0.0,0.5,0.0,2
0.05882353,2.0,3.0,4.0,0.5,0.63921523,0.675,0.95469207,0.79609454,0.0,0.0,0.5,0.0,2
0.15493499,2.0,3.0,4.0,0.33333334,0.70524615,0.65305084,0.62963,0.6573785,0.0,0.0,0.5,0.0,2
0.16537756,2.0,3.0,4.0,0.7342849,0.6995779,0.76485723,0.22222,0.49030098,0.0,0.0,0.5,0.0,2
0.1764706,1.0,3.0,4.0,1.0,0.42680335,0.6,0.37272394,0.44211146,0.0,0.0,0.5,0.0,2
0.41905263,1.0,3.0,4.0,0.85398245,0.66945446,0.725,0.6342191,0.66594213,0.0,0.0,0.5,0.0,2
0.3202644,2.0,3.0,4.0,1.0,0.49550658,0.60694385,0.26336905,0.41248274,0.0,0.0,0.5,0.0,2
0.0,2.0,3.0,4.0,1.0,0.55893224,0.6462862,0.44994235,0.52820075,0.0,0.0,0.5,0.0,2
0.1176275,2.0,3.0,4.0,0.8333333,0.3706784,0.6250083,0.2962877,0.39551276,0.0,0.0,0.5,0.0,2
0.1166066,2.0,3.0,4.0,0.5,0.8113445,0.7504422,0.81546515,0.7989526,0.0,0.0,0.5,0.0,2
0.082202755,2.0,3.0,4.0,0.6666667,0.43096456,0.575,0.44444,0.47119594,0.0,0.0,0.5,0.0,2
0.39585862,2.0,3.0,4.0,1.0,0.651924,0.66588,0.43093154,0.55120945,0.0,0.0,0.5,0.0,2
0.1310046,1.0,3.0,4.0,0.8333333,0.4576761,0.575,0.19108966,0.35982874,0.0,0.0,0.5,0.0,2
0.1764706,2.0,3.0,4.0,0.8333333,0.53064847,0.7044448,0.57646126,0.5931033,0.0,0.0,0.5,0.0,2
0.05882353,1.0,3.0,4.0,0.6666667,0.46677977,0.55958915,0.37037,0.44324926,0.0,0.0,0.5,0.0,2
0.14255945,2.0,3.0,4.0,1.0,0.51496303,0.6105878,0.68017185,0.61520547,0.0,0.0,0.5,0.0,2
0.089141086,1.0,3.0,4.0,0.6666667,0.42966047,0.6863451,0.4803393,0.5139045,0.0,0.0,0.5,0.0,2
0.19092627,2.0,3.0,4.0,0.3742911,0.652438,0.6372873,0.3892051,0.524996,0.0,0.0,0.5,0.0,2
0.081206016,2.0,3.0,4.0,0.7300837,0.41663218,0.675,0.73188764,0.62578017,0.0,0.0,0.5,0.0,2
0.13513853,1.0,3.0,4.0,0.5,0.83383685,0.47433877,0.862864,0.7629109,0.0,0.0,0.5,0.0,2
0.32762724,1.0,3.0,4.0,0.73838955,0.39866647,0.4572753,0.57149535,0.49378386,0.0,0.0,0.5,0.0,2
0.16643149,1.0,3.0,4.0,0.6666667,0.5139935,0.51279986,0.90696573,0.6986379,0.0,0.0,0.5,0.0,2
0.7708495,2.0,3.0,4.0,0.20208964,0.54619855,0.50029796,0.49452737,0.51108253,2.0,0.0,0.0,0.0,2
0.14321223,2.0,3.0,4.0,0.86955065,0.5951499,0.6837022,0.843801,0.7329961,0.0,0.0,0.5,0.0,2
0.043212507,1.0,3.0,4.0,0.5,0.45462412,0.6683653,0.3529899,0.4570894,0.0,0.0,0.5,0.0,2
0.107190214,1.0,3.0,4.0,0.33333334,0.61238927,0.7366675,0.41399267,0.54826427,0.0,0.0,0.5,0.0,2
0.11764706,2.0,3.0,4.0,0.6666667,0.59105223,0.7404191,0.44721568,0.55850714,0.0,0.0,0.5,0.0,2
0.0,1.0,3.0,4.0,0.33333334,0.5166252,0.65,0.80066645,0.681677,0.0,0.0,0.5,0.0,2
0.10197769,2.0,3.0,4.0,0.8333333,0.45673305,0.74334055,0.48519996,0.5375699,0.0,0.0,0.5,0.0,2
0.05882353,1.0,3.0,4.0,0.6666667,0.42100927,0.725,0.5269983,0.54241246,0.0,0.0,0.5,0.0,2
0.20792405,2.0,3.0,4.0,0.5,0.49912336,0.5232646,0.2963,0.40935966,0.0,0.0,0.5,0.0,2
0.0,2.0,3.0,4.0,0.5,0.56935036,0.5360401,0.8229885,0.6808772,0.0,0.0,0.5,0.0,2
0.107426316,2.0,3.0,4.0,0.33333334,0.76125324,0.6586876,0.8695844,0.78809977,0.0,0.0,0.5,0.0,2
0.0,1.0,3.0,4.0,0.16666667,0.5240648,0.5663931,0.29507747,0.42626527,0.0,0.0,0.5,0.0,2
0.049883287,2.0,3.0,4.0,0.5,0.5452742,0.74240077,0.5241495,0.5817157,0.0,0.0,0.5,0.0,2
0.1764706,2.0,3.0,4.0,0.6666667,0.5511833,0.60175556,0.7509513,0.6570914,0.0,0.0,0.5,0.0,2
0.0,2.0,3.0,4.0,0.5,0.5673398,0.7042094,0.82251084,0.7196232,0.0,0.0,0.5,0.0,2
0.30531785,2.0,3.0,4.0,0.6666667,0.5318062,0.59464014,0.6075837,0.58225286,0.0,0.0,0.5,0.0,2
0.06104545,1.0,3.0,4.0,0.7756793,0.8378413,0.7163519,0.92732567,0.8513697,0.0,0.0,0.5,0.0,2
0.11764706,1.0,3.0,4.0,0.5,0.49778414,0.6338559,0.60339177,0.57949626,0.0,0.0,0.5,0.0,2
0.0,2.0,3.0,4.0,0.5,0.5979161,0.5724495,0.8323853,0.70226353,0.0,0.0,0.5,0.0,2
0.08499438,2.0,3.0,4.0,0.24693915,0.8975448,0.72408175,0.9451251,0.87912005,0.0,0.0,0.5,0.0,2
0.449778,1.0,3.0,4.0,0.9705188,0.6318321,0.725,0.65356624,0.6639793,0.0,0.0,0.5,0.0,2
0.4421348,2.0,3.0,4.612921,0.290518,0.6911299,0.56955737,0.63143355,0.6344322,2.0,0.0,0.0,0.0,2
0.11977516,2.0,3.0,4.0,0.16666667,0.6716058,0.7481911,0.7010203,0.70347065,0.0,0.0,0.5,0.0,2
0.0734459,1.0,3.0,4.0,0.8333333,0.46652082,0.5687855,0.2684674,0.39737973,0.0,0.0,0.5,0.0,2
0.066694334,2.0,3.0,4.0,0.5,0.50431603,0.6216549,0.6246739,0.588559,0.0,0.0,0.5,0.0,2
0.1764706,2.0,3.0,4.0,0.7635699,0.69188,0.77092904,0.83634573,0.77846885,0.0,0.0,0.5,0.0,2
0.21346982,1.0,3.0,4.0,0.33333334,0.45901972,0.6395169,0.70967853,0.61945003,0.0,0.0,0.5,0.0,2
0.05882353,2.0,3.0,4.0,0.93035805,0.741627,0.85633886,0.85185,0.8204889,0.0,0.0,0.5,0.0,2
0.2728265,1.0,3.0,4.0,0.6666667,0.36735615,0.5271462,0.5303367,0.48164487,0.0,0.0,0.5,0.0,2
0.12577465,2.0,3.0,2.810305,0.009864132,0.61895263,0.50031394,0.4858154,0.5283848,2.0,0.0,0.0,0.0,2
0.03640872,1.0,3.0,4.0,0.33333334,0.49727184,0.6214211,0.56436545,0.5580598,0.0,0.0,0.5,0.0,2
0.15744115,2.0,3.0,4.0,0.88725007,0.84096265,0.85,0.6165549,0.7374863,0.0,0.0,0.5,0.0,2
0.07831725,2.0,3.0,4.0,0.5,0.5673465,0.78757274,0.40741,0.5438997,0.0,0.0,0.5,0.0,2
0.29411766,2.0,3.0,4.0,0.43821648,0.5637739,0.6907325,0.59259,0.60720533,0.0,0.0,0.5,0.0,2
0.15307574,2.0,3.0,4.0,0.6666667,0.7868038,0.5899142,0.51852,0.6142279,0.0,0.0,0.5,0.0,2
0.062624514,1.0,3.0,4.0,1.0,0.84265095,0.7233846,0.85185,0.81891334,0.0,0.0,0.5,0.0,2
0.23278628,2.0,3.0,4.0,0.8262278,0.7802558,0.75213164,0.85027087,0.8065891,0.0,0.0,0.5,0.0,2
0.26555094,1.0,3.0,4.0,0.2285681,0.95938826,0.8128592,0.93015724,0.911157,0.0,0.0,0.5,0.0,2
0.05882353,1.0,3.0,4.0,0.5,0.50110763,0.6734149,0.43459553,0.5103534,0.0,0.0,0.5,0.0,2
0.041636456,2.0,3.0,4.0,0.16666667,0.7313278,0.7176955,0.76467115,0.74381006,0.0,0.0,0.5,0.0,2
0.05882353,2.0,3.0,4.0,0.6666667,0.6479699,0.6750333,0.5370647,0.6021462,0.0,0.0,0.5,0.0,2
0.23529412,1.0,3.0,4.0,0.71100324,0.69433016,0.8284466,0.7383692,0.74660856,0.0,0.0,0.5,0.0,2
0.05004484,1.0,3.0,4.0,0.8333333,0.50945985,0.7,0.41846403,0.5114708,0.0,0.0,0.5,0.0,2
0.0,1.0,3.0,4.0,0.33333334,0.51902974,0.64682,0.7959666,0.67942494,0.0,0.0,0.5,0.0,2
0.007961153,2.0,3.0,4.0,0.6666667,0.64498097,0.6351505,0.85185,0.7400211,0.0,0.0,0.5,0.0,2
0.11764706,2.0,3.0,4.0,0.33333334,0.4720818,0.6121739,0.56553715,0.54902494,0.0,0.0,0.5,0.0,2
0.11764706,1.0,3.0,4.0,0.8333333,0.39251575,0.55,0.32043284,0.39565256,0.0,0.0,0.5,0.0,2
0.10651094,2.0,3.0,4.0,0.33333334,0.5117968,0.6594657,0.4884922,0.5355777,0.0,0.0,0.5,0.0,2
0.22187279,1.0,3.0,4.0,0.6666667,0.539418,0.6539439,0.17089558,0.392942,0.0,0.0,0.5,0.0,2
0.05882353,2.0,3.0,4.0,0.5,0.66703826,0.76797825,0.6562666,0.6857183,0.0,0.0,0.5,0.0,2
0.19955258,1.0,3.0,4.0,0.934601,0.4372231,0.45442954,0.52649146,0.4832825,0.0,0.0,0.5,0.0,2
0.17389543,1.0,3.0,4.0,0.6666667,0.6963588,0.6293778,0.5152769,0.5953798,0.0,0.0,0.5,0.0,2
0.16863853,1.0,3.0,4.0,0.6666667,0.5650023,0.66501415,0.33333,0.47951338,0.0,0.0,0.5,0.0,2
0.55218256,2.0,3.0,4.0,0.51702493,0.397341,0.55,0.12245984,0.30390927,0.0,0.0,0.5,0.0,2
0.275448,1.0,3.0,4.0,0.8333333,0.40846598,0.5341308,0.5194027,0.49024338,0.0,0.0,0.5,0.0,2
0.013451496,1.0,3.0,4.0,0.6666667,0.6665661,0.71000457,0.7428575,0.7126935,0.0,0.0,0.5,0.0,2
0.21280982,2.0,3.0,4.0,0.8333333,0.42918673,0.5941116,0.86765504,0.6743318,0.0,0.0,0.5,0.0,2
0.0,1.0,3.0,4.0,0.6666667,0.56720984,0.62691045,0.2963,0.4537718,0.0,0.0,0.5,0.0,2
0.07525692,2.0,3.0,4.0,0.33333334,0.47122207,0.54190516,0.8415022,0.6621066,0.0,0.0,0.5,0.0,2
0.1764706,1.0,3.0,4.0,0.65505314,0.56595683,0.673258,0.33074972,0.48051867,0.0,0.0,0.5,0.0,2
0.14669901,2.0,3.0,4.0,0.5,0.45109367,0.7,0.64792347,0.6022846,0.0,0.0,0.5,0.0,2
0.05882353,2.0,3.0,4.0,0.7031383,0.8192632,0.76405853,0.99189454,0.8875122,0.0,0.0,0.5,0.0,2
0.05882353,2.0,3.0,4.0,0.8333333,0.52173465,0.63688487,0.42683956,0.5041717,0.0,0.0,0.5,0.0,2
0.029144242,1.0,3.0,4.0,0.33333334,0.58008784,0.675,0.4260934,0.5299492,0.0,0.0,0.5,0.0,2
0.022726407,2.0,3.0,4.0,0.8333333,0.49113268,0.59034127,0.3106065,0.42951927,0.0,0.0,0.5,0.0,2
0.32646328,2.0,3.0,4.0,0.5,0.41483667,0.61751866,0.3166619,0.41633004,0.0,0.0,0.5,0.0,2
0.11764706,2.0,3.0,4.0,0.6666667,0.57651293,0.7806741,0.42762873,0.5544924,0.0,0.0,0.5,0.0,2
0.18948343,1.0,3.0,4.0,0.6666667,0.5597402,0.5777652,0.52671283,0.54843986,0.0,0.0,0.5,0.0,2
0.08533057,2.0,3.0,4.0,0.6666667,0.5199629,0.697531,0.48148,0.543635,0.0,0.0,0.5,0.0,2
0.05190938,2.0,3.0,4.0,0.5,0.54745793,0.744123,0.5228737,0.58216316,0.0,0.0,0.5,0.0,2
0.05882353,2.0,3.0,4.0,0.6666667,0.699672,0.825,0.44444,0.60904944,0.0,0.0,0.5,0.0,2
0.05882353,2.0,3.0,4.0,0.6666667,0.6150328,0.7002931,0.55599415,0.60730994,0.0,0.0,0.5,0.0,2
0.20921923,1.0,3.0,4.0,0.7594545,0.7168877,0.6332455,0.44444,0.56899786,0.0,0.0,0.5,0.0,2
0.29693124,2.0,3.0,4.0,1.0,0.50605804,0.5285873,0.116424486,0.3280042,0.0,0.0,0.5,0.0,2
0.17199743,1.0,3.0,4.0,0.6666667,0.4358734,0.6980989,0.6694863,0.60750407,0.0,0.0,0.5,0.0,2
0.043894544,2.0,3.0,3.0,0.051266138,0.62125814,0.5053125,0.4885719,0.5315362,2.0,0.0,0.0,0.0,2
0.040113468,2.0,3.0,4.0,0.33333334,0.43438694,0.6670482,0.49410933,0.51723486,0.0,0.0,0.5,0.0,2
0.28247827,2.0,3.0,4.0,0.96702176,0.49745744,0.54478693,0.118439086,0.33023375,0.0,0.0,0.5,0.0,2
0.05262544,1.0,3.0,4.0,0.5,0.50730073,0.5552684,0.47367543,0.5027645,0.0,0.0,0.5,0.0,2
0.0,1.0,3.0,4.0,0.6666667,0.49736765,0.64911073,0.2963,0.4384536,0.0,0.0,0.5,0.0,2
0.08773063,2.0,3.0,4.0,0.8333333,0.796051,0.8385724,0.81545043,0.815187,0.0,0.0,0.5,0.0,2
0.03602381,1.0,3.0,4.0,0.6666667,0.50472784,0.5790697,0.5986257,0.56640154,0.0,0.0,0.5,0.0,2
0.11764706,1.0,3.0,4.0,0.16666667,0.6041187,0.54035395,0.53844947,0.5582141,0.0,0.0,0.5,0.0,2
0.11715226,2.0,3.0,4.0,0.8333333,0.56012654,0.52542055,0.37037,0.46265972,0.0,0.0,0.5,0.0,2
0.24561764,2.0,3.0,4.0,0.6617917,0.46724594,0.55,0.21897003,0.3698882,0.0,0.0,0.5,0.0,2
0.05882353,2.0,3.0,4.0,0.6666667,0.6744069,0.6735579,0.44871327,0.5679961,0.0,0.0,0.5,0.0,2
0.1764706,1.0,3.0,4.0,0.6666667,0.70443916,0.6358079,0.5025071,0.5932605,0.0,0.0,0.5,0.0,2
0.05882353,2.0,3.0,4.0,0.33333334,0.542123,0.75161314,0.5902036,0.61404026,0.0,0.0,0.5,0.0,2
0.11764706,2.0,3.0,4.0,0.5,0.47925228,0.63090986,0.48148,0.5159848,0.0,0.0,0.5,0.0,2
0.66771483,2.0,3.0,4.0,0.575064,0.43207762,0.606298,0.22787654,0.3769804,0.0,0.0,0.5,0.0,2
0.42173326,1.0,3.0,4.0,0.8615776,0.6662818,0.725,0.63590705,0.66580313,0.0,0.0,0.5,0.0,2
0.17242867,1.0,3.0,4.0,0.6666667,0.7262882,0.6784357,0.44444,0.58239466,0.0,0.0,0.5,0.0,2
0.26915902,2.0,3.0,4.0,0.5,0.6081581,0.6681777,0.59259,0.6149531,0.0,0.0,0.5,0.0,2
0.05882353,2.0,3.0,4.0,0.5,0.6856339,0.63326174,0.69452035,0.67749476,0.0,0.0,0.5,0.0,2
0.20674457,1.0,3.0,4.0,0.8333333,0.54235125,0.63786644,0.74074,0.6581877,0.0,0.0,0.5,0.0,2
0.1764706,2.0,3.0,4.0,0.5,0.43590507,0.6873626,0.66667,0.60366595,0.0,0.0,0.5,0.0,2
0.13044207,2.0,3.0,4.0,0.5,0.5161979,0.7,0.66667,0.63025606,0.0,0.0,0.5,0.0,2
0.1496656,2.0,3.0,4.0,0.6666667,0.4852855,0.7136079,0.45287928,0.5237586,0.0,0.0,0.5,0.0,2
0.057411227,1.0,3.0,4.0,0.33333334,0.42231673,0.62379956,0.44266164,0.4792963,0.0,0.0,0.5,0.0,2
0.039255906,2.0,3.0,4.0,1.0,0.5978797,0.75,0.49387732,0.584732,0.0,0.0,0.5,0.0,2
0.23468073,2.0,3.0,4.0,1.0,0.52944833,0.62447864,0.36998376,0.47676104,0.0,0.0,0.5,0.0,2
0.04507297,1.0,3.0,4.0,0.16666667,0.6421961,0.5755414,0.21276204,0.42442587,0.0,0.0,0.5,0.0,2
0.5140757,1.0,3.0,3.2607133,0.26504284,0.7344634,0.684511,0.5974397,0.65822816,2.0,0.0,0.0,0.0,2
0.23529412,1.0,3.0,4.0,0.5115424,0.63293225,0.62673134,0.51852,0.5776348,0.0,0.0,0.5,0.0,2
0.004726292,2.0,3.0,4.0,0.32663777,0.74878067,0.796987,0.41038564,0.60087705,0.0,0.0,0.5,0.0,2
0.0,2.0,3.0,4.0,0.33333334,0.5409877,0.5478255,0.33333,0.44487995,0.0,0.0,0.5,0.0,2
0.0061285533,1.0,3.0,4.0,0.6666667,0.48288465,0.59479076,0.33718902,0.44065613,0.0,0.0,0.5,0.0,2
0.15751673,1.0,3.0,4.0,0.6666667,0.71218836,0.6911108,0.44444,0.58123106,0.0,0.0,0.5,0.0,2
0.33084115,1.0,3.0,4.0,0.5,0.7185542,0.6562617,0.6990626,0.6947302,0.0,0.0,0.5,0.0,2
0.027902124,2.0,3.0,4.0,0.16666667,0.49716553,0.5855752,0.62963,0.5803029,0.0,0.0,0.5,0.0,2
0.0067033316,1.0,3.0,4.0,0.6666667,0.49520874,0.6,0.33755097,0.44567695,0.0,0.0,0.5,0.0,2
0.089057915,2.0,3.0,4.0,0.33333334,0.6699948,0.76215035,0.8137792,0.759341,0.0,0.0,0.5,0.0,2
0.22591731,1.0,3.0,4.0,0.6666667,0.61549765,0.65,0.5155678,0.57658976,0.0,0.0,0.5,0.0,2
0.05882353,2.0,3.0,4.0,0.41320533,0.49148595,0.5130192,0.1466115,0.3342575,0.0,0.0,0.5,0.0,2
0.03626469,2.0,3.0,4.0,0.8333333,0.43122333,0.61335003,0.54135513,0.52590036,0.0,0.0,0.5,0.0,2
0.22608009,1.0,3.0,4.0,0.5,0.47923252,0.5195798,0.7095019,0.597088,0.0,0.0,0.5,0.0,2
0.69044626,1.0,3.0,4.0,0.5847353,0.62913495,0.5595577,0.6218523,0.6093367,2.0,0.0,0.0,0.0,2
0.05882353,2.0,3.0,4.0,0.5,0.5050229,0.6194596,0.6255257,0.5886512,0.0,0.0,0.5,0.0,2
0.03520774,2.0,3.0,4.0,0.33333334,0.63146687,0.6450734,0.44444,0.5466546,0.0,0.0,0.5,0.0,2
0.0,2.0,3.0,4.0,0.5,0.5633036,0.72975063,0.8183292,0.7224782,0.0,0.0,0.5,0.0,2
0.11764706,2.0,3.0,4.0,0.6666667,0.70383203,0.7906002,0.12977335,0.45410722,0.0,0.0,0.5,0.0,2
0.20293577,2.0,3.0,4.0,0.408318,0.64749324,0.6474954,0.3740808,0.5188283,0.0,0.0,0.5,0.0,2
0.27125573,2.0,3.0,4.0,0.8333333,0.42535853,0.6514184,0.39915752,0.46622345,0.0,0.0,0.5,0.0,2
0.28448918,1.0,3.0,4.0,0.5,0.6867203,0.70863163,0.4255969,0.5689909,0.0,0.0,0.5,0.0,2
0.0749289,2.0,3.0,4.0,0.8333333,0.45254272,0.5818448,0.51499784,0.51235515,0.0,0.0,0.5,0.0,2
0.054606915,2.0,3.0,4.0,0.33333334,0.6984104,0.74641585,0.70901024,0.71469474,0.0,0.0,0.5,0.0,2
0.05882353,2.0,3.0,4.0,0.8333333,0.66320604,0.58310044,0.54252,0.5875638,0.0,0.0,0.5,0.0,2
0.05835857,1.0,3.0,4.0,0.16666667,0.48626825,0.5998024,0.42607135,0.4846533,0.0,0.0,0.5,0.0,2
0.0007479347,2.0,3.0,4.0,0.16666667,0.74609,0.6990464,0.77730906,0.7497134,0.0,0.0,0.5,0.0,2
0.118093215,2.0,3.0,4.0,0.5,0.74269396,0.7498104,0.40741,0.5865842,0.0,0.0,0.5,0.0,2
0.07814971,2.0,3.0,4.0,0.6666667,0.708224,0.73321366,0.58042395,0.65395784,0.0,0.0,0.5,0.0,2
0.0,1.0,3.0,4.0,0.8333333,0.49321115,0.61584616,0.33333,0.44683105,0.0,0.0,0.5,0.0,2
0.05882353,2.0,3.0,4.0,0.5,0.62658554,0.70301825,0.5600307,0.6132514,0.0,0.0,0.5,0.0,2
0.11764706,2.0,3.0,4.0,0.8333333,0.46989092,0.67415684,0.40741,0.48854753,0.0,0.0,0.5,0.0,2
0.053645108,1.0,3.0,4.0,0.6666667,0.80256945,0.67279917,0.7745147,0.75883365,0.0,0.0,0.5,0.0,2
0.18186986,2.0,3.0,4.0,0.33333334,0.72284484,0.60680354,0.2963,0.4948135,0.0,0.0,0.5,0.0,2
0.013003727,1.0,3.0,4.0,0.33333334,0.5199115,0.59157974,0.53489417,0.5438275,0.0,0.0,0.5,0.0,2
0.05882353,2.0,3.0,4.0,0.5,0.62377703,0.625,0.8124097,0.71283203,0.0,0.0,0.5,0.0,2
0.0,2.0,3.0,4.0,0.33333334,0.46575004,0.6561144,0.28697303,0.42640835,0.0,0.0,0.5,0.0,2
0.20248158,2.0,3.0,4.0,0.8333333,0.59907174,0.63605464,0.34190002,0.4867492,0.0,0.0,0.5,0.0,2
0.19771701,2.0,3.0,4.0,0.6666667,0.5643217,0.6454851,0.74074,0.6664393,0.0,0.0,0.5,0.0,2
0.061991658,1.0,3.0,4.0,0.8333333,0.4752074,0.5736535,0.2612549,0.39768544,0.0,0.0,0.5,0.0,2
0.0,2.0,3.0,4.0,0.33333334,0.48563835,0.6169985,0.284445,0.42186227,0.0,0.0,0.5,0.0,2
0.0,2.0,3.0,4.0,0.54113543,0.5627773,0.73117036,0.25926,0.45956367,0.0,0.0,0.5,0.0,2
0.14478455,1.0,3.0,4.0,0.8333333,0.4944227,0.5932667,0.25926,0.40701297,0.0,0.0,0.5,0.0,2
0.17181692,2.0,3.0,4.0,0.5,0.45209816,0.6980222,0.46442518,0.5157619,0.0,0.0,0.5,0.0,2
0.08564085,2.0,3.0,4.0,1.0,0.52508324,0.6340066,0.13807316,0.3685907,0.0,0.0,0.5,0.0,2
0.13669595,2.0,3.0,4.0,0.8333333,0.70648533,0.5776986,0.9219318,0.7775681,0.0,0.0,0.5,0.0,2
0.0,2.0,3.0,4.0,0.33333334,0.5205828,0.6,0.31002003,0.4401838,0.0,0.0,0.5,0.0,2
0.18187477,1.0,3.0,4.0,0.6666667,0.68975216,0.62729675,0.51852,0.5944732,0.0,0.0,0.5,0.0,2
0.11969825,2.0,3.0,4.0,0.5,0.53786147,0.54738474,0.59129876,0.5652481,0.0,0.0,0.5,0.0,2
0.057458133,1.0,3.0,4.0,1.0,0.4541679,0.63720983,0.53574544,0.5356286,0.0,0.0,0.5,0.0,2
0.23529412,2.0,3.0,4.0,0.8333333,0.67705166,0.73493236,0.22780104,0.4792589,0.0,0.0,0.5,0.0,2
0.23369701,1.0,3.0,4.0,0.6666667,0.56081337,0.7,0.19887413,0.42323723,0.0,0.0,0.5,0.0,2
0.05882353,2.0,3.0,4.0,0.16666667,0.5501463,0.6103354,0.5619682,0.5698739,0.0,0.0,0.5,0.0,2
0.1603203,2.0,3.0,4.0,0.5,0.7268146,0.65,0.8799332,0.78079903,0.0,0.0,0.5,0.0,2
0.05882353,2.0,3.0,4.0,0.6666667,0.6759821,0.6685856,0.46344718,0.5742234,0.0,0.0,0.5,0.0,2
0.23529412,2.0,3.0,4.0,0.5,0.47317895,0.5458955,0.38695288,0.44971746,0.0,0.0,0.5,0.0,2
0.11764706,2.0,3.0,4.0,0.5,0.4570878,0.6973517,0.4483637,0.50951356,0.0,0.0,0.5,0.0,2
0.1764706,2.0,3.0,4.0,0.16666667,0.5299632,0.6674215,0.48148,0.5394903,0.0,0.0,0.5,0.0,2
0.05882353,2.0,3.0,4.0,0.8333333,0.34427688,0.65937567,0.25231543,0.37514356,0.0,0.0,0.5,0.0,2
0.20134278,2.0,3.0,4.0,0.33333334,0.69006616,0.63942933,0.6609488,0.6644481,0.0,0.0,0.5,0.0,2
0.16924344,2.0,3.0,4.0,0.5,0.44171548,0.7,0.6621192,0.6062063,0.0,0.0,0.5,0.0,2
0.2430823,1.0,3.0,4.0,0.5,0.6843477,0.725,0.37527406,0.5484644,0.0,0.0,0.5,0.0,2
0.27519435,2.0,3.0,4.0,0.526808,0.8207958,0.8169576,0.54960215,0.6922695,0.0,0.0,0.5,0.0,2
0.0,2.0,3.0,4.0,0.33333334,0.5084958,0.5279021,0.35399988,0.44036195,0.0,0.0,0.5,0.0,2
0.0,1.0,3.0,4.0,0.33333334,0.5273516,0.65617526,0.51852,0.55351067,0.0,0.0,0.5,0.0,2
0.1764706,1.0,3.0,4.0,0.456952,0.50774086,0.6314572,0.74074,0.64649785,0.0,0.0,0.5,0.0,2
0.065797016,2.0,3.0,4.0,0.8333333,0.44156018,0.74407256,0.18079895,0.39002427,0.0,0.0,0.5,0.0,2
0.27777046,2.0,3.0,4.0,0.5,0.6042289,0.6791573,0.59259,0.61638045,0.0,0.0,0.5,0.0,2
0.0,1.0,3.0,4.0,0.16666667,0.7676164,0.6387908,0.71200573,0.7111349,0.0,0.0,0.5,0.0,2
0.0,2.0,3.0,4.0,0.33333334,0.6331241,0.63100916,0.4770284,0.55917525,0.0,0.0,0.5,0.0,2
0.11764706,2.0,3.0,4.0,0.8904066,0.8188025,0.766439,0.73973155,0.7692706,0.0,0.0,0.5,0.0,2
0.15818065,2.0,3.0,4.0,0.6666667,0.5761798,0.775,0.4699632,0.57297856,0.0,0.0,0.5,0.0,2
0.16131459,1.0,3.0,4.0,0.5,0.66640025,0.6935587,0.6762109,0.67740554,0.0,0.0,0.5,0.0,2
0.05882353,2.0,3.0,4.0,1.0,0.5097756,0.72962207,0.54871196,0.5798249,0.0,0.0,0.5,0.0,2
0.12676854,1.0,3.0,4.0,0.8333333,0.66703826,0.6307489,0.42166737,0.54303145,0.0,0.0,0.5,0.0,2
0.13600682,1.0,3.0,4.0,0.6666667,0.5277449,0.6765913,0.2616208,0.43752992,0.0,0.0,0.5,0.0,2
0.022074113,2.0,3.0,4.0,0.33333334,0.5851864,0.581289,0.5647945,0.5746712,0.0,0.0,0.5,0.0,2
0.08595908,2.0,3.0,4.0,0.16666667,0.6029637,0.6615326,0.4415788,0.54079807,0.0,0.0,0.5,0.0,2
0.114804804,2.0,3.0,4.0,0.5,0.6025665,0.76431197,0.40741,0.5487845,0.0,0.0,0.5,0.0,2
0.29411766,2.0,3.0,4.0,0.47467464,0.56345725,0.75,0.6352583,0.64113593,0.0,0.0,0.5,0.0,2
0.049409647,2.0,3.0,4.0,0.6666667,0.43903962,0.5669982,0.43851388,0.4688999,0.0,0.0,0.5,0.0,2
0.11764706,2.0,3.0,4.0,0.5,0.48258412,0.61673194,0.4752825,0.5107145,0.0,0.0,0.5,0.0,2
0.05947245,2.0,3.0,4.0,0.5,0.75017864,0.6758274,0.9247042,0.81481445,0.0,0.0,0.5,0.0,2
0.05882353,2.0,3.0,4.0,0.8333333,0.50331867,0.7187387,0.7500168,0.6700981,0.0,0.0,0.5,0.0,2
0.11764706,1.0,3.0,4.0,0.8333333,0.45307457,0.49309927,0.32439378,0.40193558,0.0,0.0,0.5,0.0,2
0.018918892,1.0,3.0,4.0,0.38693687,0.6890034,0.61695945,0.90080285,0.77171725,0.0,0.0,0.5,0.0,2
0.20514534,1.0,3.0,4.0,0.29271078,0.57273597,0.6060934,0.42546347,0.51128054,0.0,0.0,0.5,0.0,2
0.11764706,2.0,3.0,4.0,0.6666667,0.5302263,0.64604926,0.42688134,0.50884855,0.0,0.0,0.5,0.0,2
0.2076283,2.0,3.0,4.0,0.6666667,0.57950604,0.5852739,0.5947935,0.5880568,0.0,0.0,0.5,0.0,2
0.1764706,2.0,3.0,4.0,0.6666667,0.54884535,0.66234624,0.5554031,0.578636,0.0,0.0,0.5,0.0,2
0.11031094,1.0,3.0,4.0,0.8333333,0.46909368,0.7,0.37498942,0.47914523,0.0,0.0,0.5,0.0,2
0.38909554,1.0,3.0,4.0,0.8333333,0.53582925,0.701828,0.41589522,0.51845276,0.0,0.0,0.5,0.0,2
0.04195704,2.0,3.0,3.3566349,0.21127251,0.56677777,0.49968514,0.48556444,0.5127732,2.0,0.0,0.0,0.0,2
0.02583532,1.0,3.0,4.0,0.8333333,0.48471242,0.6,0.3251982,0.43677694,0.0,0.0,0.5,0.0,2
0.10487005,2.0,3.0,4.0,0.36953485,0.9126969,0.7554302,0.8228554,0.83341366,0.0,0.0,0.5,0.0,2
0.2779032,2.0,3.0,4.0,0.6666667,0.5831906,0.62844557,0.74584496,0.6703785,0.0,0.0,0.5,0.0,2
0.33312014,2.0,3.0,4.0,1.0,0.490727,0.57472813,0.1847806,0.3665164,0.0,0.0,0.5,0.0,2
0.17658117,2.0,3.0,4.0,0.6666667,0.4719855,0.62485904,0.22222,0.39042553,0.0,0.0,0.5,0.0,2
0.1869631,2.0,3.0,4.0,0.33333334,0.95846814,0.886622,0.986788,0.95489264,0.0,0.0,0.5,0.0,2
0.1764706,2.0,3.0,4.0,0.6666667,0.59873843,0.6992732,0.5947436,0.6205148,0.0,0.0,0.5,0.0,2
0.107830286,2.0,3.0,4.0,0.5,0.7143403,0.6541721,0.9012512,0.788144,0.0,0.0,0.5,0.0,2
0.06948937,2.0,3.0,4.0,0.33333334,0.82634175,0.670467,0.91921395,0.8333653,0.0,0.0,0.5,0.0,2
0.30733252,1.0,3.0,4.0,0.8333333,0.6293416,0.61530817,0.399085,0.5176848,0.0,0.0,0.5,0.0,2
0.10615613,1.0,3.0,4.0,0.6666667,0.5170644,0.5600582,0.5406578,0.5382796,0.0,0.0,0.5,0.0,2
0.10285441,2.0,3.0,4.0,0.6666667,0.5338135,0.64685655,0.45375463,0.5227394,0.0,0.0,0.5,0.0,2
0.11645768,1.0,3.0,4.0,0.9149817,0.63229996,0.7494945,0.6477756,0.66716045,0.0,0.0,0.5,0.0,2
0.59449303,2.0,3.0,4.0,0.6666667,0.49768043,0.675,0.4239526,0.5047081,0.0,0.0,0.5,0.0,2
0.18259633,2.0,3.0,4.0,0.6666667,0.6991973,0.7921897,0.73688275,0.7388155,0.0,0.0,0.5,0.0,2
0.11764706,2.0,3.0,4.0,1.0,0.7759709,0.68309206,0.7156915,0.7257525,0.0,0.0,0.5,0.0,2
0.100173146,1.0,3.0,4.0,0.5,0.8205827,0.4445585,0.840847,0.7416444,0.0,0.0,0.5,0.0,2
0.17957671,1.0,3.0,4.0,0.8333333,0.58711565,0.6289603,0.73487294,0.66649824,0.0,0.0,0.5,0.0,2
0.1764706,2.0,3.0,4.0,0.6666667,0.5403389,0.6148454,0.036042288,0.32055873,0.0,0.0,0.5,0.0,2
0.023566531,2.0,3.0,4.0,0.5,0.60714227,0.82996845,0.45180526,0.5864704,0.0,0.0,0.5,0.0,2
0.51676357,1.6021457,1.0,4.0,0.6506839,0.48795447,0.40310615,0.5144298,0.48044914,2.0,0.0,0.0,0.0,2
0.060172517,1.0,3.0,4.0,0.33333334,0.47589338,0.6505733,0.5917408,0.57151437,0.0,0.0,0.5,0.0,2
0.0,1.0,3.0,4.0,0.33333334,0.5597315,0.6330527,0.77778,0.6795962,0.0,0.0,0.5,0.0,2
0.11764706,1.0,3.0,4.0,0.5,0.7407758,0.6477368,0.7037,0.7014409,0.0,0.0,0.5,0.0,2
0.0,1.0,3.0,4.0,0.33333334,0.59059376,0.628725,0.77778,0.6876553,0.0,0.0,0.5,0.0,2
0.07674026,2.0,3.0,4.0,0.5,0.4971195,0.6826146,0.41868874,0.503854,0.0,0.0,0.5,0.0,2
0.05882353,2.0,3.0,4.0,0.33333334,0.43294588,0.75,0.6942916,0.6305307,0.0,0.0,0.5,0.0,2
0.116586424,2.0,3.0,4.0,0.8333333,0.582543,0.60090154,0.40741,0.5044477,0.0,0.0,0.5,0.0,2
0.1517833,1.0,3.0,4.0,0.33333334,0.6702656,0.71450794,0.55556,0.62669206,0.0,0.0,0.5,0.0,2
0.28383124,2.0,3.0,4.0,0.6666667,0.63917696,0.6043717,0.5796374,0.6029662,0.0,0.0,0.5,0.0,2
0.05882353,1.0,3.0,4.0,0.33333334,0.44073838,0.6609777,0.39114016,0.4692201,0.0,0.0,0.5,0.0,2
0.13961545,2.0,3.0,4.0,0.6666667,0.5067464,0.68433654,0.59259,0.58892727,0.0,0.0,0.5,0.0,2
0.16207333,1.0,3.0,4.0,0.6666667,0.43922257,0.70305943,0.6530727,0.6019324,0.0,0.0,0.5,0.0,2
0.05882353,2.0,3.0,4.0,0.5,0.4834387,0.6103258,0.2396689,0.3985783,0.0,0.0,0.5,0.0,2
0.1764706,1.0,3.0,4.0,0.37264293,0.48108733,0.6441035,0.74074,0.6416366,0.0,0.0,0.5,0.0,2
0.021848353,2.0,3.0,4.0,0.16666667,0.4865832,0.65,0.37037,0.47034463,0.0,0.0,0.5,0.0,2
0.11764706,2.0,3.0,4.0,0.5,0.421687,0.6937458,0.33333,0.44412217,0.0,0.0,0.5,0.0,2
0.0,2.0,3.0,4.0,0.5,0.5844943,0.63989747,0.48883736,0.5525145,0.0,0.0,0.5,0.0,2
0.1764706,2.0,3.0,4.0,0.16666667,0.5308663,0.6074941,0.4641912,0.5175179,0.0,0.0,0.5,0.0,2
0.074493185,2.0,3.0,4.0,0.16666667,0.7211873,0.658298,0.74074,0.71559095,0.0,0.0,0.5,0.0,2
0.035228647,1.0,3.0,4.0,0.5,0.59801376,0.65254176,0.74074,0.6780138,0.0,0.0,0.5,0.0,2
0.1764706,2.0,3.0,4.0,0.6666667,0.608607,0.857652,0.38964537,0.5641641,0.0,0.0,0.5,0.0,2
0.0,2.0,3.0,4.0,1.0,0.59252113,0.68624467,0.44444,0.544892,0.0,0.0,0.5,0.0,2
0.11764706,1.0,3.0,4.0,0.16666667,0.6511981,0.5620208,0.46339095,0.54183656,0.0,0.0,0.5,0.0,2
0.0,2.0,3.0,4.0,0.8333333,0.5478384,0.64108735,0.25926,0.43398127,0.0,0.0,0.5,0.0,2
0.11764706,2.0,3.0,4.0,0.5,0.8434759,0.6814089,0.81481,0.7918559,0.0,0.0,0.5,0.0,2
0.17594862,2.0,3.0,4.0,0.16666667,0.6501317,0.7004437,0.63061595,0.65278006,0.0,0.0,0.5,0.0,2
0.043954093,2.0,3.0,4.0,0.33333334,0.6897901,0.6692366,0.43507954,0.56508887,0.0,0.0,0.5,0.0,2
0.19176552,2.0,3.0,4.0,0.6666667,0.5520935,0.6869993,0.5829617,0.59835905,0.0,0.0,0.5,0.0,2
0.11764706,2.0,3.0,4.0,0.34161454,0.5088876,0.6762422,0.78146034,0.6765287,0.0,0.0,0.5,0.0,2
0.22335668,2.0,3.0,4.0,0.16666667,0.53436047,0.64492655,0.48148,0.5354905,0.0,0.0,0.5,0.0,2
0.5318324,2.0,1.0,5.0,0.50354844,0.6311398,0.44790304,0.54327494,0.5466771,2.0,0.0,0.0,0.0,2
0.0,2.0,3.0,4.0,0.66327447,0.58236593,0.74949116,0.25926,0.46964017,0.0,0.0,0.5,0.0,2
0.21584775,1.0,3.0,4.0,0.36088237,0.4501066,0.5415294,0.284055,0.3934713,0.0,0.0,0.5,0.0,2
0.19410282,2.0,3.0,4.0,0.7166247,0.73885214,0.7850126,0.82591265,0.7906879,0.0,0.0,0.5,0.0,2
0.05882353,2.0,3.0,4.0,0.8333333,0.44127437,0.6,0.37037,0.44525197,0.0,0.0,0.5,0.0,2
0.3631152,1.0,3.0,4.0,0.5,0.5447668,0.61033803,0.36396363,0.47511363,0.0,0.0,0.5,0.0,2
0.19972596,1.0,3.0,4.0,0.8333333,0.6925837,0.68488353,0.65202355,0.67168736,0.0,0.0,0.5,0.0,2
0.067103885,2.0,3.0,4.0,0.16666667,0.50208175,0.625,0.515913,0.53751504,0.0,0.0,0.5,0.0,2
0.21483849,1.0,3.0,4.0,0.6666667,0.50250435,0.6641291,0.65056366,0.61020863,0.0,0.0,0.5,0.0,2
0.055521406,2.0,3.0,4.0,0.33333334,0.6655927,0.6278068,0.44444,0.5526289,0.0,0.0,0.5,0.0,2
0.05016047,2.0,3.0,4.0,0.5,0.56837213,0.7647272,0.51306504,0.58854705,0.0,0.0,0.5,0.0,2
0.14993632,2.0,3.0,4.0,0.8333333,0.57749367,0.63063854,0.40741,0.5099584,0.0,0.0,0.5,0.0,2
0.27194622,2.0,3.0,4.0,0.6666667,0.5963188,0.6188457,0.57863283,0.59329337,0.0,0.0,0.5,0.0,2
0.14930984,2.0,3.0,4.0,0.9102888,0.8402863,0.80382675,0.6267952,0.73124087,0.0,0.0,0.5,0.0,2
0.08935847,2.0,3.0,4.0,0.16666667,0.47250488,0.61202264,0.49929276,0.51793945,0.0,0.0,0.5,0.0,2
0.15087174,2.0,3.0,4.0,0.33333334,0.6720068,0.625,0.3590571,0.5136724,0.0,0.0,0.5,0.0,2
0.055138428,2.0,3.0,4.0,0.6666667,0.49940452,0.66716915,0.2986198,0.44439152,0.0,0.0,0.5,0.0,2
0.1764706,2.0,3.0,4.0,0.6666667,0.6503963,0.6823495,0.6448919,0.6553235,0.0,0.0,0.5,0.0,2
0.037127685,1.0,3.0,4.0,0.6666667,0.4830543,0.64077926,0.7134208,0.6285755,0.0,0.0,0.5,0.0,2
0.1764706,2.0,3.0,4.0,0.33333334,0.55769444,0.6475079,0.7370482,0.6632288,0.0,0.0,0.5,0.0,2
0.19342707,1.0,3.0,4.0,0.6666667,0.5045221,0.6701957,0.6595519,0.6164596,0.0,0.0,0.5,0.0,2
0.12297705,1.0,3.0,4.0,0.6666667,0.4710499,0.66593903,0.4848362,0.52339286,0.0,0.0,0.5,0.0,2
0.025857287,1.0,3.0,4.0,0.6666667,0.50877815,0.6,0.33333,0.44768208,0.0,0.0,0.5,0.0,2
0.117233574,2.0,3.0,4.0,0.33333334,0.5294691,0.7494728,0.48174036,0.5587775,0.0,0.0,0.5,0.0,2
0.4638494,2.0,3.0,4.0,0.9904533,0.6829433,0.647136,0.4095311,0.5458496,0.0,0.0,0.5,0.0,2
0.013248453,1.0,3.0,4.0,0.33333334,0.5196748,0.59189177,0.5352023,0.54397625,0.0,0.0,0.5,0.0,2
0.05882353,2.0,3.0,4.0,0.5,0.6094539,0.66843253,0.9435006,0.780529,0.0,0.0,0.5,0.0,2
0.0,1.0,3.0,4.0,0.23313935,0.43548316,0.475,0.20017244,0.3340437,0.0,0.0,0.5,0.0,2
0.23074253,2.0,3.0,4.0,0.82043713,0.45702493,0.6308033,0.13668661,0.3471651,0.0,0.0,0.5,0.0,2
0.0,1.0,3.0,4.0,1.0,0.43087208,0.59720606,0.821024,0.6536094,0.0,0.0,0.5,0.0,2
0.0,1.0,3.0,4.0,0.33333334,0.51685405,0.55033505,0.47999084,0.50738347,0.0,0.0,0.5,0.0,2
0.0,1.0,3.0,4.0,1.0,0.59893006,0.6141373,0.62400585,0.6143096,0.0,0.0,0.5,0.0,2
0.0,1.0,3.0,4.0,0.17409916,0.4574194,0.575,0.3349818,0.42746732,0.0,0.0,0.5,0.0,2
0.11551249,1.0,3.0,4.0,0.6666667,0.44109404,0.50544316,0.66935784,0.56365114,0.0,0.0,0.5,0.0,2
0.1764706,1.0,3.0,4.0,0.5,0.40892622,0.618107,0.33714515,0.42436585,0.0,0.0,0.5,0.0,2
0.3043037,1.0,3.0,4.0,0.8333333,0.42659742,0.575,0.2018054,0.35573477,0.0,0.0,0.5,0.0,2
0.08386745,1.0,3.0,4.0,0.8333333,0.45870513,0.70532185,0.4152927,0.49630538,0.0,0.0,0.5,0.0,2
0.060303845,2.0,3.0,4.0,0.8333333,0.52895063,0.6487417,0.40927398,0.5008178,0.0,0.0,0.5,0.0,2
0.02183571,1.0,3.0,4.0,0.33333334,0.51655036,0.5842802,0.51852,0.53341436,0.0,0.0,0.5,0.0,2
0.12601331,2.0,3.0,4.0,1.0,0.5727949,0.6571113,0.33333,0.47994596,0.0,0.0,0.5,0.0,2
0.018260065,1.0,3.0,4.0,0.33333334,0.52036446,0.675,0.524269,0.5585896,0.0,0.0,0.5,0.0,2
0.05882353,2.0,3.0,4.0,0.6666667,0.82948697,0.73840696,1.0,0.8882968,0.0,0.0,0.5,0.0,2
0.7131423,2.0,3.0,4.0,0.2043787,0.5376226,0.489513,0.4876284,0.50277597,2.0,0.0,0.0,0.0,2
0.0,1.0,3.0,4.0,0.6666667,0.4737205,0.6926545,0.20151322,0.39713058,0.0,0.0,0.5,0.0,2
0.12038239,2.0,3.0,4.0,0.5,0.4224634,0.7,0.843239,0.68578094,0.0,0.0,0.5,0.0,2
0.022370622,2.0,3.0,4.0,1.0,0.64186347,0.72147745,0.45852634,0.5743216,0.0,0.0,0.5,0.0,2
0.23529412,2.0,3.0,4.0,0.16666667,0.52587783,0.7078505,0.4236294,0.52058005,0.0,0.0,0.5,0.0,2
0.07917179,2.0,3.0,4.0,0.8333333,0.5415334,0.707704,0.7151177,0.66231894,0.0,0.0,0.5,0.0,2
0.13618763,1.0,3.0,4.0,0.33333334,0.61696315,0.65651894,0.6062839,0.6212424,0.0,0.0,0.5,0.0,2
0.6284957,2.0,3.0,4.0,0.5380237,0.4108802,0.5785178,0.17025816,0.3370947,0.0,0.0,0.5,0.0,2
0.05373973,2.0,3.0,4.0,0.6666667,0.550395,0.6521606,0.6360315,0.61463684,0.0,0.0,0.5,0.0,2
0.0,1.0,3.0,4.0,0.16666667,0.6035287,0.53224117,0.2309905,0.41144222,0.0,0.0,0.5,0.0,2
0.08617044,1.0,3.0,4.0,0.9554081,0.8995456,0.70668876,0.8617601,0.8363871,0.0,0.0,0.5,0.0,2
0.11196228,1.0,3.0,4.0,0.5,0.4439099,0.66612405,0.44444,0.49644685,0.0,0.0,0.5,0.0,2
0.29411766,2.0,3.0,4.0,0.33333334,0.5291592,0.7404009,0.65718865,0.6391065,0.0,0.0,0.5,0.0,2
0.30105087,1.0,3.0,4.0,0.68631077,0.48031148,0.66321355,0.25489432,0.4172655,0.0,0.0,0.5,0.0,2
0.18900613,2.0,3.0,4.0,0.5,0.44741392,0.70532763,0.4590133,0.51355714,0.0,0.0,0.5,0.0,2
0.010125389,1.0,3.0,4.0,0.33333334,0.55120426,0.66721314,0.808436,0.6995534,0.0,0.0,0.5,0.0,2
0.10515959,2.0,3.0,4.0,0.8687145,0.7930515,0.7856143,0.79350406,0.79151505,0.0,0.0,0.5,0.0,2
0.3529412,1.0,3.0,4.0,0.6666667,0.4458933,0.5498851,0.5786825,0.5328471,0.0,0.0,0.5,0.0,2
0.08791065,2.0,3.0,4.0,0.16666667,0.45291123,0.6,0.5189288,0.5185848,0.0,0.0,0.5,0.0,2
0.0012028917,1.0,3.0,4.0,0.6666667,0.48639318,0.59897757,0.33408743,0.44121382,0.0,0.0,0.5,0.0,2
0.1764706,2.0,3.0,4.0,0.16666667,0.53008854,0.6677517,0.48148,0.53960484,0.0,0.0,0.5,0.0,2
0.10147975,2.0,3.0,4.0,0.6666667,0.57220626,0.5931289,0.48798206,0.5374921,0.0,0.0,0.5,0.0,2
0.0,1.0,3.0,4.0,0.30146822,0.34081158,0.49411908,0.36328828,0.38746348,0.0,0.0,0.5,0.0,2
0.33304337,1.0,3.0,4.0,0.8333333,0.44399628,0.59191316,0.1846356,0.35675168,0.0,0.0,0.5,0.0,2
0.04066478,1.0,3.0,4.0,0.5,0.46920258,0.6595651,0.3561984,0.46081513,0.0,0.0,0.5,0.0,2
0.05882353,2.0,3.0,4.0,0.5,0.6342206,0.7236759,0.59062874,0.63475186,0.0,0.0,0.5,0.0,2
0.0,1.0,3.0,4.0,0.16666667,0.6645327,0.65326434,0.48027086,0.57517296,0.0,0.0,0.5,0.0,2
0.069589145,1.0,3.0,4.0,0.8333333,0.46099144,0.7,0.4006311,0.48882595,0.0,0.0,0.5,0.0,2
0.17776679,2.0,3.0,4.0,0.8333333,0.5816682,0.62389827,0.48311237,0.54522216,0.0,0.0,0.5,0.0,2
0.09176376,1.0,3.0,4.0,0.5,0.57270026,0.6139996,0.3763001,0.48999536,0.0,0.0,0.5,0.0,2
0.1272953,1.0,3.0,4.0,0.5970017,0.5494928,0.541799,0.92593,0.7248261,0.0,0.0,0.5,0.0,2
0.4065388,1.0,3.0,4.0,0.6814734,0.58627474,0.579442,0.40411934,0.49894372,0.0,0.0,0.5,0.0,2
0.037205398,2.0,3.0,4.0,0.5,0.4728222,0.61709386,0.48148,0.5108461,0.0,0.0,0.5,0.0,2
0.05882353,1.0,3.0,4.0,0.33333334,0.49147245,0.6522553,0.44444,0.5071697,0.0,0.0,0.5,0.0,2
0.062261734,1.0,3.0,4.0,0.33333334,0.46324,0.6965904,0.33260855,0.45667687,0.0,0.0,0.5,0.0,2
0.13102409,1.0,3.0,4.0,0.5,0.74582434,0.6806852,0.69527906,0.7067158,0.0,0.0,0.5,0.0,2
0.11764706,2.0,3.0,4.0,0.33333334,0.8698517,0.72019887,0.7927393,0.79834837,0.0,0.0,0.5,0.0,2
0.09073799,2.0,3.0,4.0,0.5,0.43455112,0.5542546,0.26556274,0.38318947,0.0,0.0,0.5,0.0,2
0.24754706,2.0,3.0,4.0,0.5,0.46857113,0.660415,0.38426578,0.47403625,0.0,0.0,0.5,0.0,2
0.09110816,2.0,3.0,4.0,0.5,0.6658072,0.6975581,0.633248,0.65795183,0.0,0.0,0.5,0.0,2
0.104364686,2.0,3.0,4.0,0.5,0.47858557,0.7,0.62126637,0.5978261,0.0,0.0,0.5,0.0,2
0.0721263,2.0,3.0,4.0,0.8333333,0.6618007,0.58065367,0.37874648,0.5095036,0.0,0.0,0.5,0.0,2
0.23529412,2.0,3.0,4.0,0.5,0.5597439,0.5614811,0.59259,0.5756157,0.0,0.0,0.5,0.0,2
0.184867,2.0,3.0,4.0,0.5,0.9435409,0.78570545,0.9206387,0.8956251,0.0,0.0,0.5,0.0,2
0.016583486,2.0,3.0,4.0,0.6666667,0.5186708,0.628524,0.5080777,0.53953207,0.0,0.0,0.5,0.0,2
0.039069876,1.0,3.0,4.0,0.33333334,0.54719573,0.6414188,0.39497152,0.49773058,0.0,0.0,0.5,0.0,2
0.05882353,1.0,3.0,4.0,0.5,0.73875004,0.62298864,0.74074,0.7124504,0.0,0.0,0.5,0.0,2
0.2883787,2.0,3.0,4.0,0.8333333,0.5780625,0.53963435,0.6630563,0.60901445,0.0,0.0,0.5,0.0,2
0.016236834,2.0,3.0,4.0,0.31033117,0.84971744,0.74654967,0.449552,0.6371342,0.0,0.0,0.5,0.0,2
0.20822576,1.0,3.0,4.0,0.5,0.47845992,0.625,0.7007542,0.6175507,0.0,0.0,0.5,0.0,2
0.04407551,1.0,3.0,4.0,0.6666667,0.5414152,0.61253583,0.35179946,0.4689203,0.0,0.0,0.5,0.0,2
0.29411766,2.0,3.0,4.0,0.2849021,0.51215655,0.6604706,0.6033534,0.58997077,0.0,0.0,0.5,0.0,2
0.3741712,1.0,3.0,4.0,0.33333334,0.78296936,0.65162873,0.8227006,0.77076197,0.0,0.0,0.5,0.0,2
0.05882353,2.0,3.0,4.0,0.6666667,0.4745314,0.66380644,0.4773339,0.5203897,0.0,0.0,0.5,0.0,2
0.0,2.0,3.0,4.0,0.33333334,0.52897525,0.54449666,0.32014832,0.43435585,0.0,0.0,0.5,0.0,2
0.23787507,2.0,3.0,4.0,0.5,0.47369805,0.64780617,0.40578482,0.4827033,0.0,0.0,0.5,0.0,2
0.0,2.0,3.0,4.0,0.33333334,0.71210885,0.6853005,0.62963,0.6669886,0.0,0.0,0.5,0.0,2
0.11732423,2.0,3.0,4.0,0.6666667,0.6886039,0.7748628,0.7593616,0.74219936,0.0,0.0,0.5,0.0,2
0.17533338,2.0,3.0,4.0,1.0,0.47688934,0.6754833,0.58000803,0.57214123,0.0,0.0,0.5,0.0,2
0.18399203,2.0,3.0,4.0,0.33333334,0.53855747,0.56278646,0.3428022,0.4521441,0.0,0.0,0.5,0.0,2
0.11764706,1.0,3.0,4.0,0.5,0.504708,0.6363788,0.59591687,0.5786092,0.0,0.0,0.5,0.0,2
0.073033825,2.0,3.0,4.0,0.5,0.5070565,0.6379212,0.26820794,0.42545077,0.0,0.0,0.5,0.0,2
0.073287785,2.0,3.0,4.0,0.6666667,0.53218144,0.6561473,0.62052214,0.60291946,0.0,0.0,0.5,0.0,2
0.05882353,2.0,3.0,4.0,0.6666667,0.5750845,0.72544867,0.77778,0.7058551,0.0,0.0,0.5,0.0,2
0.110220365,2.0,3.0,4.0,1.0,0.7654023,0.5657817,0.38439807,0.539136,0.0,0.0,0.5,0.0,2
0.1764706,2.0,3.0,4.0,0.16666667,0.52836007,0.51596296,0.40741,0.46852618,0.0,0.0,0.5,0.0,2
0.24480116,2.0,3.0,4.0,0.8333333,0.5634737,0.56691897,0.5615448,0.5633802,0.0,0.0,0.5,0.0,2
0.04379451,2.0,3.0,4.0,0.5,0.62413746,0.70054936,0.93457216,0.78820217,0.0,0.0,0.5,0.0,2
0.0031389438,2.0,3.0,4.0,1.0,0.51110905,0.6303362,0.48543307,0.52708566,0.0,0.0,0.5,0.0,2
0.077614896,1.0,3.0,4.0,0.2600304,0.6142656,0.54803187,0.7940664,0.68329537,0.0,0.0,0.5,0.0,2
0.0734865,2.0,3.0,4.0,0.5,0.4909678,0.6937682,0.601823,0.59085137,0.0,0.0,0.5,0.0,2
0.11764706,2.0,3.0,4.0,0.75966346,0.61999756,0.7442019,0.11540521,0.41176692,0.0,0.0,0.5,0.0,2
0.17029251,2.0,3.0,4.0,0.33333334,0.49442852,0.6052514,0.4649051,0.5066139,0.0,0.0,0.5,0.0,2
0.05328518,1.0,3.0,4.0,0.33333334,0.48035124,0.65235376,0.5856162,0.5703625,0.0,0.0,0.5,0.0,2
0.2205474,1.6563368,3.0,3.0,0.09072708,0.67538065,0.55350304,0.5166566,0.57200986,2.0,0.0,0.0,0.0,2
0.05882353,2.0,3.0,4.0,0.7862615,0.8194063,0.725,0.9734212,0.869672,0.0,0.0,0.5,0.0,2
0.05882353,2.0,3.0,4.0,0.8333333,0.73616356,0.6456954,0.6602862,0.6791694,0.0,0.0,0.5,0.0,2
0.0,1.0,3.0,4.0,0.33333334,0.51469857,0.6449586,0.77778,0.6691523,0.0,0.0,0.5,0.0,2
0.036945138,2.0,3.0,4.0,0.6666667,0.83339417,0.65,0.86133724,0.80339086,0.0,0.0,0.5,0.0,2
0.20304099,2.0,3.0,4.0,0.8333333,0.42550132,0.58870757,0.4038272,0.45370317,0.0,0.0,0.5,0.0,2
0.21191874,2.0,3.0,4.0,0.8333333,0.61091596,0.70032734,0.48148,0.5710401,0.0,0.0,0.5,0.0,2
0.0,2.0,3.0,4.0,0.5,0.57646674,0.7,0.48839965,0.5640909,0.0,0.0,0.5,0.0,2
0.05882353,2.0,3.0,4.0,0.16666667,0.47802246,0.6110268,0.53922266,0.5381167,0.0,0.0,0.5,0.0,2
0.19948345,1.0,3.0,4.0,0.6666667,0.5475286,0.675,0.31884122,0.46990395,0.0,0.0,0.5,0.0,2
0.16548687,1.0,3.0,4.0,0.19778723,0.63665813,0.48267657,0.78023255,0.6679933,0.0,0.0,0.5,0.0,2
0.0055315355,1.0,3.0,4.0,0.33333334,0.5924482,0.675,0.44444,0.542218,0.0,0.0,0.5,0.0,2
0.25627476,2.0,3.0,4.0,0.5,0.58960724,0.70175034,0.6058011,0.62361574,0.0,0.0,0.5,0.0,2
0.014265772,1.0,3.0,4.0,1.0,0.53081673,0.65,0.14703906,0.37825647,0.0,0.0,0.5,0.0,2
0.05882353,1.0,3.0,4.0,0.33333334,0.7621463,0.69308895,0.55556,0.648678,0.0,0.0,0.5,0.0,2
0.11764706,2.0,3.0,4.0,1.0,0.53398067,0.5921913,0.6574286,0.6057667,0.0,0.0,0.5,0.0,2
0.021019138,1.0,3.0,4.0,0.5,0.60909903,0.5410669,0.6931371,0.6326362,0.0,0.0,0.5,0.0,2
0.047303483,1.0,3.0,4.0,0.33333334,0.5600382,0.675,0.44444,0.5326882,0.0,0.0,0.5,0.0,2
0.1825319,2.0,3.0,4.0,0.68384033,0.51093125,0.4853042,0.789229,0.63586473,0.0,0.0,0.5,0.0,2
0.2635182,2.0,3.0,4.0,0.8333333,0.5728473,0.55100954,0.60887164,0.5846624,0.0,0.0,0.5,0.0,2
0.18263495,2.0,3.0,4.0,0.8333333,0.39421374,0.5361901,0.31675526,0.391166,0.0,0.0,0.5,0.0,2
0.11764706,1.0,3.0,4.0,0.16666667,0.6501853,0.55527246,0.4693894,0.5427738,0.0,0.0,0.5,0.0,2
0.05882353,2.0,3.0,4.0,0.6666667,0.66623396,0.74584913,0.77778,0.7374595,0.0,0.0,0.5,0.0,2
0.05882353,2.0,3.0,4.0,0.33333334,0.61723346,0.8,0.541243,0.6244791,0.0,0.0,0.5,0.0,2
0.13900593,2.0,3.0,4.0,0.16666667,0.6641585,0.73184496,0.67680514,0.6860358,0.0,0.0,0.5,0.0,2
0.006047862,1.0,3.0,4.0,0.5,0.5845336,0.5474297,0.6742854,0.6180374,0.0,0.0,0.5,0.0,2
0.79373163,2.0,3.0,4.168854,0.22195105,0.6029843,0.5405792,0.54580563,0.56139314,2.0,0.0,0.0,0.0,2
0.11764706,2.0,3.0,4.0,0.8333333,0.66306245,0.73732376,0.62910765,0.6645602,0.0,0.0,0.5,0.0,2
0.09400663,2.0,3.0,4.0,0.33333334,0.57590455,0.7700944,0.5112518,0.59117424,0.0,0.0,0.5,0.0,2
0.11764706,2.0,3.0,4.0,0.5,0.6681422,0.50584215,0.66667,0.6292604,0.0,0.0,0.5,0.0,2
0.021393713,1.0,3.0,4.0,0.8333333,0.49827725,0.622723,0.30639124,0.4372592,0.0,0.0,0.5,0.0,2
0.0,2.0,3.0,4.0,0.5,0.8173785,0.7165794,0.5111869,0.6495671,0.0,0.0,0.5,0.0,2
0.2247281,1.0,3.0,4.0,0.8333333,0.47624737,0.74550945,0.50521356,0.553232,0.0,0.0,0.5,0.0,2
0.040402237,2.0,3.0,4.0,0.8333333,0.43583536,0.70934194,0.46763906,0.51515955,0.0,0.0,0.5,0.0,2
0.16462314,2.0,3.0,4.0,0.16666667,0.6907492,0.7848945,0.8739698,0.7991236,0.0,0.0,0.5,0.0,2
0.056926817,1.0,3.0,4.0,1.0,0.52895284,0.65,0.25448304,0.42827612,0.0,0.0,0.5,0.0,2
0.12606624,1.0,3.0,4.0,0.33333334,0.60804677,0.6393126,0.6190287,0.62056965,0.0,0.0,0.5,0.0,2
0.1764706,2.0,3.0,4.0,0.6666667,0.61051655,0.8632356,0.38344142,0.56311995,0.0,0.0,0.5,0.0,2
0.03061996,1.0,3.0,4.0,0.16666667,0.5998363,0.55547976,0.5733118,0.5769175,0.0,0.0,0.5,0.0,2
0.05882353,2.0,3.0,4.0,0.5,0.8772242,0.75901663,0.85185,0.83747417,0.0,0.0,0.5,0.0,2
0.17578918,2.0,3.0,4.0,0.16666667,0.64991385,0.70057917,0.63048804,0.6526878,0.0,0.0,0.5,0.0,2
0.2067436,2.0,3.0,4.0,0.25244018,0.7406005,0.81286603,0.9079523,0.83635646,0.0,0.0,0.5,0.0,2
0.22089013,1.0,3.0,4.0,0.6666667,0.6160057,0.65,0.51398504,0.5759945,0.0,0.0,0.5,0.0,2
0.3102832,2.0,3.0,4.0,0.8333333,0.59141934,0.56374073,0.47130087,0.5283827,0.0,0.0,0.5,0.0,2
0.1972928,1.0,3.0,4.0,0.16666667,0.47153464,0.6080753,0.50770587,0.5206844,0.0,0.0,0.5,0.0,2
0.5300993,1.9970782,1.0,3.0029218,0.2815325,0.6243991,0.48311907,0.6024386,0.5808224,2.0,0.0,0.0,0.0,2
0.29649618,2.0,3.0,4.0,0.67003626,0.5697007,0.62449455,0.7399911,0.66272724,0.0,0.0,0.5,0.0,2
0.0,2.0,3.0,4.0,0.5,0.6062302,0.7515799,0.48148,0.5817243,0.0,0.0,0.5,0.0,2
0.23529412,1.0,3.0,4.0,0.8116956,0.38391617,0.50973696,0.4862888,0.46170136,0.0,0.0,0.5,0.0,2
0.5846716,1.0,3.0,3.313139,0.36232564,0.7361511,0.6433123,0.6021201,0.65123326,2.0,0.0,0.0,0.0,2
0.16552582,1.0,3.0,4.0,0.16666667,0.6533911,0.44534847,0.8320383,0.6885112,0.0,0.0,0.5,0.0,2
0.119374365,1.0,3.0,4.0,0.6666667,0.45440745,0.64779764,0.4466153,0.49624303,0.0,0.0,0.5,0.0,2
0.107232854,1.0,3.0,4.0,1.0,0.8550063,0.6838521,0.8213676,0.7989088,0.0,0.0,0.5,0.0,2
0.05882353,2.0,3.0,4.0,0.6666667,0.47101098,0.6540247,0.47371075,0.51534724,0.0,0.0,0.5,0.0,2
0.08111924,2.0,3.0,4.0,0.6666667,0.7076028,0.6508054,0.10722824,0.41171244,0.0,0.0,0.5,0.0,2
0.17490926,1.0,3.0,4.0,0.6666667,0.7286337,0.67632717,0.44444,0.5825882,0.0,0.0,0.5,0.0,2
0.09783291,2.0,3.0,4.0,0.8333333,0.46408352,0.6,0.39493343,0.4635234,0.0,0.0,0.5,0.0,2
0.017440576,2.0,3.0,4.0,0.45058504,0.54502636,0.5175877,0.82579195,0.6707,0.0,0.0,0.5,0.0,2
0.11764706,2.0,3.0,4.0,0.5,0.7418237,0.65817916,0.88283086,0.78850204,0.0,0.0,0.5,0.0,2
0.052308913,2.0,3.0,4.0,0.8333333,0.44374973,0.7194626,0.45264426,0.51281357,0.0,0.0,0.5,0.0,2
0.73867613,1.7595824,3.0,4.0,0.2163484,0.562464,0.55130947,0.52692264,0.54311407,2.0,0.0,0.0,0.0,2
0.11834908,2.0,3.0,4.0,0.8333333,0.61390746,0.7005967,0.85185,0.74627566,0.0,0.0,0.5,0.0,2
0.11764706,2.0,3.0,4.0,0.33333334,0.40612122,0.6901296,0.525831,0.52928346,0.0,0.0,0.5,0.0,2
0.0,2.0,3.0,4.0,0.33333334,0.47411606,0.6511249,0.43321097,0.49651647,0.0,0.0,0.5,0.0,2
0.11764706,2.0,3.0,4.0,0.33333334,0.438196,0.63140607,0.5693275,0.54536784,0.0,0.0,0.5,0.0,2
0.22033401,2.0,3.0,4.0,0.6666667,0.572851,0.64364195,0.55556,0.5813684,0.0,0.0,0.5,0.0,2
0.1764706,2.0,3.0,4.0,0.6666667,0.5040919,0.7340373,0.4511348,0.53327477,0.0,0.0,0.5,0.0,2
0.13178566,2.0,3.0,4.0,1.0,0.5384249,0.58401334,0.5600102,0.5593044,0.0,0.0,0.5,0.0,2
0.030907936,2.0,3.0,4.0,0.5,0.58467865,0.6275435,0.91023105,0.74796814,0.0,0.0,0.5,0.0,2
0.1764706,1.0,3.0,4.0,0.5,0.42199054,0.6188915,0.44444,0.47888625,0.0,0.0,0.5,0.0,2
0.013287436,2.0,3.0,4.0,1.0,0.5005631,0.7108821,0.11529342,0.36875063,0.0,0.0,0.5,0.0,2
0.053695325,2.0,3.0,4.0,0.6666667,0.41657993,0.6728205,0.6940135,0.60743254,0.0,0.0,0.5,0.0,2
0.09187324,1.0,3.0,4.0,0.33333334,0.73814243,0.7070231,0.55556,0.6448955,0.0,0.0,0.5,0.0,2
0.06822132,1.0,3.0,4.0,0.33333334,0.50450724,0.675,0.53999877,0.5613244,0.0,0.0,0.5,0.0,2
0.06995766,1.0,3.0,4.0,0.5,0.48326257,0.69053596,0.44444,0.51376575,0.0,0.0,0.5,0.0,2
0.61400163,2.0,1.0,4.260329,0.368,0.6390023,0.6445401,0.6225074,0.632543,2.0,0.0,0.0,0.0,2
0.022501227,2.0,3.0,4.0,0.6666667,0.5231943,0.6202185,0.51852,0.5438215,0.0,0.0,0.5,0.0,2
0.0,2.0,3.0,4.0,0.5,0.63016576,0.59603333,0.48148,0.55216455,0.0,0.0,0.5,0.0,2
0.2609121,2.0,3.0,4.0,0.8333333,0.4563432,0.6076629,0.46057114,0.4939402,0.0,0.0,0.5,0.0,2
0.06791174,2.0,3.0,4.0,0.16666667,0.5681589,0.7067063,0.48148,0.55996555,0.0,0.0,0.5,0.0,2
0.21988642,2.0,3.0,4.0,0.8333333,0.8130044,0.7565483,0.87125385,0.82713383,0.0,0.0,0.5,0.0,2
0.23529412,2.0,3.0,4.0,0.5,0.46653092,0.5895353,0.43726343,0.48170635,0.0,0.0,0.5,0.0,2
0.1764706,2.0,3.0,4.0,0.35937712,0.79072964,0.66718686,0.7291656,0.7326851,0.0,0.0,0.5,0.0,2
0.1764706,1.0,3.0,4.0,1.0,0.4586928,0.6,0.3515581,0.44152796,0.0,0.0,0.5,0.0,2
0.060653858,2.0,3.0,4.0,0.6666667,0.6735181,0.6726664,0.44559252,0.5660562,0.0,0.0,0.5,0.0,2
0.14831826,1.0,3.0,4.0,0.6666667,0.6233402,0.65,0.49113652,0.56740165,0.0,0.0,0.5,0.0,2
0.0,2.0,3.0,4.0,0.5,0.558595,0.59095156,0.847911,0.7023621,0.0,0.0,0.5,0.0,2
0.31589183,2.0,3.0,4.0,0.6666667,0.7297117,0.718508,0.51852,0.62769073,0.0,0.0,0.5,0.0,2
0.05882353,2.0,3.0,4.0,0.5,0.6225692,0.625,0.81438583,0.7134067,0.0,0.0,0.5,0.0,2
0.08019641,1.0,3.0,4.0,1.0,0.6683205,0.61704177,0.49160066,0.5730922,0.0,0.0,0.5,0.0,2
0.0,2.0,3.0,4.0,0.33333334,0.55237263,0.5208915,0.34571114,0.44771558,0.0,0.0,0.5,0.0,2
0.15820207,2.0,3.0,4.0,0.5,0.44864613,0.7086179,0.44444,0.5078362,0.0,0.0,0.5,0.0,2
0.23577985,2.0,3.0,4.0,0.16666667,0.5401012,0.6489678,0.4820917,0.53841823,0.0,0.0,0.5,0.0,2
0.23956887,2.0,3.0,4.0,0.6666667,0.72406197,0.62318325,0.5239027,0.60613406,0.0,0.0,0.5,0.0,2
0.06335753,2.0,3.0,4.0,0.33333334,0.8297751,0.6827078,0.92593,0.84041464,0.0,0.0,0.5,0.0,2
0.07760234,2.0,3.0,4.0,0.33333334,0.4184536,0.7,0.5059123,0.5258584,0.0,0.0,0.5,0.0,2
0.015719233,2.0,3.0,4.0,1.0,0.5013872,0.7082983,0.11605904,0.36874524,0.0,0.0,0.5,0.0,2
0.1764706,2.0,3.0,4.0,0.16666667,0.43651122,0.48771772,0.4233743,0.4423771,0.0,0.0,0.5,0.0,2
0.39056602,1.0,3.0,4.0,0.8333333,0.4870447,0.69594336,0.49782997,0.54127663,0.0,0.0,0.5,0.0,2
0.30217713,1.0685054,3.0,2.0,0.1526014,0.66681665,0.5476605,0.48938954,0.5552848,2.0,0.0,0.0,0.0,2
0.3529412,2.0,1.0,4.7631555,0.5176859,0.6101741,0.50903314,0.6301507,0.595777,2.0,0.0,0.0,0.0,2
0.06961102,1.0,3.0,4.0,1.0,0.66641843,0.61479235,0.50493056,0.57827663,0.0,0.0,0.5,0.0,2
0.0,1.0,3.0,4.0,0.33333334,0.56742454,0.63101876,0.77778,0.68138033,0.0,0.0,0.5,0.0,2
0.18781085,2.0,3.0,4.0,0.48393464,0.6599289,0.725,0.40383962,0.55472463,0.0,0.0,0.5,0.0,2
0.24898607,2.0,3.0,4.0,0.5,0.6000231,0.6808191,0.59259,0.6155377,0.0,0.0,0.5,0.0,2
0.5024019,1.0,3.0,4.0,0.5,0.52851176,0.6048151,0.35473022,0.46468678,0.0,0.0,0.5,0.0,2
0.12112317,2.0,3.0,4.0,0.16666667,0.5363157,0.55,0.30286592,0.42967135,0.0,0.0,0.5,0.0,2
0.23529412,2.0,3.0,4.0,0.48314124,0.47373062,0.6398847,0.41115567,0.48337695,0.0,0.0,0.5,0.0,2
0.1764706,1.0,3.0,4.0,0.5,0.65118766,0.69880766,0.32039797,0.5067257,0.0,0.0,0.5,0.0,2
0.3015161,1.0,3.0,4.0,0.64570445,0.5687275,0.67798966,0.14815,0.39651728,0.0,0.0,0.5,0.0,2
0.47055498,1.0,3.0,4.0,0.26801884,0.5890934,0.6813341,0.6093458,0.6203276,2.0,0.0,0.0,0.0,2
0.05882353,1.0,3.0,4.0,0.6666667,0.48583457,0.7330919,0.7099628,0.64948714,0.0,0.0,0.5,0.0,2
0.14057408,1.0,3.0,4.0,0.39829323,0.9190938,0.5737199,0.93409055,0.84488976,0.0,0.0,0.5,0.0,2
0.44011697,2.0,3.0,4.0,0.33333334,0.54542273,0.6629503,0.41633022,0.5123264,0.0,0.0,0.5,0.0,2
0.11764706,2.0,3.0,4.0,0.5,0.5222061,0.5886635,0.59259,0.5709642,0.0,0.0,0.5,0.0,2
0.49844426,2.0,3.0,4.0,0.5,0.3903984,0.55,0.19591181,0.33643296,0.0,0.0,0.5,0.0,2
0.10248838,2.0,3.0,4.0,0.16666667,0.84885365,0.76533633,0.99522746,0.89808464,0.0,0.0,0.5,0.0,2
0.15219052,2.0,3.0,4.0,0.16666667,0.5646084,0.55,0.3615481,0.4656116,0.0,0.0,0.5,0.0,2
0.12927328,2.0,3.0,4.0,1.0,0.4854966,0.53488225,0.4224796,0.46746382,0.0,0.0,0.5,0.0,2
0.0,1.0,3.0,4.0,0.8333333,0.49825218,0.6260465,0.33333,0.4507133,0.0,0.0,0.5,0.0,2
0.35188237,1.0,3.0,4.0,0.16666667,0.48816243,0.50225,0.6269633,0.55679226,0.0,0.0,0.5,0.0,2
0.28487578,2.0,3.0,4.0,1.0,0.5288049,0.625,0.32354334,0.45484033,0.0,0.0,0.5,0.0,2
0.11604853,2.0,3.0,4.0,0.5,0.8593098,0.65339684,0.8158165,0.7903975,0.0,0.0,0.5,0.0,2
0.05882353,2.0,3.0,4.0,0.6666667,0.67474496,0.6800635,0.44444,0.5676152,0.0,0.0,0.5,0.0,2
0.102652475,2.0,3.0,4.0,0.16666667,0.84876627,0.76544094,0.99527913,0.8981079,0.0,0.0,0.5,0.0,2
0.05882353,2.0,3.0,4.0,0.8333333,0.46601665,0.5823078,0.34415722,0.4360322,0.0,0.0,0.5,0.0,2
0.23369272,2.0,3.0,4.0,0.33333334,0.6656455,0.62431943,0.7026919,0.6733565,0.0,0.0,0.5,0.0,2
0.11764706,2.0,3.0,4.0,0.16666667,0.6574328,0.68369806,0.48148,0.5808176,0.0,0.0,0.5,0.0,2
0.19415793,2.0,3.0,4.0,0.16666667,0.53486663,0.6674829,0.48148,0.5409473,0.0,0.0,0.5,0.0,2
0.068267,1.0,3.0,4.0,0.33333334,0.4777139,0.65401345,0.5866452,0.57046026,0.0,0.0,0.5,0.0,2
0.116576396,2.0,3.0,4.0,0.33333334,0.40179497,0.7,0.51852,0.5268932,0.0,0.0,0.5,0.0,2
0.19874445,2.0,3.0,4.0,0.5,0.5013258,0.56553364,0.6386192,0.5810459,0.0,0.0,0.5,0.0,2
0.20936382,1.0,3.0,4.0,0.6666667,0.5389961,0.5610204,0.58065104,0.5637795,0.0,0.0,0.5,0.0,2
0.021868346,2.0,3.0,4.0,0.33333334,0.77302766,0.7,0.77778,0.7580818,0.0,0.0,0.5,0.0,2
0.0,2.0,3.0,4.0,0.5,0.52184814,0.625,0.48148,0.52712315,0.0,0.0,0.5,0.0,2
0.21940129,2.0,3.0,4.0,0.6666667,0.6311072,0.6408772,0.7642637,0.6960623,0.0,0.0,0.5,0.0,2
0.32647988,1.0,3.0,4.0,0.8333333,0.44209087,0.5550158,0.59259,0.5394831,0.0,0.0,0.5,0.0,2
0.24814372,2.0,3.0,4.0,0.5,0.5940264,0.69138324,0.6006811,0.6200674,0.0,0.0,0.5,0.0,2
0.007073366,1.0,3.0,4.0,0.33333334,0.5926985,0.675,0.43998724,0.54019606,0.0,0.0,0.5,0.0,2
0.23529412,1.0,3.0,4.0,0.82194316,0.3852867,0.5051256,0.48401135,0.4599484,0.0,0.0,0.5,0.0,2
0.1021579,1.0,3.0,4.0,0.33333334,0.6091801,0.7302513,0.40741,0.54271275,0.0,0.0,0.5,0.0,2
0.11764706,2.0,3.0,4.0,0.8333333,0.6935073,0.5807654,0.9225132,0.7747466,0.0,0.0,0.5,0.0,2
0.11764706,1.0,3.0,4.0,0.6666667,0.6774799,0.6458963,0.81481,0.734677,0.0,0.0,0.5,0.0,2
0.05882353,2.0,3.0,4.0,0.6666667,0.6491363,0.6783828,0.74074,0.6991284,0.0,0.0,0.5,0.0,2
0.1764706,1.0,3.0,4.0,0.6666667,0.7243635,0.66622674,0.45743847,0.5850718,0.0,0.0,0.5,0.0,2
0.12201417,1.0,3.0,4.0,0.5,0.7694491,0.67685604,0.70095086,0.7154342,0.0,0.0,0.5,0.0,2
0.22197932,1.0,3.0,4.0,0.5,0.482714,0.5282939,0.71208405,0.6013774,0.0,0.0,0.5,0.0,2
0.32120544,2.0,1.0,4.0,0.826818,0.51850796,0.45474792,0.5007184,0.49513403,2.0,0.0,0.0,0.0,2
0.08242304,2.0,3.0,4.0,0.8333333,0.7928542,0.849851,0.8221337,0.8200458,0.0,0.0,0.5,0.0,2
0.0,1.0,3.0,4.0,0.34408188,0.5915192,0.62822455,0.7753912,0.6866858,0.0,0.0,0.5,0.0,2
0.051602323,1.0,3.0,4.0,0.5,0.75049454,0.6745521,0.7271001,0.72161996,0.0,0.0,0.5,0.0,2
0.11764706,1.0,3.0,4.0,0.33333334,0.4910661,0.675,0.56010497,0.5668296,0.0,0.0,0.5,0.0,2
0.05882353,1.0,3.0,4.0,0.5,0.53033847,0.6330408,0.419645,0.50241584,0.0,0.0,0.5,0.0,2
0.19649446,2.0,3.0,4.0,0.16666667,0.52261525,0.6335101,0.48148,0.5293485,0.0,0.0,0.5,0.0,2
0.17711598,2.0,3.0,4.0,0.16666667,0.5131297,0.62637144,0.48107362,0.52468675,0.0,0.0,0.5,0.0,2
0.09565742,2.0,3.0,4.0,0.5,0.49054608,0.73738235,0.4305973,0.5204133,0.0,0.0,0.5,0.0,2
0.11764706,2.0,3.0,4.0,0.6666667,0.41452298,0.58828294,0.38540542,0.44170696,0.0,0.0,0.5,0.0,2
0.50085044,1.0,3.0,3.1618478,0.33974478,0.7664335,0.6972149,0.5986874,0.6712074,2.0,0.0,0.0,0.0,2
0.07560532,2.0,3.0,4.0,0.33333334,0.47102284,0.5427936,0.84128284,0.6621538,0.0,0.0,0.5,0.0,2
0.18480206,2.0,3.0,4.0,0.33333334,0.7479153,0.8035408,0.92593,0.8447719,0.0,0.0,0.5,0.0,2
0.0,1.0,3.0,4.0,0.21129613,0.533821,0.56830555,0.45435846,0.50453925,0.0,0.0,0.5,0.0,2
0.427355,1.0,3.0,4.0,0.6995308,0.65830535,0.7136774,0.62582356,0.65604854,2.0,0.0,0.0,0.0,2
0.092549965,2.0,3.0,4.0,0.5,0.49923134,0.55733496,0.24889484,0.39509672,0.0,0.0,0.5,0.0,2
0.5896191,1.0,3.0,3.3411748,0.37112892,0.7317131,0.6395245,0.60291606,0.6494113,2.0,0.0,0.0,0.0,2
0.0,1.0,3.0,4.0,0.33333334,0.692061,0.6623846,0.91658455,0.7907297,0.0,0.0,0.5,0.0,2
0.0,1.0,3.0,4.0,0.33333334,0.522119,0.65,0.80665505,0.68611145,0.0,0.0,0.5,0.0,2
0.11764706,2.0,3.0,4.0,0.33333334,0.6817836,0.7011625,0.7596906,0.7230045,0.0,0.0,0.5,0.0,2
0.29411766,2.0,3.0,4.0,0.2104057,0.51891935,0.6381217,0.61990947,0.59449416,0.0,0.0,0.5,0.0,2
0.23529412,2.0,3.0,4.0,0.42087328,0.4612651,0.563131,0.44444,0.4773221,0.0,0.0,0.5,0.0,2
0.296038,2.0,3.0,4.0,1.0,0.50643647,0.5274484,0.114737265,0.3270536,0.0,0.0,0.5,0.0,2
0.22756186,1.0,3.0,4.0,0.6666667,0.6066105,0.64014137,0.51852,0.57304543,0.0,0.0,0.5,0.0,2
0.055018418,2.0,3.0,4.0,1.0,0.48036224,0.5314687,0.5854026,0.5418152,0.0,0.0,0.5,0.0,2
0.1764706,2.0,3.0,4.0,0.8333333,0.5910344,0.6316263,0.40577373,0.51340353,0.0,0.0,0.5,0.0,2
0.87939507,2.0,3.0,4.0,0.829143,0.51188374,0.8456002,0.51479524,0.59177434,0.0,0.0,0.5,0.0,2
0.0,2.0,3.0,4.0,0.33333334,0.48458347,0.61736125,0.28498244,0.4218903,0.0,0.0,0.5,0.0,2
0.0048357095,2.0,3.0,4.0,0.5,0.6248746,0.62911034,0.860984,0.7369783,0.0,0.0,0.5,0.0,2
0.06407785,1.0,3.0,4.0,0.33333334,0.65948594,0.7678647,0.7711629,0.7375369,0.0,0.0,0.5,0.0,2
0.21215884,2.0,3.0,4.0,0.8333333,0.7425169,0.58838916,0.90609264,0.78322554,0.0,0.0,0.5,0.0,2
0.10955743,2.0,3.0,4.0,0.33333334,0.6871303,0.625,0.31667277,0.4981773,0.0,0.0,0.5,0.0,2
0.07887151,2.0,3.0,4.0,0.8333333,0.5091379,0.66704077,0.40741,0.49841738,0.0,0.0,0.5,0.0,2
0.31285867,2.0,1.0,4.0,0.35964826,0.72203004,0.6488227,0.544828,0.6214156,2.0,0.0,0.0,0.0,2
0.0487893,2.0,3.0,4.0,1.0,0.47570813,0.69147086,0.383005,0.482849,0.0,0.0,0.5,0.0,2
0.06492843,2.0,3.0,4.0,1.0,0.55968976,0.6051892,0.33333,0.46387604,0.0,0.0,0.5,0.0,2
0.20910317,2.0,3.0,4.0,0.6666667,0.71664166,0.6916065,0.73668385,0.72018015,0.0,0.0,0.5,0.0,2
0.21044733,1.0,3.0,4.0,0.6666667,0.6272092,0.6658398,0.5028745,0.5777887,0.0,0.0,0.5,0.0,2
0.27769348,2.0,3.0,4.0,1.0,0.5126729,0.61599016,0.31697756,0.44488668,0.0,0.0,0.5,0.0,2
0.37197492,1.0,3.0,4.0,0.7794044,0.5826023,0.60882133,0.38235515,0.49453682,0.0,0.0,0.5,0.0,2
0.0,2.0,3.0,4.0,0.18861558,0.75224835,0.7,0.77778,0.751971,0.0,0.0,0.5,0.0,2
0.11764706,1.0,3.0,4.0,0.96096927,0.3606917,0.55,0.23956838,0.34823698,0.0,0.0,0.5,0.0,2
0.012544098,2.0,3.0,4.0,0.8333333,0.46519122,0.63198745,0.2434646,0.4000932,0.0,0.0,0.5,0.0,2
0.057103895,2.0,3.0,4.0,0.5,0.6124025,0.84780747,0.8158928,0.7635565,0.0,0.0,0.5,0.0,2
0.29411766,2.0,3.0,4.0,0.5,0.4392722,0.48283443,0.55556,0.5042401,0.0,0.0,0.5,0.0,2
0.07479816,1.0,3.0,4.0,0.33333334,0.6503411,0.7135784,0.4613649,0.57628924,0.0,0.0,0.5,0.0,2
0.086641006,2.0,3.0,4.0,0.6666667,0.45780674,0.61046726,0.4094125,0.4709545,0.0,0.0,0.5,0.0,2
0.11669649,2.0,3.0,4.0,0.16666667,0.446823,0.600404,0.48207855,0.49954945,0.0,0.0,0.5,0.0,2
0.11764706,2.0,3.0,4.0,0.6666667,0.4808389,0.64327604,0.36040777,0.46238837,0.0,0.0,0.5,0.0,2
0.18741506,2.0,3.0,4.0,0.6666667,0.5363388,0.57587147,0.44444,0.50239533,0.0,0.0,0.5,0.0,2
0.35932472,1.0,3.0,4.0,0.8333333,0.456501,0.616278,0.57651275,0.5505709,0.0,0.0,0.5,0.0,2
0.35259753,1.0,3.0,4.0,0.6666667,0.37338403,0.42543817,0.5554518,0.47130457,0.0,0.0,0.5,0.0,2
0.350602,1.0,3.0,4.0,0.8333333,0.4224239,0.5769883,0.2178016,0.36250374,0.0,0.0,0.5,0.0,2
0.11764706,2.0,3.0,4.0,1.0,0.82482153,0.78959286,0.66667,0.74210346,0.0,0.0,0.5,0.0,2
0.11219884,2.0,3.0,4.0,0.33333334,0.54009444,0.754631,0.48834127,0.56622255,0.0,0.0,0.5,0.0,2
0.07287392,2.0,3.0,4.0,0.8333333,0.45308167,0.7190286,0.43559515,0.5074312,0.0,0.0,0.5,0.0,2
0.05882353,2.0,3.0,4.0,0.5,0.56821173,0.63522315,0.40741,0.50830764,0.0,0.0,0.5,0.0,2
0.20879616,1.0,3.0,4.0,0.6666667,0.651853,0.63873833,0.51852,0.5860201,0.0,0.0,0.5,0.0,2
0.17965043,1.0,3.0,4.0,0.5,0.4826147,0.52364856,0.65114814,0.57158184,0.0,0.0,0.5,0.0,2
0.08102825,2.0,3.0,4.0,0.5,0.65609807,0.706126,0.62055373,0.6511386,0.0,0.0,0.5,0.0,2
0.027631987,2.0,3.0,4.0,1.0,0.38748357,0.7,0.42928678,0.48068693,0.0,0.0,0.5,0.0,2
0.1826508,2.0,3.0,4.0,0.5,0.53405553,0.57237345,0.59259,0.5706208,0.0,0.0,0.5,0.0,2
0.29411766,2.0,3.0,4.0,0.8333333,0.5514239,0.525,0.6277253,0.58111197,0.0,0.0,0.5,0.0,2
0.14171368,1.0,3.0,4.0,0.5,0.37589815,0.625,0.25252855,0.37645462,0.0,0.0,0.5,0.0,2
0.2309403,2.0,3.0,4.0,0.8333333,0.7225792,0.6805511,0.86899924,0.78159416,0.0,0.0,0.5,0.0,2
0.3529412,1.0,3.0,4.0,0.69097733,0.72301185,0.7463534,0.5293241,0.6373596,0.0,0.0,0.5,0.0,2
0.11764706,2.0,3.0,4.0,0.8333333,0.3713384,0.62128776,0.2963,0.39483693,0.0,0.0,0.5,0.0,2
0.2745079,2.0,3.0,4.0,0.6666667,0.7544543,0.73750126,0.78395224,0.7643487,0.0,0.0,0.5,0.0,2
0.108466156,2.0,3.0,4.0,0.33333334,0.4455597,0.6656075,0.7974684,0.662943,0.0,0.0,0.5,0.0,2
0.23529412,1.0,3.0,4.0,0.8333333,0.65430844,0.6,0.41796014,0.53030586,0.0,0.0,0.5,0.0,2
0.031596944,1.0,3.0,4.0,0.8333333,0.58495367,0.7731426,0.46433598,0.57246965,0.0,0.0,0.5,0.0,2
0.14344344,2.0,3.0,4.0,0.8333333,0.40128767,0.57192695,0.32878253,0.4073131,0.0,0.0,0.5,0.0,2
0.07167705,1.0,3.0,4.0,1.0,0.38775483,0.66953725,0.30905136,0.41702104,0.0,0.0,0.5,0.0,2
0.10550551,2.0,3.0,4.0,0.6666667,0.6071605,0.7,0.5702534,0.61163676,0.0,0.0,0.5,0.0,2
0.11764706,2.0,3.0,4.0,0.33333334,0.71140164,0.7694515,0.9242859,0.8252368,0.0,0.0,0.5,0.0,2
0.20260917,2.0,3.0,4.0,0.5,0.47091827,0.58194554,0.45473054,0.48943132,0.0,0.0,0.5,0.0,2
0.0,2.0,3.0,4.0,0.30278036,0.54107916,0.61374885,0.23889156,0.41596887,0.0,0.0,0.5,0.0,2
0.07556249,1.0,3.0,4.0,0.33333334,0.92753965,0.7142281,0.86750805,0.8490988,0.0,0.0,0.5,0.0,2
0.3636349,1.0,3.0,4.0,0.6666667,0.50718576,0.61591035,0.5589255,0.5571136,0.0,0.0,0.5,0.0,2
0.0,2.0,3.0,4.0,0.33333334,0.45459455,0.64842004,0.33099443,0.44203103,0.0,0.0,0.5,0.0,2
0.27998385,1.0,3.0,4.0,0.5,0.6934816,0.725,0.39851022,0.56208366,0.0,0.0,0.5,0.0,2
0.21028115,2.0,3.0,4.0,0.8333333,0.6559867,0.69252205,0.27501017,0.48529622,0.0,0.0,0.5,0.0,2
0.0017451897,2.0,3.0,4.0,0.6666667,0.58053416,0.7477749,0.2603589,0.4692148,0.0,0.0,0.5,0.0,2
0.3926718,1.0,3.0,4.0,0.38742998,0.78917474,0.6331145,0.77874595,0.7475485,0.0,0.0,0.5,0.0,2
0.05882353,2.0,3.0,4.0,0.6666667,0.59399426,0.74551463,0.74074,0.69869876,0.0,0.0,0.5,0.0,2
0.65868306,2.0,3.0,4.0,0.6666667,0.49270988,0.675,0.4037457,0.4937385,0.0,0.0,0.5,0.0,2
0.05882353,2.0,3.0,3.0,0.34202904,0.52895,0.56789345,0.5667382,0.55589586,2.0,0.0,0.0,0.0,2
0.18618847,2.0,3.0,4.0,0.8333333,0.5799674,0.6167398,0.4937183,0.54802966,0.0,0.0,0.5,0.0,2
0.11764706,1.0,3.0,4.0,1.0,0.50718945,0.65,0.32705128,0.4560204,0.0,0.0,0.5,0.0,2
0.0,1.0,3.0,4.0,0.5,0.51192266,0.6182465,0.3673888,0.4689198,0.0,0.0,0.5,0.0,2
0.16261867,2.0,3.0,4.0,0.33333334,0.88515633,0.7411694,0.92593,0.87046397,0.0,0.0,0.5,0.0,2
0.2546504,2.0,3.0,4.0,0.5,0.5710395,0.6420943,0.580405,0.59216636,0.0,0.0,0.5,0.0,2
0.1024604,2.0,3.0,4.0,0.8333333,0.5217386,0.7129086,0.15771274,0.39540938,0.0,0.0,0.5,0.0,2
0.03828143,2.0,3.0,4.0,0.5,0.67787975,0.8174608,0.4573782,0.6069538,0.0,0.0,0.5,0.0,2
0.0762781,2.0,3.0,4.0,0.8333333,0.5354844,0.7175818,0.7737094,0.6904348,0.0,0.0,0.5,0.0,2
0.016562987,2.0,3.0,4.0,0.16666667,0.50051194,0.5711178,0.62963,0.5778837,0.0,0.0,0.5,0.0,2
0.0,1.0,3.0,4.0,0.33333334,0.58740485,0.6261492,0.7794821,0.68691236,0.0,0.0,0.5,0.0,2
0.10125844,2.0,3.0,4.0,0.33333334,0.6900244,0.775,0.90529084,0.8113179,0.0,0.0,0.5,0.0,2
0.1764706,1.0,3.0,4.0,1.0,0.5776908,0.76128805,0.65143466,0.65559286,0.0,0.0,0.5,0.0,2
0.23529412,2.0,3.0,4.0,0.5,0.62345135,0.6248422,0.59259,0.6092562,0.0,0.0,0.5,0.0,2
0.27750427,2.0,3.0,4.0,0.6666667,0.6388471,0.60706073,0.59259,0.6095985,0.0,0.0,0.5,0.0,2
0.16644633,2.0,3.0,4.0,0.16666667,0.5261058,0.6335206,0.48148,0.5303766,0.0,0.0,0.5,0.0,2
0.18124221,2.0,3.0,4.0,1.0,0.7903388,0.626014,0.48598647,0.60845196,0.0,0.0,0.5,0.0,2
0.25040027,2.0,3.0,4.0,0.5,0.45513788,0.5717899,0.43017322,0.47084513,0.0,0.0,0.5,0.0,2
0.26391834,2.0,3.0,4.0,0.5,0.7761947,0.81216526,0.5840813,0.6942484,0.0,0.0,0.5,0.0,2
0.07826966,2.0,3.0,4.0,0.6666667,0.45279428,0.6666323,0.59259,0.56889457,0.0,0.0,0.5,0.0,2
0.023487661,2.0,3.0,4.0,0.16666667,0.72653323,0.7049911,0.7851729,0.74906206,0.0,0.0,0.5,0.0,2
0.07866679,2.0,3.0,4.0,0.6666667,0.49337113,0.6665666,0.32128644,0.45314297,0.0,0.0,0.5,0.0,2
0.053395014,2.0,3.0,4.0,0.8333333,0.6276273,0.58422846,0.51852,0.56606984,0.0,0.0,0.5,0.0,2
0.09390127,1.0,3.0,4.0,0.6666667,0.4400752,0.69518393,0.49643224,0.52662057,0.0,0.0,0.5,0.0,2
0.05882353,1.0,3.0,4.0,0.5,0.7342367,0.64752084,0.51484686,0.6105863,0.0,0.0,0.5,0.0,2
0.0058634547,1.0,3.0,4.0,0.33333334,0.68015695,0.6824759,0.9111626,0.78940433,0.0,0.0,0.5,0.0,2
0.047557615,1.0,3.0,4.0,0.6666667,0.5586483,0.625,0.681639,0.6321347,0.0,0.0,0.5,0.0,2
0.1764706,1.0,3.0,4.0,0.5,0.41442218,0.616973,0.34386495,0.42887795,0.0,0.0,0.5,0.0,2
0.13236172,2.0,3.0,4.0,0.5,0.50562596,0.5937463,0.61112106,0.5760049,0.0,0.0,0.5,0.0,2
0.04855004,1.0,3.0,4.0,0.16666667,0.44519195,0.59563375,0.363901,0.4423351,0.0,0.0,0.5,0.0,2
0.13846493,1.0,3.0,4.0,0.33333334,0.5530921,0.6926952,0.57948494,0.5983596,0.0,0.0,0.5,0.0,2
0.0,2.0,3.0,4.0,0.33333334,0.46285486,0.5765163,0.34418255,0.4337541,0.0,0.0,0.5,0.0,2
0.05882353,2.0,3.0,4.0,0.8333333,0.4578573,0.6805981,0.41155592,0.4884765,0.0,0.0,0.5,0.0,2
0.05882353,2.0,3.0,4.0,0.8333333,0.44330758,0.6,0.37037,0.44584975,0.0,0.0,0.5,0.0,2
0.08836198,1.0,3.0,4.0,0.8333333,0.45520893,0.5624462,0.27785978,0.39698163,0.0,0.0,0.5,0.0,2
0.0,1.0,3.0,4.0,0.16666667,0.46469945,0.48541534,0.2541162,0.37047276,0.0,0.0,0.5,0.0,2
0.22848603,1.0,3.0,4.0,0.8333333,0.5137623,0.6471065,0.74074,0.65195245,0.0,0.0,0.5,0.0,2
0.26688445,2.0,3.0,4.0,1.0,0.8507233,0.66543216,0.60402215,0.691034,0.0,0.0,0.5,0.0,2
0.45037076,1.0,3.0,4.0,0.9713586,0.63116634,0.725,0.6539395,0.6639591,0.0,0.0,0.5,0.0,2
0.29411766,2.0,3.0,4.0,0.33333334,0.55370146,0.7228408,0.6934925,0.6592794,0.0,0.0,0.5,0.0,2
0.030472795,1.0,3.0,4.0,0.16666667,0.5997652,0.5555736,0.5734045,0.5769623,0.0,0.0,0.5,0.0,2
0.0,2.0,3.0,4.0,0.16666667,0.5563066,0.56175023,0.6992618,0.6248571,0.0,0.0,0.5,0.0,2
0.10758928,2.0,3.0,4.0,0.6666667,0.70694137,0.74080354,0.19055751,0.4719077,0.0,0.0,0.5,0.0,2
0.059337456,2.0,3.0,4.0,0.33333334,0.4598527,0.70043683,0.5181964,0.5439207,0.0,0.0,0.5,0.0,2
0.0,1.0,3.0,4.0,0.16666667,0.52466345,0.575,0.4244416,0.48934254,0.0,0.0,0.5,0.0,2
0.040875435,1.0,3.0,4.0,0.6666667,0.50151956,0.7118603,0.6924015,0.64083844,0.0,0.0,0.5,0.0,2
0.14514749,1.0,3.0,4.0,0.6666667,0.54636186,0.6883123,0.3136118,0.4702309,0.0,0.0,0.5,0.0,2
0.052806243,1.0,3.0,4.0,0.33333334,0.4737095,0.64744264,0.633419,0.5897445,0.0,0.0,0.5,0.0,2
0.33308417,1.0843924,3.0,4.0,0.68946624,0.6482065,0.7252804,0.60918134,0.64797676,2.0,0.0,0.0,0.0,2
0.0,1.0,3.0,4.0,0.16666667,0.42635623,0.62004733,0.35557738,0.43862337,0.0,0.0,0.5,0.0,2
0.28883147,2.0,3.0,4.0,0.8333333,0.5330166,0.5294933,0.58926225,0.55865705,0.0,0.0,0.5,0.0,2
0.047530744,2.0,3.0,4.0,0.5,0.59827393,0.65580225,0.9416294,0.77338976,0.0,0.0,0.5,0.0,2
0.10493816,2.0,3.0,4.0,0.8333333,0.7683056,0.61959875,0.476448,0.5959747,0.0,0.0,0.5,0.0,2
0.18039909,1.0,3.0,4.0,0.8333333,0.37937695,0.5233304,0.41235206,0.42877167,0.0,0.0,0.5,0.0,2
0.05882353,2.0,3.0,4.0,0.8333333,0.616511,0.6704181,0.56234676,0.60370284,0.0,0.0,0.5,0.0,2
0.11764706,2.0,3.0,4.0,1.0,0.82066226,0.84326154,0.66667,0.75350803,0.0,0.0,0.5,0.0,2
0.09485926,2.0,3.0,4.0,0.6666667,0.72519106,0.7403152,0.56990516,0.6556679,0.0,0.0,0.5,0.0,2
0.25272456,2.0,3.0,4.0,0.5,0.47305417,0.50740796,0.3017863,0.40054297,0.0,0.0,0.5,0.0,2
0.08258223,2.0,3.0,4.0,0.6666667,0.43077618,0.575,0.44444,0.4711405,0.0,0.0,0.5,0.0,2
0.11308149,1.0,3.0,4.0,0.6666667,0.601415,0.6308211,0.6979511,0.65375894,0.0,0.0,0.5,0.0,2
0.19837628,2.0,3.0,4.0,0.8333333,0.73593605,0.5864366,0.9089855,0.78219223,0.0,0.0,0.5,0.0,2
0.160205,2.0,3.0,4.0,0.8333333,0.88616854,0.7680871,0.9310497,0.8795056,0.0,0.0,0.5,0.0,2
0.29411766,2.0,3.0,4.0,0.5,0.66978794,0.6352429,0.8081275,0.7267603,0.0,0.0,0.5,0.0,2
0.026621072,2.0,3.0,4.0,0.5,0.55226535,0.6967151,0.26764137,0.45230967,0.0,0.0,0.5,0.0,2
0.0362212,1.0,3.0,4.0,0.5,0.4937782,0.569212,0.45301938,0.49234864,0.0,0.0,0.5,0.0,2
0.0,1.0,3.0,4.0,0.33333334,0.5476263,0.63625306,0.77778,0.6767888,0.0,0.0,0.5,0.0,2
0.05882353,2.0,3.0,4.0,0.42987773,0.48273894,0.5105183,0.15402205,0.33458263,0.0,0.0,0.5,0.0,2
0.1764706,2.0,3.0,4.0,0.6666667,0.76976436,0.8189838,0.74074,0.76769,0.0,0.0,0.5,0.0,2
0.11764706,2.0,3.0,4.0,1.0,0.52961296,0.59752816,0.6890529,0.62062037,0.0,0.0,0.5,0.0,2
0.24827623,2.0,3.0,4.0,0.8517246,0.46047124,0.6222413,0.15632348,0.3554046,0.0,0.0,0.5,0.0,2
0.11692296,2.0,3.0,4.0,0.5020516,0.742999,0.7509232,0.40786582,0.58715034,0.0,0.0,0.5,0.0,2
0.15470281,2.0,3.0,4.0,0.5,0.47815734,0.5027539,0.56926304,0.526818,0.0,0.0,0.5,0.0,2
0.0,2.0,3.0,4.0,0.17123672,0.43897706,0.675,0.33231464,0.4443206,0.0,0.0,0.5,0.0,2
0.0357074,1.0,3.0,4.0,0.9345043,0.8325176,0.725,0.8664058,0.8231663,0.0,0.0,0.5,0.0,2
0.114610285,2.0,3.0,4.0,0.6666667,0.6746492,0.55129063,0.05459916,0.35384026,0.0,0.0,0.5,0.0,2
0.14637169,1.0,3.0,4.0,0.8333333,0.5363031,0.57383186,0.74074,0.6413422,0.0,0.0,0.5,0.0,2
0.18621343,2.0,3.0,4.0,0.6666667,0.46503195,0.6332814,0.23448975,0.39613444,0.0,0.0,0.5,0.0,2
0.09680826,1.0,3.0,4.0,0.33333334,0.9352689,0.73228705,0.93439466,0.8870984,0.0,0.0,0.5,0.0,2
0.3555752,1.0,3.0,4.0,0.8333333,0.5773197,0.6305973,0.37368673,0.49402922,0.0,0.0,0.5,0.0,2
0.71148556,2.0,1.0,5.0,0.13790415,0.56576455,0.6106929,0.5641286,0.57556605,2.0,0.0,0.0,0.0,2
0.0,2.0,3.0,4.0,0.5,0.5799539,0.6959983,0.5165437,0.5774233,0.0,0.0,0.5,0.0,2
0.05882353,2.0,3.0,4.0,0.5,0.5104012,0.60801154,0.617045,0.58355,0.0,0.0,0.5,0.0,2
0.23529412,2.0,3.0,4.0,0.6666667,0.6720801,0.637931,0.5542781,0.608608,0.0,0.0,0.5,0.0,2
0.07306938,2.0,3.0,4.0,0.6666667,0.6569439,0.7810545,0.1442404,0.44487765,0.0,0.0,0.5,0.0,2
0.0,2.0,3.0,4.0,0.9988816,0.4505396,0.72533554,0.33357856,0.4601581,0.0,0.0,0.5,0.0,2
0.03612503,2.0,3.0,4.0,1.0,0.56284815,0.60964686,0.5042272,0.5462725,0.0,0.0,0.5,0.0,2
0.0245035,1.0,3.0,4.0,0.6666667,0.54218173,0.625,0.6743826,0.6238769,0.0,0.0,0.5,0.0,2
0.05882353,2.0,3.0,4.0,0.6666667,0.69023013,0.72979945,0.8077051,0.75482255,0.0,0.0,0.5,0.0,2
0.111690596,2.0,3.0,4.0,1.0,0.5225857,0.5924055,0.69244903,0.61894655,0.0,0.0,0.5,0.0,2
0.049831733,1.0,3.0,4.0,0.8333333,0.62958276,0.67292905,0.4130704,0.5378931,0.0,0.0,0.5,0.0,2
0.031240314,2.0,3.0,4.0,0.33333334,0.5009482,0.6867229,0.5011514,0.5447528,0.0,0.0,0.5,0.0,2
0.24460451,2.0,3.0,4.0,0.33333334,0.51803255,0.6618707,0.40154743,0.49706158,0.0,0.0,0.5,0.0,2
0.05882353,1.0,3.0,4.0,0.8333333,0.51868,0.6370332,0.45405158,0.51611125,0.0,0.0,0.5,0.0,2
0.20237127,2.0,3.0,4.0,0.16666667,0.49517575,0.70802337,0.46517086,0.53113866,0.0,0.0,0.5,0.0,2
0.05882353,2.0,3.0,4.0,0.6666667,0.8235004,0.76184255,0.9883047,0.8865466,0.0,0.0,0.5,0.0,2
0.06866822,2.0,3.0,4.0,0.6666667,0.682697,0.820816,0.43204367,0.5972387,0.0,0.0,0.5,0.0,2
0.17811617,2.0,3.0,4.0,0.16666667,0.511998,0.6284968,0.4804438,0.5245577,0.0,0.0,0.5,0.0,2
0.29411766,2.0,3.0,4.0,0.8333333,0.5211596,0.5535608,0.5672028,0.55045164,0.0,0.0,0.5,0.0,2
0.05882353,2.0,3.0,4.0,0.8333333,0.4372146,0.6016911,0.37120518,0.44484934,0.0,0.0,0.5,0.0,2
0.08635808,1.0,3.0,4.0,0.8333333,0.47982407,0.58670217,0.27659795,0.40933642,0.0,0.0,0.5,0.0,2
0.12563466,1.0,3.0,4.0,0.8333333,0.46049854,0.7033947,0.3804279,0.47997618,0.0,0.0,0.5,0.0,2
0.1764706,2.0,3.0,4.0,0.33333334,0.9872234,0.88510466,0.99264467,0.96574986,0.0,0.0,0.5,0.0,2
0.05882353,2.0,3.0,4.0,0.16666667,0.46565086,0.6052216,0.57103056,0.54807895,0.0,0.0,0.5,0.0,2
0.0,2.0,3.0,4.0,1.0,0.51615363,0.62685907,0.4787256,0.524595,0.0,0.0,0.5,0.0,2
0.14200884,2.0,3.0,4.0,1.0,0.48911873,0.54570746,0.39842376,0.45975626,0.0,0.0,0.5,0.0,2
0.24759598,2.0,3.0,4.0,0.6666667,0.7341125,0.75465757,0.7631331,0.7526055,0.0,0.0,0.5,0.0,2
0.1580467,2.0,3.0,4.0,0.8333333,0.5540609,0.61716986,0.48148,0.5347518,0.0,0.0,0.5,0.0,2
0.017301394,2.0,3.0,4.0,0.30882302,0.8196698,0.90294075,1.0,0.9241208,0.0,0.0,0.5,0.0,2
0.2367234,1.0,3.0,4.0,0.8333333,0.4961131,0.61280376,0.18338515,0.3764031,0.0,0.0,0.5,0.0,2
0.18412046,2.0,3.0,4.0,0.1883413,0.8128414,0.6380048,0.85185,0.7900657,0.0,0.0,0.5,0.0,2
0.11764706,1.0,3.0,4.0,0.8333333,0.38545316,0.537661,0.33333,0.39674196,0.0,0.0,0.5,0.0,2
0.2570822,1.0,3.0,4.0,0.16666667,0.53761154,0.60925996,0.528121,0.55000395,0.0,0.0,0.5,0.0,2
0.09559979,1.0,3.0,4.0,0.33333334,0.602211,0.72188973,0.40741,0.5386959,0.0,0.0,0.5,0.0,2
0.08670626,2.0,3.0,4.0,0.33333334,0.4315059,0.7,0.51852,0.5356323,0.0,0.0,0.5,0.0,2
0.15034543,1.0,3.0,4.0,1.0,0.52453756,0.6222064,0.263399,0.42462713,0.0,0.0,0.5,0.0,2
0.23589906,2.0,3.0,4.0,1.0,0.52952605,0.62487143,0.36960822,0.47669953,0.0,0.0,0.5,0.0,2
0.032081243,1.0,3.0,4.0,0.6666667,0.519248,0.66590357,0.6464691,0.613622,0.0,0.0,0.5,0.0,2
0.05882353,2.0,3.0,4.0,0.5,0.6192465,0.7044101,0.552293,0.6077797,0.0,0.0,0.5,0.0,2
0.0,1.0,3.0,4.0,0.43447956,0.60269773,0.6553439,0.75530124,0.68690276,0.0,0.0,0.5,0.0,2
0.11764706,1.0,3.0,4.0,0.6666667,0.5772449,0.61515844,0.32771683,0.46874422,0.0,0.0,0.5,0.0,2
0.05882353,1.0,3.0,4.0,0.8333333,0.5228377,0.6984531,0.40741,0.5098389,0.0,0.0,0.5,0.0,2
0.05710248,2.0,3.0,4.0,0.33333334,0.74405175,0.70073146,0.7734454,0.747687,0.0,0.0,0.5,0.0,2
0.0,2.0,3.0,4.0,1.0,0.4219839,0.7193385,0.3668802,0.46601918,0.0,0.0,0.5,0.0,2
0.116477,2.0,3.0,4.0,0.8333333,0.58244324,0.6009946,0.40741,0.50444025,0.0,0.0,0.5,0.0,2
0.0,2.0,3.0,4.0,0.8333333,0.48954535,0.6,0.27859938,0.4162627,0.0,0.0,0.5,0.0,2
0.11005705,1.0,3.0,4.0,0.6666667,0.6815479,0.7818549,0.75806516,0.7411586,0.0,0.0,0.5,0.0,2
0.05882353,1.0,3.0,4.0,0.33333334,0.44208562,0.63341683,0.44444,0.4882107,0.0,0.0,0.5,0.0,2
0.16194662,2.0,3.0,4.0,0.6666667,0.4782343,0.625,0.24965389,0.4052053,0.0,0.0,0.5,0.0,2
0.06832063,2.0,3.0,4.0,0.8333333,0.4606932,0.67903626,0.40741,0.48699078,0.0,0.0,0.5,0.0,2
0.03787143,2.0,3.0,4.0,0.5,0.5896605,0.80547684,0.81481,0.7463961,0.0,0.0,0.5,0.0,2
0.25566882,1.0,3.0,4.0,0.36219752,0.47467697,0.525,0.27064264,0.39049718,0.0,0.0,0.5,0.0,2
0.05882353,2.0,3.0,4.0,0.8333333,0.55099684,0.63545066,0.39663187,0.49822575,0.0,0.0,0.5,0.0,2
0.32167572,1.0,3.0,4.0,0.5,0.8791067,0.7734244,0.88889,0.85884124,0.0,0.0,0.5,0.0,2
0.29411766,2.0,3.0,4.0,0.5845744,0.73055553,0.6880585,0.8142634,0.7599488,0.0,0.0,0.5,0.0,2
0.018977217,1.0,3.0,4.0,0.5,0.45981315,0.624196,0.38351086,0.46258804,0.0,0.0,0.5,0.0,2
0.07264925,2.0,3.0,4.0,0.33333334,0.5401483,0.6926278,0.5098142,0.5617486,0.0,0.0,0.5,0.0,2
0.05882353,2.0,3.0,4.0,0.5,0.51911855,0.6665344,0.4136796,0.5041832,0.0,0.0,0.5,0.0,2
0.23529412,2.0,3.0,4.0,0.74252874,0.46421075,0.5841379,0.18850538,0.36268795,0.0,0.0,0.5,0.0,2
0.078263775,2.0,3.0,4.0,0.33333334,0.84835184,0.6873932,0.92593,0.8469817,0.0,0.0,0.5,0.0,2
0.26958734,2.0,3.0,4.0,0.5,0.582372,0.71872383,0.6141837,0.62942517,0.0,0.0,0.5,0.0,2
0.29408398,2.0,3.0,4.0,0.6666667,0.5698957,0.6249571,0.7407506,0.6632507,0.0,0.0,0.5,0.0,2
0.05882353,2.0,3.0,4.0,0.8333333,0.45081595,0.575,0.5499847,0.5266997,0.0,0.0,0.5,0.0,2
0.11764706,2.0,3.0,4.0,1.0,0.7320123,0.6387432,0.64999014,0.67146355,0.0,0.0,0.5,0.0,2
0.0,1.0,3.0,4.0,0.33333334,0.6904325,0.6646346,0.9182513,0.7915644,0.0,0.0,0.5,0.0,2
0.05882353,2.0,3.0,4.0,0.8333333,0.6203442,0.5945597,0.37037,0.4966423,0.0,0.0,0.5,0.0,2
0.11764706,2.0,3.0,4.0,0.33333334,0.44085267,0.6265422,0.57293016,0.54670006,0.0,0.0,0.5,0.0,2
0.017675847,2.0,3.0,4.0,0.16666667,0.5001835,0.5725367,0.62963,0.5781211,0.0,0.0,0.5,0.0,2
0.07798959,2.0,3.0,4.0,0.8333333,0.44833538,0.6,0.38243848,0.45301023,0.0,0.0,0.5,0.0,2
0.5660257,2.0,1.0,3.2074785,0.29984316,0.62573767,0.52382296,0.6029544,0.5910362,2.0,0.0,0.0,0.0,2
0.09050321,2.0,3.0,4.0,0.5,0.45628604,0.6769277,0.29915074,0.43425688,0.0,0.0,0.5,0.0,2
0.5769145,2.0,1.0,3.269182,0.30514964,0.6260845,0.535882,0.6030649,0.59402764,2.0,0.0,0.0,0.0,2
0.24399906,2.0,3.0,4.0,0.6666667,0.7155659,0.6213004,0.5294812,0.605817,0.0,0.0,0.5,0.0,2
0.16779752,1.0,3.0,4.0,1.0,0.43829376,0.6073721,0.37037,0.446117,0.0,0.0,0.5,0.0,2
0.11764706,2.0,3.0,4.0,0.6666667,0.4326701,0.61445576,0.34403884,0.43373856,0.0,0.0,0.5,0.0,2
0.010947905,1.0,3.0,4.0,0.33333334,0.5243882,0.675,0.52541274,0.5603119,0.0,0.0,0.5,0.0,2
0.16868398,2.0,3.0,4.0,0.6666667,0.47533768,0.625,0.2369279,0.3983653,0.0,0.0,0.5,0.0,2
0.1764706,2.0,3.0,4.0,0.6666667,0.56234205,0.7305239,0.54736984,0.5948664,0.0,0.0,0.5,0.0,2
0.05882353,1.0,3.0,4.0,0.33333334,0.6017828,0.685022,0.43710312,0.5438708,0.0,0.0,0.5,0.0,2
0.09685525,2.0,3.0,4.0,0.5,0.52759624,0.57650954,0.6056822,0.57584876,0.0,0.0,0.5,0.0,2
0.11764706,2.0,3.0,4.0,0.6666667,0.48696908,0.6364617,0.3503116,0.4578364,0.0,0.0,0.5,0.0,2
0.35070696,2.0,3.0,4.0,0.99366975,0.46134531,0.6452523,0.6638563,0.59991854,0.0,0.0,0.5,0.0,2
0.029898819,2.0,3.0,4.0,0.33333334,0.56005776,0.6686465,0.45385334,0.5356291,0.0,0.0,0.5,0.0,2
0.1648653,2.0,3.0,4.0,0.74177957,0.85355383,0.725,1.0,0.8922192,0.0,0.0,0.5,0.0,2
0.006793065,1.0,3.0,4.0,0.8237098,0.820365,0.7235565,0.88461256,0.8278259,0.0,0.0,0.5,0.0,2
0.21402873,1.0,3.0,4.0,0.6666667,0.5077294,0.6409622,0.20883642,0.39842066,0.0,0.0,0.5,0.0,2
0.11764706,2.0,3.0,4.0,0.5,0.4708717,0.6533218,0.46172962,0.5094997,0.0,0.0,0.5,0.0,2
0.06085066,2.0,3.0,4.0,0.8333333,0.7798609,0.89569235,0.8492974,0.8397943,0.0,0.0,0.5,0.0,2
0.0,2.0,3.0,4.0,1.0,0.5654369,0.6492402,0.44556573,0.528749,0.0,0.0,0.5,0.0,2
0.05882353,2.0,3.0,4.0,0.5,0.5163498,0.6724556,0.40929437,0.5026981,0.0,0.0,0.5,0.0,2
0.030170731,1.0,3.0,4.0,0.5,0.45749304,0.66282254,0.36941418,0.46435705,0.0,0.0,0.5,0.0,2
0.0,2.0,3.0,4.0,1.0,0.33760568,0.7023418,0.46760243,0.48459992,0.0,0.0,0.5,0.0,2
0.11764706,2.0,3.0,4.0,0.8333333,0.6340453,0.74340343,0.6016788,0.644548,0.0,0.0,0.5,0.0,2
0.11764706,1.0,3.0,4.0,0.5,0.72660065,0.6381052,0.7037,0.6950044,0.0,0.0,0.5,0.0,2
0.099856034,2.0,3.0,4.0,0.6666667,0.42220148,0.575,0.44444,0.468618,0.0,0.0,0.5,0.0,2
0.11764706,2.0,3.0,4.0,1.0,0.7561979,0.66314363,0.6861386,0.7013329,0.0,0.0,0.5,0.0,2
0.7901569,2.0,1.4775559,4.0,0.368,0.6561526,0.63838875,0.5775198,0.6149692,2.0,0.0,0.0,0.0,2
0.1433699,2.0,3.0,4.0,0.6666667,0.58153635,0.61093223,0.53471714,0.5664181,0.0,0.0,0.5,0.0,2
0.1436014,2.0,3.0,4.0,0.5,0.8781241,0.6169082,0.84749585,0.80224967,0.0,0.0,0.5,0.0,2
0.31730852,1.0,3.0,4.0,0.33333334,0.40441647,0.6,0.45797905,0.47564313,0.0,0.0,0.5,0.0,2
0.0,2.0,3.0,4.0,0.5,0.8168569,0.79593676,0.8057806,0.80672395,0.0,0.0,0.5,0.0,2
0.05882353,2.0,3.0,4.0,0.33333334,0.6777572,0.74782985,0.8250168,0.7635439,0.0,0.0,0.5,0.0,2
0.16033627,2.0,3.0,4.0,0.16666667,0.4952279,0.6181429,0.48148,0.51767707,0.0,0.0,0.5,0.0,2
0.05882353,2.0,3.0,4.0,0.5,0.5186821,0.68819344,0.40741,0.5062006,0.0,0.0,0.5,0.0,2
0.03200122,2.0,3.0,4.0,0.33333334,0.74333566,0.73860055,0.66992563,0.7076743,0.0,0.0,0.5,0.0,2
0.05882353,1.0,3.0,4.0,0.33333334,0.4508535,0.6139136,0.4772912,0.50166,0.0,0.0,0.5,0.0,2
0.39975095,1.0,3.0,4.0,0.8996472,0.5132051,0.6497354,0.6220652,0.5965555,0.0,0.0,0.5,0.0,2
0.08285843,1.0,3.0,4.0,0.8333333,0.45938265,0.5647852,0.2743943,0.3971285,0.0,0.0,0.5,0.0,2
0.0,1.0,3.0,4.0,0.19890179,0.43462652,0.475,0.23060621,0.3481133,0.0,0.0,0.5,0.0,2
0.05882353,2.0,3.0,4.0,0.8333333,0.45384392,0.69882417,0.4250542,0.4979395,0.0,0.0,0.5,0.0,2
0.059051592,2.0,3.0,4.0,0.5,0.8724573,0.72509694,0.8517064,0.82802385,0.0,0.0,0.5,0.0,2
0.05882353,1.0,3.0,4.0,0.6666667,0.46596318,0.725,0.5533572,0.5680384,0.0,0.0,0.5,0.0,2
0.23566681,2.0,3.0,4.0,1.0,0.52987367,0.6250792,0.8143407,0.68614125,0.0,0.0,0.5,0.0,2
0.037658725,2.0,3.0,4.0,0.8333333,0.498569,0.5929901,0.3066795,0.43048292,0.0,0.0,0.5,0.0,2
0.0,1.0,3.0,4.0,0.6666667,0.48943454,0.61492175,0.32227895,0.44030252,0.0,0.0,0.5,0.0,2
0.04468339,2.0,3.0,4.0,1.0,0.57488036,0.6060096,0.50961626,0.5514899,0.0,0.0,0.5,0.0,2
0.09930006,1.0,3.0,4.0,0.33333334,0.49728584,0.66720253,0.59259,0.5821147,0.0,0.0,0.5,0.0,2
0.11764706,2.0,3.0,4.0,0.5,0.6734928,0.5448083,0.66667,0.6400018,0.0,0.0,0.5,0.0,2
0.05701235,1.0,3.0,4.0,0.6666667,0.46855184,0.7234605,0.55670017,0.57001096,0.0,0.0,0.5,0.0,2
0.69583523,2.0,1.0,4.028467,0.368,0.6311561,0.67497337,0.606357,0.6297959,2.0,0.0,0.0,0.0,2
0.14361712,1.0,3.0,4.0,0.6666667,0.64471364,0.7360373,0.45261642,0.57580656,0.0,0.0,0.5,0.0,2
0.043178223,2.0,3.0,4.0,0.5,0.4521418,0.5132985,0.21474196,0.3548073,0.0,0.0,0.5,0.0,2
0.0,2.0,3.0,4.0,0.5,0.7049837,0.78093505,0.84305656,0.7878274,0.0,0.0,0.5,0.0,2
0.12596972,2.0,3.0,4.0,0.5,0.92687505,0.7106114,0.9577201,0.8905037,0.0,0.0,0.5,0.0,2
0.1764706,1.0,3.0,4.0,0.6666667,0.5039464,0.6757637,0.66667,0.6209502,0.0,0.0,0.5,0.0,2
0.16894403,2.0,3.0,4.0,1.0,0.77875316,0.625,0.50043607,0.6116044,0.0,0.0,0.5,0.0,2
0.08663376,2.0,3.0,4.0,0.912129,0.7252808,0.6118194,0.6101015,0.6443802,0.0,0.0,0.5,0.0,2
0.05882353,2.0,3.0,4.0,0.8333333,0.58783615,0.6132544,0.6062006,0.6024616,0.0,0.0,0.5,0.0,2
0.0,1.0,3.0,4.0,0.5,0.5164588,0.664447,0.21152408,0.40777746,0.0,0.0,0.5,0.0,2
0.06942366,1.0,3.0,4.0,0.6666667,0.4684676,0.7159899,0.54221064,0.56140953,0.0,0.0,0.5,0.0,2
0.039211333,2.0,3.0,4.0,0.6666667,0.61989075,0.65833515,0.6790161,0.6567633,0.0,0.0,0.5,0.0,2
0.38434693,1.0,3.0,4.0,0.8778248,0.70531803,0.725,0.61236554,0.6662095,0.0,0.0,0.5,0.0,2
0.0,2.0,3.0,4.0,0.33333334,0.6991134,0.7471422,0.40741,0.5731391,0.0,0.0,0.5,0.0,2
0.048613172,1.0,3.0,4.0,0.33333334,0.6777855,0.69049543,0.9106246,0.7903419,0.0,0.0,0.5,0.0,2
0.0005561157,2.0,3.0,4.0,0.33333334,0.4528609,0.7,0.48183018,0.52464277,0.0,0.0,0.5,0.0,2
0.0,1.0,3.0,4.0,0.8333333,0.53767663,0.7799349,0.4518721,0.55430025,0.0,0.0,0.5,0.0,2
0.0,2.0,3.0,4.0,0.33333334,0.6410602,0.62526757,0.4812818,0.5621609,0.0,0.0,0.5,0.0,2
0.11764706,2.0,3.0,4.0,0.16666667,0.67525995,0.75,0.70702666,0.70779705,0.0,0.0,0.5,0.0,2
0.3525322,1.0,3.0,4.0,0.8333333,0.41973788,0.5750579,0.22230585,0.3633793,0.0,0.0,0.5,0.0,2
0.23269635,2.0,3.0,4.0,0.6666667,0.550016,0.5533122,0.6263589,0.5867186,0.0,0.0,0.5,0.0,2
0.1764706,2.0,3.0,4.0,0.6666667,0.6667201,0.7743663,0.77871543,0.74475545,0.0,0.0,0.5,0.0,2
0.021593746,2.0,3.0,4.0,1.0,0.6157193,0.7591773,0.45803717,0.5752719,0.0,0.0,0.5,0.0,2
0.008121123,2.0,3.0,4.0,0.5,0.49644068,0.57327425,0.59259,0.5597636,0.0,0.0,0.5,0.0,2
0.11764706,2.0,3.0,4.0,0.6666667,0.48141745,0.675,0.6662503,0.6139417,0.0,0.0,0.5,0.0,2
0.06622458,2.0,3.0,4.0,0.6666667,0.63415015,0.61556363,0.77778,0.69736403,0.0,0.0,0.5,0.0,2
0.09669725,2.0,3.0,4.0,0.16666667,0.6855896,0.7410963,0.7168917,0.713383,0.0,0.0,0.5,0.0,2
0.04759901,2.0,3.0,4.0,0.33333334,0.44595614,0.6952296,0.3562362,0.46238998,0.0,0.0,0.5,0.0,2
0.11764706,2.0,3.0,4.0,0.16666667,0.6537312,0.7278894,0.80624926,0.74295956,0.0,0.0,0.5,0.0,2
0.035290085,1.0,3.0,4.0,0.16666667,0.57620484,0.5899983,0.43333226,0.51221496,0.0,0.0,0.5,0.0,2
0.11150564,2.0,3.0,4.0,0.8333333,0.62673575,0.7869495,0.6218968,0.662157,0.0,0.0,0.5,0.0,2
0.55341756,1.3991002,1.0,4.0,0.21618764,0.63528335,0.5150704,0.5452122,0.56461155,2.0,0.0,0.0,0.0,2
0.016285324,2.0,3.0,4.0,1.0,0.5646931,0.63615745,0.41367915,0.51044625,0.0,0.0,0.5,0.0,2
0.042333268,2.0,3.0,4.0,1.0,0.45499814,0.70700836,0.35998642,0.46958145,0.0,0.0,0.5,0.0,2
0.07721139,2.0,3.0,4.0,0.8333333,0.44550532,0.56718516,0.32175466,0.41589785,0.0,0.0,0.5,0.0,2
0.116205975,2.0,3.0,4.0,0.6666667,0.47987783,0.675,0.6675772,0.6141135,0.0,0.0,0.5,0.0,2
0.05882353,1.0,3.0,4.0,0.8333333,0.51845795,0.5959206,0.4845051,0.5207022,0.0,0.0,0.5,0.0,2
0.09112532,2.0,3.0,4.0,0.5,0.5343941,0.5612717,0.59259,0.56810415,0.0,0.0,0.5,0.0,2
0.21365234,2.0,3.0,4.0,0.16666667,0.53011733,0.6408022,0.48148,0.5332716,0.0,0.0,0.5,0.0,2
0.05882353,2.0,3.0,4.0,0.6666667,0.65323144,0.67114794,0.5341864,0.60142505,0.0,0.0,0.5,0.0,2
0.19424963,2.0,3.0,4.0,0.8333333,0.5964679,0.66278046,0.48148,0.55795574,0.0,0.0,0.5,0.0,2
0.05846537,2.0,3.0,4.0,0.5,0.6076252,0.67469555,0.9622835,0.7903039,0.0,0.0,0.5,0.0,2
0.05882353,2.0,3.0,4.0,0.5,0.5451616,0.78738236,0.40741,0.5373301,0.0,0.0,0.5,0.0,2
0.07424185,2.0,3.0,4.0,0.16666667,0.5654308,0.6368944,0.3752243,0.49273548,0.0,0.0,0.5,0.0,2
0.018720668,1.0,3.0,4.0,0.8333333,0.4753472,0.7,0.4579071,0.5200016,0.0,0.0,0.5,0.0,2
0.18975668,1.0,3.0,4.0,1.0,0.43137595,0.59153014,0.366187,0.43838716,0.0,0.0,0.5,0.0,2
0.13622653,2.0,3.0,4.0,0.8333333,0.6303078,0.7171037,0.5984396,0.6357351,0.0,0.0,0.5,0.0,2
0.13189596,2.0,3.0,4.0,0.6666667,0.4980298,0.6810558,0.6487255,0.61200595,0.0,0.0,0.5,0.0,2
0.08951412,2.0,3.0,4.0,0.8333333,0.5023069,0.7,0.37198052,0.48749262,0.0,0.0,0.5,0.0,2
0.18501157,2.0,3.0,4.0,1.0,0.5758012,0.6891103,0.33870807,0.49088815,0.0,0.0,0.5,0.0,2
0.05115705,1.0,3.0,4.0,0.28501835,0.6060586,0.57426924,0.7885146,0.68444234,0.0,0.0,0.5,0.0,2
0.21569732,2.0,3.0,4.0,0.27780908,0.79637754,0.69168544,0.85185,0.7978494,0.0,0.0,0.5,0.0,2
0.0,2.0,3.0,4.0,0.33333334,0.58690995,0.6644444,0.4522596,0.54178894,0.0,0.0,0.5,0.0,2
0.1925411,1.0,3.0,4.0,0.47723347,0.39711466,0.621585,0.4343221,0.46744186,0.0,0.0,0.5,0.0,2
0.047212474,1.0,3.0,4.0,0.8333333,0.4911408,0.52516323,0.31846964,0.41788802,0.0,0.0,0.5,0.0,2
0.09323707,2.0,3.0,4.0,0.6666667,0.68748796,0.5603742,0.04787183,0.35658717,0.0,0.0,0.5,0.0,2
0.16751003,2.0,3.0,4.0,0.19205494,0.81952775,0.6364247,0.84056693,0.78635055,0.0,0.0,0.5,0.0,2
0.0,1.0,3.0,4.0,0.33333334,0.5193427,0.583271,0.49133888,0.5212066,0.0,0.0,0.5,0.0,2
0.06011923,2.0,3.0,4.0,0.5,0.880345,0.773348,0.8542974,0.84291553,0.0,0.0,0.5,0.0,2
0.093132794,2.0,3.0,4.0,0.5,0.9029244,0.7104186,0.9166557,0.864092,0.0,0.0,0.5,0.0,2
0.61607695,2.0,3.0,4.0,0.5262949,0.40416804,0.56972116,0.15201326,0.32446486,0.0,0.0,0.5,0.0,2
0.1764706,2.0,3.0,4.0,0.7418366,0.6981822,0.777449,0.8315157,0.7795838,0.0,0.0,0.5,0.0,2
0.15067366,1.0,3.0,4.0,0.5,0.4162634,0.6414455,0.44444,0.48250845,0.0,0.0,0.5,0.0,2
0.17449005,2.0,3.0,4.0,0.33333334,0.7846263,0.6775252,0.7419871,0.73935586,0.0,0.0,0.5,0.0,2
0.26886728,1.0,3.0,4.0,0.33333334,0.4281046,0.6,0.37831983,0.4451241,0.0,0.0,0.5,0.0,2
0.05882353,2.0,3.0,4.0,0.6666667,0.68770033,0.76258177,0.44444,0.59084135,0.0,0.0,0.5,0.0,2
0.0,2.0,3.0,4.0,0.33333334,0.79468834,0.7060097,0.74216646,0.74910843,0.0,0.0,0.5,0.0,2
0.10659748,2.0,3.0,4.0,0.33333334,0.68672824,0.7546961,0.7916935,0.75211334,0.0,0.0,0.5,0.0,2
0.10116421,2.0,3.0,4.0,0.6666667,0.46378088,0.675,0.6770461,0.61383736,0.0,0.0,0.5,0.0,2
0.0,2.0,3.0,4.0,0.8333333,0.51034564,0.60665333,0.2913712,0.42995605,0.0,0.0,0.5,0.0,2
0.2298761,1.0,3.0,4.0,0.5,0.6157786,0.6796053,0.36695838,0.51370704,0.0,0.0,0.5,0.0,2
0.11764706,1.0,3.0,4.0,1.0,0.8399257,0.597321,0.8822759,0.80277306,0.0,0.0,0.5,0.0,2
0.20266722,2.0,3.0,4.0,0.16666667,0.5464858,0.64726716,0.44849348,0.5240842,0.0,0.0,0.5,0.0,2
0.021347597,1.0,3.0,4.0,0.33333334,0.57514876,0.6862909,0.80137146,0.7077587,0.0,0.0,0.5,0.0,2
0.20742814,1.0,3.0,4.0,0.5,0.4795372,0.625,0.70175856,0.6183401,0.0,0.0,0.5,0.0,2
0.20804867,1.0,3.0,4.0,1.0,0.45735693,0.62684137,0.39025408,0.46565711,0.0,0.0,0.5,0.0,2
0.07262667,2.0,3.0,4.0,0.5,0.7637323,0.692599,0.8998553,0.8110531,0.0,0.0,0.5,0.0,2
0.1764706,1.0,3.0,4.0,0.5,0.7945529,0.5803194,0.8630803,0.7763924,0.0,0.0,0.5,0.0,2
0.05882353,1.0,3.0,4.0,0.8333333,0.6539236,0.73224926,0.58667094,0.64070696,0.0,0.0,0.5,0.0,2
0.19471373,1.0,3.0,4.0,0.16666667,0.6312779,0.55458885,0.50234425,0.5525593,0.0,0.0,0.5,0.0,2
0.7647059,2.0,3.0,4.0,0.9600154,0.43071157,0.60899657,0.6311277,0.5669776,0.0,0.0,0.5,0.0,2
0.34804657,1.0,3.0,4.0,0.5,0.71998096,0.6541604,0.7006188,0.6953884,0.0,0.0,0.5,0.0,2
0.07525558,1.0,3.0,4.0,0.6666667,0.46777856,0.71103275,0.53486615,0.5565843,0.0,0.0,0.5,0.0,2
0.09403261,2.0,3.0,4.0,0.8333333,0.39719343,0.6149639,0.32603508,0.41494596,0.0,0.0,0.5,0.0,2
0.18580143,2.0,3.0,4.0,0.5,0.4615429,0.7762064,0.25338456,0.4376269,0.0,0.0,0.5,0.0,2
0.1245887,1.0,3.0,4.0,0.5,0.5697533,0.59114945,0.7276282,0.6490827,0.0,0.0,0.5,0.0,2
0.11764706,2.0,3.0,4.0,0.33333334,0.50233483,0.6588111,0.48800725,0.53241235,0.0,0.0,0.5,0.0,2
0.1928399,2.0,3.0,4.0,0.71304643,0.49567866,0.5028278,0.80869955,0.6446651,0.0,0.0,0.5,0.0,2
0.1016737,2.0,3.0,4.0,0.8333333,0.46333382,0.70678866,0.4174654,0.49902976,0.0,0.0,0.5,0.0,2
0.093973726,2.0,3.0,4.0,0.5,0.72808945,0.689633,0.43721923,0.58215773,0.0,0.0,0.5,0.0,2
0.28202963,1.0,3.0,4.0,0.5,0.56001306,0.6275687,0.39599365,0.49872562,0.0,0.0,0.5,0.0,2
0.1764706,1.0,3.0,4.0,0.6666667,0.6702876,0.615548,0.51852,0.5859845,0.0,0.0,0.5,0.0,2
0.2225304,1.0,3.0,4.0,0.86949724,0.65738416,0.7162737,0.6376671,0.6619629,0.0,0.0,0.5,0.0,2
0.22675788,1.0,3.0,4.0,0.6666667,0.72723186,0.6963721,0.46554995,0.59682703,0.0,0.0,0.5,0.0,2
0.15255798,2.0,3.0,4.0,0.6666667,0.52193236,0.68983716,0.59259,0.59468746,0.0,0.0,0.5,0.0,2
0.071090974,1.0,3.0,4.0,0.68404555,0.40067732,0.72760683,0.5262435,0.5366913,0.0,0.0,0.5,0.0,2
0.34314513,1.4167335,3.0,2.0,0.11499278,0.6510735,0.5554909,0.50283027,0.558822,2.0,0.0,0.0,0.0,2
0.23529412,2.0,3.0,4.0,0.5,0.6049278,0.6883258,0.55310833,0.6001694,0.0,0.0,0.5,0.0,2
0.13642697,2.0,3.0,4.0,0.33333334,0.66272974,0.625,0.42001393,0.53962904,0.0,0.0,0.5,0.0,2
0.110641,2.0,3.0,4.0,0.16666667,0.8445115,0.7705336,0.9977942,0.89923847,0.0,0.0,0.5,0.0,2
0.11764706,2.0,3.0,4.0,0.5,0.48619637,0.6062037,0.48148,0.51221627,0.0,0.0,0.5,0.0,2
0.17240514,1.0,3.0,4.0,0.5,0.524581,0.6232722,0.74074,0.6495239,0.0,0.0,0.5,0.0,2
0.15608409,1.0,3.0,4.0,0.9711191,0.78896683,0.6206679,0.61679476,0.6683459,0.0,0.0,0.5,0.0,2
0.11000412,2.0,3.0,4.0,0.6666667,0.73969483,0.737007,0.5507474,0.6501392,0.0,0.0,0.5,0.0,2
0.3964743,1.0,3.0,3.5649843,0.32275838,0.59838855,0.57254976,0.51327634,0.55225605,2.0,0.0,0.0,0.0,2
0.11764706,1.0,3.0,4.0,0.8333333,0.66953045,0.65,0.79998213,0.72632897,0.0,0.0,0.5,0.0,2
0.05882353,1.0,3.0,4.0,0.6666667,0.49545142,0.7107048,0.5979139,0.59431607,0.0,0.0,0.5,0.0,2
0.0,2.0,3.0,4.0,0.33333334,0.46082953,0.62964,0.3031737,0.42635345,0.0,0.0,0.5,0.0,2
0.12100095,2.0,3.0,4.0,0.9904973,0.82920307,0.7557016,0.66244626,0.7334306,0.0,0.0,0.5,0.0,2
0.20131674,1.0,3.0,4.0,0.5,0.53535205,0.51444036,0.66091603,0.5895179,0.0,0.0,0.5,0.0,2
0.09545214,2.0,3.0,4.0,0.5,0.9074768,0.7282985,0.92103666,0.8716991,0.0,0.0,0.5,0.0,2
0.17272478,2.0,3.0,4.0,0.33333334,0.54605216,0.65,0.7454567,0.6643482,0.0,0.0,0.5,0.0,2
0.27500826,2.0,3.0,4.0,0.38747665,0.6378833,0.70875704,0.3583372,0.5230111,0.0,0.0,0.5,0.0,2
0.05882353,1.0,3.0,4.0,0.5,0.791653,0.5395028,0.6752638,0.67755413,0.0,0.0,0.5,0.0,2
0.0,2.0,3.0,4.0,0.1737153,0.56646365,0.67182815,0.15284903,0.39661688,0.0,0.0,0.5,0.0,2
0.033213474,1.0,3.0,4.0,0.33333334,0.54024184,0.675,0.4766923,0.5420458,0.0,0.0,0.5,0.0,2
0.05882353,2.0,3.0,4.0,0.6666667,0.698935,0.825,0.44444,0.6088325,0.0,0.0,0.5,0.0,2
0.07714721,2.0,3.0,4.0,0.6666667,0.8728084,0.7672124,0.8090425,0.81795496,0.0,0.0,0.5,0.0,2
0.21622634,2.0,3.0,4.0,0.6666667,0.7691252,0.75741524,0.7157066,0.7412335,0.0,0.0,0.5,0.0,2
0.21074426,2.0,3.0,4.0,0.5,0.9459698,0.83261055,0.88373715,0.8900117,0.0,0.0,0.5,0.0,2
0.13160624,1.0,3.0,4.0,0.8333333,0.45205897,0.7186442,0.45385674,0.5156362,0.0,0.0,0.5,0.0,2
0.40444183,1.0,3.0,4.0,0.3125852,0.8357583,0.65300995,0.8240321,0.78723973,0.0,0.0,0.5,0.0,2
0.048070163,2.0,3.0,4.0,1.0,0.7137036,0.79757893,0.83830947,0.79207754,0.0,0.0,0.5,0.0,2
0.075202316,2.0,3.0,4.0,0.8333333,0.6565103,0.581961,0.3806834,0.50916684,0.0,0.0,0.5,0.0,2
0.13289419,2.0,3.0,4.0,0.33333334,0.76796865,0.65972,0.8840896,0.7971443,0.0,0.0,0.5,0.0,2
0.21624166,2.0,3.0,4.0,0.6666667,0.5239782,0.5419027,0.17423543,0.36361757,0.0,0.0,0.5,0.0,2
0.111056745,1.0,3.0,4.0,0.34266964,0.70393866,0.9443982,0.69955075,0.75845206,0.0,0.0,0.5,0.0,2
0.18782917,2.0,3.0,4.0,0.5,0.9349181,0.816379,0.8789274,0.88067925,0.0,0.0,0.5,0.0,2
0.027965095,1.0,3.0,4.0,0.6666667,0.5242924,0.62622964,0.33151338,0.45755988,0.0,0.0,0.5,0.0,2
0.10184238,2.0,3.0,4.0,0.16666667,0.76013273,0.625,0.7813685,0.7383336,0.0,0.0,0.5,0.0,2
0.1764392,2.0,3.0,4.0,0.66657776,0.6374662,0.52508,0.07407,0.34590182,0.0,0.0,0.5,0.0,2
0.05882353,2.0,3.0,4.0,0.16666667,0.49684572,0.6223798,0.5224021,0.53841186,0.0,0.0,0.5,0.0,2
0.08831937,2.0,3.0,4.0,0.6666667,0.57629067,0.6375357,0.44444,0.5286548,0.0,0.0,0.5,0.0,2
0.0,1.0,3.0,4.0,0.33333334,0.5533418,0.675,0.4899903,0.552156,0.0,0.0,0.5,0.0,2
0.015785864,1.0,3.0,4.0,0.8333333,0.6500119,0.6716455,0.7506787,0.70247746,0.0,0.0,0.5,0.0,2
0.089648955,2.0,3.0,4.0,0.8333333,0.45602494,0.6987984,0.76015013,0.6562616,0.0,0.0,0.5,0.0,2
0.28758958,2.0,3.0,4.0,0.48150375,0.70852166,0.6583233,0.85185,0.76415867,0.0,0.0,0.5,0.0,2
0.074638136,1.0,3.0,4.0,0.27240404,0.7424233,0.9225818,0.73078185,0.7793359,0.0,0.0,0.5,0.0,2
0.0,1.0,3.0,4.0,0.2951301,0.78404146,0.7593829,0.74923027,0.76186204,0.0,0.0,0.5,0.0,2
0.29394817,2.0,3.0,4.0,0.5,0.5967822,0.699928,0.59259,0.61907667,0.0,0.0,0.5,0.0,2
0.11764706,1.0,3.0,4.0,0.6666667,0.45299506,0.65352607,0.44966426,0.49861023,0.0,0.0,0.5,0.0,2
0.2722326,1.0,3.0,4.0,0.5,0.57784,0.68604827,0.6804488,0.65158474,0.0,0.0,0.5,0.0,2
0.05882353,1.0,3.0,4.0,0.6666667,0.3863354,0.66979307,0.2924382,0.4088462,0.0,0.0,0.5,0.0,2
0.16656442,2.0,3.0,4.0,0.8333333,0.4216316,0.6334202,0.82397926,0.6608017,0.0,0.0,0.5,0.0,2
0.075314485,2.0,3.0,4.0,0.8333333,0.48600534,0.58200866,0.508136,0.51900816,0.0,0.0,0.5,0.0,2
0.080656566,2.0,3.0,4.0,0.5,0.6906468,0.6435581,0.6899559,0.6792417,0.0,0.0,0.5,0.0,2
0.10232508,2.0,3.0,4.0,0.1883728,0.83755666,0.7945355,1.0,0.9038779,0.0,0.0,0.5,0.0,2
0.015853155,2.0,3.0,4.0,0.6666667,0.40263283,0.65673757,0.6225345,0.56590647,0.0,0.0,0.5,0.0,2
0.05882353,2.0,3.0,4.0,0.8333333,0.44459417,0.6264215,0.3834187,0.45858628,0.0,0.0,0.5,0.0,2
0.0,1.0,3.0,4.0,0.79937345,0.6517163,0.680094,0.74074,0.70028985,0.0,0.0,0.5,0.0,2
0.0434077,1.0,3.0,4.0,0.33333334,0.45195085,0.6311494,0.68488955,0.60373485,0.0,0.0,0.5,0.0,2
0.06093757,2.0,3.0,4.0,0.6666667,0.48186204,0.676797,0.48148,0.5275537,0.0,0.0,0.5,0.0,2
0.0,2.0,3.0,4.0,0.6666667,0.84353346,0.68947345,0.81481,0.7937696,0.0,0.0,0.5,0.0,2
0.113576904,2.0,3.0,4.0,0.5,0.6874496,0.67845964,0.6615442,0.6731389,0.0,0.0,0.5,0.0,2
0.34554565,2.0,3.0,4.0,1.0,0.48546305,0.5905707,0.20825078,0.37973964,0.0,0.0,0.5,0.0,2
0.05882353,2.0,3.0,4.0,0.6666667,0.8435306,0.6697177,0.91810125,0.8377217,0.0,0.0,0.5,0.0,2
0.0014945994,2.0,3.0,4.0,0.6666667,0.5684485,0.6743648,0.70275915,0.6565774,0.0,0.0,0.5,0.0,2
0.11457655,1.0,3.0,4.0,0.6579669,0.7313795,0.7,0.8186768,0.76508105,0.0,0.0,0.5,0.0,2
0.15503602,2.0,3.0,4.0,0.8333333,0.45488718,0.70794517,0.39563847,0.48654562,0.0,0.0,0.5,0.0,2
0.14518555,2.0,3.0,4.0,0.16666667,0.56965595,0.6515923,0.48148,0.5474426,0.0,0.0,0.5,0.0,2
0.10833232,2.0,3.0,4.0,0.6666667,0.59161735,0.725,0.8089505,0.7252796,0.0,0.0,0.5,0.0,2
0.05882353,2.0,3.0,4.0,0.8333333,0.6002548,0.57713354,0.30262122,0.45474738,0.0,0.0,0.5,0.0,2
0.061353352,1.0,3.0,4.0,1.0,0.8471644,0.93924826,0.9936285,0.93775994,0.0,0.0,0.5,0.0,2
0.03919216,1.6668667,3.0,2.6668668,0.25730014,0.5911021,0.5190657,0.51172787,0.5367997,2.0,0.0,0.0,0.0,2
0.048429966,2.0,3.0,4.0,1.0,0.5886859,0.75,0.50543076,0.5874644,0.0,0.0,0.5,0.0,2
0.038467884,2.0,3.0,4.0,0.33333334,0.85565525,0.91955036,1.0,0.9386139,0.0,0.0,0.5,0.0,2
0.17131697,2.0,3.0,4.0,0.33333334,0.8124693,0.71140486,0.8115703,0.78826374,0.0,0.0,0.5,0.0,2
0.011749038,1.0,3.0,4.0,0.16666667,0.7007599,0.73751664,0.44074193,0.587053,0.0,0.0,0.5,0.0,2
0.0,2.0,3.0,4.0,0.28134075,0.45504218,0.64059776,0.3078517,0.4294335,0.0,0.0,0.5,0.0,2
0.2798889,1.0,3.0,4.0,0.5,0.60128427,0.6818583,0.63083416,0.63414717,0.0,0.0,0.5,0.0,2
0.06405478,2.0,3.0,4.0,0.5,0.5172695,0.6683302,0.39752883,0.49646178,0.0,0.0,0.5,0.0,2
0.009513803,1.0,3.0,4.0,0.6666667,0.47372574,0.60404336,0.3213503,0.43268588,0.0,0.0,0.5,0.0,2
0.25238925,2.0,3.0,4.0,0.5,0.46582502,0.6645308,0.37511954,0.46989325,0.0,0.0,0.5,0.0,2
0.1764706,1.0,3.0,4.0,0.5,0.5647597,0.625,0.811021,0.6948283,0.0,0.0,0.5,0.0,2
0.17462225,2.0,3.0,4.0,0.6614297,0.63609046,0.5297133,0.07407,0.34658724,0.0,0.0,0.5,0.0,2
0.14543535,2.0,3.0,4.0,0.8333333,0.5887907,0.656595,0.5828215,0.6019374,0.0,0.0,0.5,0.0,2
0.33351514,2.0,3.0,4.0,0.5,0.40887976,0.5995364,0.3211011,0.41243628,0.0,0.0,0.5,0.0,2
0.011051073,1.0,3.0,4.0,0.33333334,0.769826,0.7461352,0.7372607,0.74893105,0.0,0.0,0.5,0.0,2
0.074510306,2.0,3.0,4.0,0.8333333,0.45430622,0.6,0.38024765,0.4537342,0.0,0.0,0.5,0.0,2
0.075008444,2.0,3.0,4.0,0.33333334,0.7676068,0.7,0.77778,0.7564829,0.0,0.0,0.5,0.0,2
0.12484429,2.0,3.0,4.0,0.16666667,0.6082562,0.675,0.48148,0.5643069,0.0,0.0,0.5,0.0,2
0.05882353,2.0,3.0,4.0,0.6666667,0.71719396,0.825,0.44444,0.614208,0.0,0.0,0.5,0.0,2
0.05882353,2.0,3.0,4.0,0.6666667,0.6633253,0.6798236,0.6372123,0.65491945,0.0,0.0,0.5,0.0,2
0.10366524,1.0,3.0,4.0,0.8333333,0.4616924,0.7,0.37917408,0.4789374,0.0,0.0,0.5,0.0,2
0.14440699,2.0,3.0,4.0,0.8333333,0.45023546,0.6,0.3905598,0.45739177,0.0,0.0,0.5,0.0,2
0.19219133,2.0,3.0,4.0,0.6666667,0.676919,0.66163737,0.6468719,0.6591833,0.0,0.0,0.5,0.0,2
0.24822384,2.0,3.0,4.0,0.6666667,0.5628937,0.5609903,0.62148845,0.59001994,0.0,0.0,0.5,0.0,2
0.11764706,2.0,3.0,4.0,0.6666667,0.64620274,0.6,0.48635143,0.560104,0.0,0.0,0.5,0.0,2
0.0,1.0,3.0,4.0,0.33333334,0.508813,0.55,0.5449762,0.53552383,0.0,0.0,0.5,0.0,2
0.1764706,2.0,3.0,4.0,0.16666667,0.54479957,0.5931517,0.45002657,0.5115763,0.0,0.0,0.5,0.0,2
0.05882353,2.0,3.0,4.0,0.6666667,0.8317919,0.72881925,1.0,0.88671863,0.0,0.0,0.5,0.0,2
0.15396586,1.0,3.0,4.0,0.6666667,0.7088309,0.69412905,0.44444,0.58095396,0.0,0.0,0.5,0.0,2
0.05882353,2.0,3.0,4.0,0.33333334,0.4256014,0.75,0.6802872,0.6217793,0.0,0.0,0.5,0.0,2
0.06951407,1.0,3.0,4.0,0.6666667,0.41469917,0.7113696,0.50505674,0.527024,0.0,0.0,0.5,0.0,2
0.20967603,1.0,3.0,4.0,0.59408206,0.37903112,0.59677535,0.48625758,0.4807221,0.0,0.0,0.5,0.0,2
0.0981118,2.0,3.0,4.0,0.5,0.6931549,0.6583025,0.9134886,0.78864294,0.0,0.0,0.5,0.0,2
0.33283508,1.0,3.0,4.0,0.5569673,0.5105717,0.5762705,0.18612781,0.3733513,0.0,0.0,0.5,0.0,2
0.07417491,2.0,3.0,4.0,0.8333333,0.344898,0.64347565,0.26892644,0.37940183,0.0,0.0,0.5,0.0,2
0.07195667,1.0,3.0,4.0,0.5,0.66386336,0.6582553,0.58863425,0.62713796,0.0,0.0,0.5,0.0,2
0.39069766,1.0,3.0,4.0,0.5,0.55747896,0.5731395,0.38638845,0.48065072,0.0,0.0,0.5,0.0,2
0.14290297,2.0,3.0,4.0,0.16666667,0.4825339,0.50706494,0.3440051,0.42311254,0.0,0.0,0.5,0.0,2
0.025406323,2.0,3.0,4.0,0.5,0.48118952,0.5931907,0.28030214,0.4130047,0.0,0.0,0.5,0.0,2
0.1764706,1.0,3.0,4.0,0.5,0.65177196,0.69972557,0.32085118,0.5073269,0.0,0.0,0.5,0.0,2
0.14990483,2.0,3.0,4.0,0.16666667,0.56123924,0.6475809,0.48148,0.5440225,0.0,0.0,0.5,0.0,2
0.0071026403,2.0,3.0,4.0,0.6666667,0.8895327,0.7379255,0.8237548,0.82290554,0.0,0.0,0.5,0.0,2
0.019083524,2.0,3.0,4.0,0.16666667,0.5311103,0.566221,0.6176135,0.58007604,0.0,0.0,0.5,0.0,2
0.064348616,2.0,3.0,4.0,1.0,0.73625714,0.71602225,0.8385531,0.7796369,0.0,0.0,0.5,0.0,2
0.11764706,2.0,3.0,4.0,0.5,0.8236351,0.7670237,0.7832855,0.7913262,0.0,0.0,0.5,0.0,2
0.1764706,2.0,3.0,4.0,0.8333333,0.6374674,0.76515365,0.34119728,0.528091,0.0,0.0,0.5,0.0,2
0.74013466,2.0,1.0,4.2911444,0.28007445,0.60249424,0.6646607,0.5826579,0.6077869,2.0,0.0,0.0,0.0,2
0.29411766,2.0,3.0,4.0,0.8333333,0.51493746,0.6292905,0.48148,0.52610135,0.0,0.0,0.5,0.0,2
0.06778399,1.0,3.0,4.0,0.6666667,0.4842292,0.5423836,0.57248515,0.5394384,0.0,0.0,0.5,0.0,2
0.11764706,1.0,3.0,4.0,0.33333334,0.59122807,0.63002723,0.6259059,0.61667496,0.0,0.0,0.5,0.0,2
0.13469791,2.0,3.0,4.0,0.8333333,0.5857854,0.60724664,0.40741,0.506894,0.0,0.0,0.5,0.0,2
0.0036836213,1.0,3.0,4.0,0.6666667,0.52259284,0.6328277,0.6689889,0.61741954,0.0,0.0,0.5,0.0,2
0.0821593,2.0,3.0,4.0,0.8333333,0.592568,0.6099177,0.34098583,0.4782595,0.0,0.0,0.5,0.0,2
0.05882353,2.0,3.0,4.0,0.5,0.55155027,0.77632993,0.46000957,0.5613622,0.0,0.0,0.5,0.0,2
0.11764706,2.0,3.0,4.0,0.8333333,0.55389374,0.5294787,0.3725819,0.46282268,0.0,0.0,0.5,0.0,2
0.13696222,2.0,3.0,4.0,0.5,0.7294201,0.65858215,0.66667,0.68321896,0.0,0.0,0.5,0.0,2
0.034247573,2.0,3.0,4.0,1.0,0.42394245,0.7145552,0.52461004,0.5396927,0.0,0.0,0.5,0.0,2
0.2935417,2.0,3.0,4.0,0.8333333,0.5968649,0.5502448,0.48220533,0.531941,0.0,0.0,0.5,0.0,2
0.028136326,2.0,3.0,4.0,1.0,0.7102109,0.66304207,0.7423486,0.7142367,0.0,0.0,0.5,0.0,2
0.23529412,2.0,3.0,4.0,0.16666667,0.56188875,0.66173154,0.4467217,0.53118575,0.0,0.0,0.5,0.0,2
0.1764706,2.0,3.0,4.0,0.33333334,0.6187841,0.5988218,0.3815529,0.5024477,0.0,0.0,0.5,0.0,2
0.1764706,2.0,3.0,4.0,0.8333333,0.53902334,0.69442606,0.5794292,0.5946061,0.0,0.0,0.5,0.0,2
0.033017267,2.0,3.0,4.0,1.0,0.7118048,0.759194,0.819355,0.77356833,0.0,0.0,0.5,0.0,2
0.04570165,2.0,3.0,4.0,0.6666667,0.6845221,0.6832696,0.85185,0.76297075,0.0,0.0,0.5,0.0,2
0.37852168,1.0,3.0,4.0,0.41104606,0.48966852,0.49882004,0.48654202,0.4903505,2.0,0.0,0.0,0.0,2
0.04268395,2.0,3.0,4.0,0.16666667,0.52837884,0.6568593,0.36020723,0.4794695,0.0,0.0,0.5,0.0,2
0.05882353,2.0,3.0,4.0,0.6666667,0.68290526,0.7320398,0.44444,0.5822448,0.0,0.0,0.5,0.0,2
0.11153383,2.0,3.0,4.0,0.16666667,0.61866194,0.6724019,0.47378227,0.5631339,0.0,0.0,0.5,0.0,2
0.22630556,1.0,3.0,4.0,0.6666667,0.6272038,0.64617985,0.51852,0.58052236,0.0,0.0,0.5,0.0,2
0.018538062,1.0,3.0,4.0,0.8333333,0.456791,0.7,0.45813707,0.51465285,0.0,0.0,0.5,0.0,2
0.13389632,2.0,3.0,4.0,0.6666667,0.6105665,0.8207178,0.37037,0.5469803,0.0,0.0,0.5,0.0,2
0.17754981,1.0,3.0,4.0,0.5030578,0.3972287,0.6240827,0.44579914,0.4734638,0.0,0.0,0.5,0.0,2
0.23850179,2.0,3.0,4.0,0.6666667,0.741793,0.76045513,0.79528534,0.77136034,0.0,0.0,0.5,0.0,2
0.10663776,2.0,3.0,4.0,0.16666667,0.5818327,0.68201846,0.48148,0.5581781,0.0,0.0,0.5,0.0,2
0.19575071,2.0,3.0,4.0,0.33333334,0.65532213,0.6413881,0.40133983,0.5325183,0.0,0.0,0.5,0.0,2
0.15545994,1.0,3.0,4.0,0.6666667,0.5514775,0.6839295,0.3201036,0.47375995,0.0,0.0,0.5,0.0,2
0.10646237,2.0,3.0,4.0,0.5,0.49311563,0.6142605,0.46739635,0.5095188,0.0,0.0,0.5,0.0,2
0.055729132,2.0,3.0,4.0,0.33333334,0.44882688,0.69605464,0.37231848,0.47099757,0.0,0.0,0.5,0.0,2
0.019843537,2.0,3.0,4.0,0.5,0.6154837,0.816266,0.49397507,0.6055445,0.0,0.0,0.5,0.0,2
0.04264595,2.0,3.0,4.0,0.5,0.6029267,0.6525019,0.81481,0.71430004,0.0,0.0,0.5,0.0,2
0.29411766,2.0,3.0,4.0,0.24353117,0.51591223,0.64805937,0.61254764,0.5924828,0.0,0.0,0.5,0.0,2
0.110514246,1.0,3.0,4.0,0.33333334,0.6238878,0.7454528,0.4096551,0.5516713,0.0,0.0,0.5,0.0,2
0.05882353,1.0,3.0,4.0,0.5,0.70988625,0.525,0.71777827,0.6700952,0.0,0.0,0.5,0.0,2
0.15824097,1.0,3.0,4.0,0.6666667,0.6979823,0.6672524,0.45591882,0.57684046,0.0,0.0,0.5,0.0,2
0.0,2.0,3.0,4.0,0.33333334,0.46594793,0.62326515,0.29886964,0.42433417,0.0,0.0,0.5,0.0,2
0.1764706,2.0,3.0,4.0,0.6666667,0.64183205,0.6872984,0.8146159,0.73383766,0.0,0.0,0.5,0.0,2
0.2805735,2.0,3.0,4.0,0.5,0.57809347,0.7384874,0.6040468,0.6280464,0.0,0.0,0.5,0.0,2
0.58037114,2.0,3.0,4.0,0.67409396,0.80080765,0.6238859,0.59754145,0.66352844,0.0,0.0,0.5,0.0,2
0.21084458,1.0,3.0,4.0,1.0,0.4601536,0.62921786,0.39201462,0.4678668,0.0,0.0,0.5,0.0,2
0.13540687,2.0,3.0,4.0,0.6666667,0.4071596,0.5674521,0.41089404,0.4466309,0.0,0.0,0.5,0.0,2
0.1764706,2.0,3.0,4.0,0.16666667,0.8497807,0.6369456,0.87839544,0.8131726,0.0,0.0,0.5,0.0,2
0.03798425,1.0,3.0,4.0,0.8333333,0.5903134,0.76771337,0.46835792,0.5746609,0.0,0.0,0.5,0.0,2
0.11465125,2.0,3.0,4.0,0.8333333,0.750897,0.64745355,0.59259,0.65206397,0.0,0.0,0.5,0.0,2
0.05882353,2.0,3.0,4.0,0.33333334,0.54456997,0.6797112,0.51852,0.5641052,0.0,0.0,0.5,0.0,2
0.07304807,2.0,3.0,4.0,0.8333333,0.48724294,0.7284318,0.39336845,0.49981377,0.0,0.0,0.5,0.0,2
0.05882353,2.0,3.0,4.0,0.17855662,0.5350802,0.59464955,0.14550757,0.3657696,0.0,0.0,0.5,0.0,2
0.0,2.0,3.0,4.0,0.5,0.5810816,0.68206406,0.50966203,0.5712365,0.0,0.0,0.5,0.0,2
0.06433643,2.0,3.0,4.0,0.33333334,0.69350904,0.68164253,0.26273137,0.48799872,0.0,0.0,0.5,0.0,2
0.11764706,2.0,3.0,4.0,0.5,0.5215526,0.69549227,0.65999144,0.62762713,0.0,0.0,0.5,0.0,2
0.20831777,2.0,3.0,4.0,0.8333333,0.44317824,0.6562103,0.37037,0.4590417,0.0,0.0,0.5,0.0,2
0.0,2.0,3.0,4.0,0.5,0.48023325,0.66706556,0.52302957,0.5443305,0.0,0.0,0.5,0.0,2
0.12564932,1.0,3.0,4.0,0.8333333,0.44283965,0.5636039,0.2963,0.40229452,0.0,0.0,0.5,0.0,2
0.14815687,1.0,3.0,4.0,0.33333334,0.6275073,0.67686665,0.5912124,0.622038,0.0,0.0,0.5,0.0,2
0.11162792,2.0,3.0,4.0,0.9829458,0.76550704,0.7474419,0.89646924,0.82288647,0.0,0.0,0.5,0.0,2
0.23529412,1.0,3.0,4.0,0.6666667,0.43869042,0.7581413,0.43153098,0.5104889,0.0,0.0,0.5,0.0,2
0.0,1.0,3.0,4.0,0.33333334,0.5842279,0.65,0.78285307,0.693177,0.0,0.0,0.5,0.0,2
0.11705663,2.0,3.0,4.0,1.0,0.5357299,0.60062736,0.1479641,0.3685213,0.0,0.0,0.5,0.0,2
0.09304106,1.0,3.0,4.0,0.8333333,0.61349976,0.64863837,0.74074,0.68164873,0.0,0.0,0.5,0.0,2
0.071546085,1.0,3.0,4.0,0.33333334,0.51458097,0.675,0.563565,0.5753781,0.0,0.0,0.5,0.0,2
0.19652273,1.0,3.0,4.0,0.5568144,0.65199125,0.75965506,0.70454586,0.702051,0.0,0.0,0.5,0.0,2
0.12405255,2.0,3.0,4.0,0.5,0.43838093,0.67772233,0.6336634,0.58659095,0.0,0.0,0.5,0.0,2
0.05882353,2.0,3.0,4.0,0.16666667,0.523154,0.61591345,0.6161674,0.58875364,0.0,0.0,0.5,0.0,2
0.08833906,2.0,3.0,4.0,0.5,0.5239706,0.7,0.6297607,0.61517286,0.0,0.0,0.5,0.0,2
0.11764706,2.0,3.0,4.0,0.6666667,0.55660087,0.69449943,0.4664168,0.54660714,0.0,0.0,0.5,0.0,2
0.2968812,2.0,3.0,4.0,0.84116334,0.5260385,0.53087246,0.59607023,0.5601327,0.0,0.0,0.5,0.0,2
0.40646127,1.0,3.0,3.5225396,0.31834412,0.6124619,0.5810441,0.51928294,0.5612205,2.0,0.0,0.0,0.0,2
0.091868535,2.0,3.0,4.0,0.33333334,0.53464246,0.65547794,0.4733639,0.53423846,0.0,0.0,0.5,0.0,2
0.1764706,2.0,3.0,4.0,1.0,0.53779423,0.6323704,0.33333,0.4638309,0.0,0.0,0.5,0.0,2
0.1764706,1.0,3.0,4.0,0.5,0.6181707,0.69395405,0.672641,0.66163075,0.0,0.0,0.5,0.0,2
0.1072885,1.0,3.0,4.0,0.6666667,0.5921588,0.63820714,0.6906566,0.6493421,0.0,0.0,0.5,0.0,2
0.13023277,2.0,3.0,4.0,0.20232618,0.5356683,0.55,0.30422282,0.43012172,0.0,0.0,0.5,0.0,2
0.23376122,1.0,3.0,4.0,0.33550495,0.4635957,0.52630293,0.29533476,0.39916295,0.0,0.0,0.5,0.0,2
0.11681235,2.0,3.0,4.0,0.5,0.923879,0.7010642,0.96138334,0.8891,0.0,0.0,0.5,0.0,2
0.2640103,1.1706084,3.0,4.0,0.34411484,0.45329344,0.46719006,0.445696,0.45298797,2.0,0.0,0.0,0.0,2
0.23529412,2.0,3.0,4.0,0.5,0.56234664,0.5834847,0.59259,0.5815584,0.0,0.0,0.5,0.0,2
0.037938762,2.0,3.0,4.0,0.16666667,0.5194979,0.65,0.37037,0.4800251,0.0,0.0,0.5,0.0,2
0.0,1.0,3.0,4.0,0.33333334,0.5920824,0.6424578,0.77778,0.6913247,0.0,0.0,0.5,0.0,2
0.11764706,1.0,3.0,4.0,0.16666667,0.6254925,0.6052397,0.46595976,0.5456536,0.0,0.0,0.5,0.0,2
0.05605275,2.0,3.0,4.0,0.8333333,0.62902886,0.5797103,0.51852,0.5654188,0.0,0.0,0.5,0.0,2
0.06463776,2.0,3.0,4.0,0.5,0.87550414,0.72911847,0.8530703,0.83050793,0.0,0.0,0.5,0.0,2
0.035718013,1.0,3.0,4.0,0.33333334,0.63487864,0.6901802,0.46693093,0.5688551,0.0,0.0,0.5,0.0,2
0.10907188,2.0,3.0,4.0,0.6666667,0.64605874,0.7822889,0.3811678,0.5534579,0.0,0.0,0.5,0.0,2
0.013347703,2.0,3.0,4.0,0.33333334,0.67818636,0.7033639,0.6128227,0.65335333,0.0,0.0,0.5,0.0,2
0.0,1.0,3.0,4.0,0.5,0.49546292,0.63275,0.40741,0.4863243,0.0,0.0,0.5,0.0,2
0.26681885,1.0,3.0,4.0,0.6666667,0.49500832,0.663398,0.2420728,0.4155975,0.0,0.0,0.5,0.0,2
0.03186855,1.0,3.0,4.0,0.33333334,0.54618907,0.675,0.45832446,0.5351501,0.0,0.0,0.5,0.0,2
0.2610178,2.0,3.0,4.0,1.0,0.5193972,0.6195337,0.33797684,0.4575798,0.0,0.0,0.5,0.0,2
0.4659021,2.0,3.0,4.0,1.0,0.6870687,0.6509958,0.40888497,0.54766697,0.0,0.0,0.5,0.0,2
0.13155417,2.0,3.0,4.0,0.5,0.72410786,0.7440895,0.40741,0.57977176,0.0,0.0,0.5,0.0,2
0.1764706,2.0,3.0,4.0,0.33333334,0.5613497,0.5608595,0.34405628,0.4589834,0.0,0.0,0.5,0.0,2
0.15312143,2.0,3.0,4.0,0.33333334,0.6023804,0.5797702,0.31863147,0.4635349,0.0,0.0,0.5,0.0,2
0.06850542,2.0,3.0,4.0,0.8333333,0.73483086,0.60822964,0.59259,0.6381081,0.0,0.0,0.5,0.0,2
0.16378947,2.0,3.0,4.0,0.16666667,0.4992157,0.61961055,0.48148,0.51919514,0.0,0.0,0.5,0.0,2
0.09547144,2.0,3.0,4.0,0.5,0.8665159,0.69712317,0.8287735,0.8089025,0.0,0.0,0.5,0.0,2
0.026353512,2.0,3.0,4.0,0.8333333,0.61336726,0.630199,0.51852,0.5726942,0.0,0.0,0.5,0.0,2
0.05882353,2.0,3.0,4.0,0.6666667,0.65167934,0.65,0.68113196,0.6651482,0.0,0.0,0.5,0.0,2
0.05611431,2.0,3.0,4.0,0.1743428,0.5352036,0.6,0.15326735,0.370716,0.0,0.0,0.5,0.0,2
0.05882353,2.0,3.0,4.0,0.5,0.5171323,0.70959604,0.5783744,0.5912374,0.0,0.0,0.5,0.0,2
0.13857508,2.0,3.0,4.0,0.16666667,0.60468304,0.6705528,0.48148,0.5622092,0.0,0.0,0.5,0.0,2
0.23529412,2.0,3.0,4.0,0.8333333,0.6078471,0.7242658,0.48148,0.57577115,0.0,0.0,0.5,0.0,2
0.2240162,2.0,3.0,4.0,0.8333333,0.69502866,0.75,0.23642296,0.49214903,0.0,0.0,0.5,0.0,2
0.0,2.0,3.0,4.0,0.9576965,0.467096,0.73769104,0.34273154,0.47224185,0.0,0.0,0.5,0.0,2
0.0,1.0,3.0,4.0,0.6666667,0.47613752,0.6877096,0.21250167,0.40184993,0.0,0.0,0.5,0.0,2
0.20016262,2.0,3.0,4.0,0.6666667,0.4237323,0.55,0.28857884,0.38984194,0.0,0.0,0.5,0.0,2
0.29411766,2.0,3.0,4.0,0.33333334,0.51034546,0.6829018,0.60039485,0.5933219,0.0,0.0,0.5,0.0,2
0.1764706,1.0,3.0,4.0,0.5,0.39788374,0.6249889,0.44444,0.47323027,0.0,0.0,0.5,0.0,2
0.1706696,2.0,3.0,4.0,0.6666667,0.54322785,0.69753456,0.59989554,0.6061988,0.0,0.0,0.5,0.0,2
0.45249328,1.0,3.0,4.0,0.9743655,0.5841277,0.7057741,0.655276,0.6462282,0.0,0.0,0.5,0.0,2
0.1170639,2.0,3.0,4.0,0.5,0.48820987,0.60074353,0.4807457,0.5111787,0.0,0.0,0.5,0.0,2
0.112334944,1.0,3.0,4.0,0.8333333,0.48300377,0.5943559,0.29797202,0.42213365,0.0,0.0,0.5,0.0,2
0.20619558,1.0,3.0,4.0,0.5,0.4961141,0.5618344,0.7220228,0.6178874,0.0,0.0,0.5,0.0,2
0.29262117,1.0,3.0,4.0,0.8333333,0.60774904,0.612182,0.38936114,0.5060201,0.0,0.0,0.5,0.0,2
0.0,1.0,3.0,4.0,0.33333334,0.54465467,0.6370387,0.77778,0.6760996,0.0,0.0,0.5,0.0,2
0.44363382,1.0,3.0,2.6354437,0.22608614,0.743502,0.63476336,0.5544107,0.6289323,2.0,0.0,0.0,0.0,2
0.0,2.0,3.0,4.0,0.33333334,0.6172927,0.53860825,0.5959503,0.5887349,0.0,0.0,0.5,0.0,2
0.05882353,2.0,3.0,4.0,0.6666667,0.5929892,0.7467382,0.74074,0.6986909,0.0,0.0,0.5,0.0,2
0.11425277,2.0,3.0,4.0,1.0,0.6623731,0.79855746,0.5512854,0.64214087,0.0,0.0,0.5,0.0,2
0.18301584,2.0,3.0,4.0,0.8333333,0.4190691,0.625,0.21398272,0.37101096,0.0,0.0,0.5,0.0,2
0.10143836,2.0,3.0,4.0,0.8333333,0.5710233,0.5456661,0.37037,0.4706294,0.0,0.0,0.5,0.0,2
0.11764706,1.0,3.0,4.0,0.8963267,0.35867187,0.55,0.2913348,0.37200582,0.0,0.0,0.5,0.0,2
0.35383034,1.0,3.0,4.0,0.83459294,0.73959136,0.725,0.59314984,0.66724974,0.0,0.0,0.5,0.0,2
0.05882353,2.0,3.0,4.0,0.6666667,0.6517171,0.6556839,0.44444,0.5551064,0.0,0.0,0.5,0.0,2
0.05882353,2.0,3.0,4.0,0.6666667,0.6438741,0.635654,0.73042953,0.68267137,0.0,0.0,0.5,0.0,2
0.048894577,1.0,3.0,4.0,0.93073267,0.47320816,0.59804946,0.719094,0.6182949,0.0,0.0,0.5,0.0,2
0.0,1.0,3.0,4.0,0.6666667,0.4908373,0.6576364,0.27933034,0.43055183,0.0,0.0,0.5,0.0,2
0.24104492,1.0,3.0,4.0,0.5,0.6300424,0.63233227,0.5330037,0.58491826,0.0,0.0,0.5,0.0,2
0.11764706,2.0,3.0,4.0,0.16666667,0.5897734,0.675,0.48148,0.55886334,0.0,0.0,0.5,0.0,2
0.05882353,2.0,3.0,4.0,0.99572873,0.7166894,0.82692206,0.85185,0.80623156,0.0,0.0,0.5,0.0,2
0.2908801,2.0,3.0,4.0,0.9954135,0.85387594,0.65137595,0.5936093,0.683755,0.0,0.0,0.5,0.0,2
0.18589318,2.0,3.0,4.0,0.33333334,0.6535703,0.6040046,0.67260164,0.6508639,0.0,0.0,0.5,0.0,2
0.0,1.0,3.0,4.0,0.33333334,0.45869544,0.6312057,0.6942506,0.6101363,0.0,0.0,0.5,0.0,2
0.0,1.0,3.0,4.0,0.33333334,0.5117443,0.5785868,0.54708916,0.54410756,0.0,0.0,0.5,0.0,2
0.112508245,2.0,3.0,4.0,0.16666667,0.6756579,0.747816,0.7069358,0.7073582,0.0,0.0,0.5,0.0,2
0.10021436,1.0,3.0,4.0,0.16666667,0.44771656,0.6175911,0.41289702,0.4713011,0.0,0.0,0.5,0.0,2
0.018850004,2.0,3.0,4.0,0.5,0.62510973,0.625,0.8399805,0.7261968,0.0,0.0,0.5,0.0,2
0.07205237,2.0,3.0,4.0,0.16666667,0.71507657,0.6531113,0.7324101,0.7086554,0.0,0.0,0.5,0.0,2
0.08419886,2.0,3.0,4.0,0.6666667,0.4907341,0.6642155,0.32825238,0.45509252,0.0,0.0,0.5,0.0,2
0.11764706,2.0,3.0,4.0,0.6666667,0.41397944,0.582021,0.41323587,0.45316875,0.0,0.0,0.5,0.0,2
0.0,1.0,3.0,4.0,0.33333334,0.5221033,0.62041557,0.50234556,0.53593963,0.0,0.0,0.5,0.0,2
0.050294332,2.0,3.0,4.0,0.6666667,0.46915317,0.58206266,0.33333,0.4318028,0.0,0.0,0.5,0.0,2
0.19690137,2.0,3.0,4.0,0.6666667,0.45195815,0.56631696,0.25847948,0.3878232,0.0,0.0,0.5,0.0,2
0.049391743,2.0,3.0,4.0,0.6666667,0.71614635,0.691983,0.84591097,0.77152723,0.0,0.0,0.5,0.0,2
0.57092184,2.0,3.0,4.8561854,0.31533095,0.78718,0.6454978,0.7167645,0.7207063,2.0,0.0,0.0,0.0,2
0.18469378,1.0,3.0,4.0,0.5,0.46478146,0.59274226,0.634808,0.5749064,0.0,0.0,0.5,0.0,2
0.0,2.0,3.0,4.0,0.6666667,0.8179945,0.6596242,0.81481,0.7792361,0.0,0.0,0.5,0.0,2
0.11764706,1.0,3.0,4.0,1.0,0.5360431,0.64614624,0.38178793,0.48935738,0.0,0.0,0.5,0.0,2
0.1764706,2.0,3.0,4.0,0.2334903,0.9231518,0.6248823,0.96296,0.87170446,0.0,0.0,0.5,0.0,2
0.39782992,1.0,3.0,4.0,0.2938514,0.8528852,0.6783006,0.8323589,0.80214655,0.0,0.0,0.5,0.0,2
0.0,1.0,3.0,4.0,0.5,0.5810098,0.57210493,0.6797685,0.6253888,0.0,0.0,0.5,0.0,2
0.06535956,1.0,3.0,4.0,0.5,0.76000226,0.6527778,0.7366244,0.72377557,0.0,0.0,0.5,0.0,2
0.03202975,1.0,3.0,4.0,0.33333334,0.3716784,0.55667585,0.41070154,0.4335711,0.0,0.0,0.5,0.0,2
0.16444348,2.0,3.0,4.0,0.6666667,0.50356346,0.73522305,0.44444,0.53024906,0.0,0.0,0.5,0.0,2
0.23529412,1.0,3.0,4.0,0.6666667,0.5013956,0.7686173,0.46256927,0.54600257,0.0,0.0,0.5,0.0,2
0.25933003,2.0,3.0,4.0,0.5,0.44959968,0.72956944,0.28534746,0.43818188,0.0,0.0,0.5,0.0,2
0.12868264,2.0,3.0,4.0,0.6666667,0.6893464,0.77969015,0.7557856,0.74187106,0.0,0.0,0.5,0.0,2
0.0038599558,1.0,3.0,4.0,0.5,0.48244587,0.69753927,0.66545475,0.6191794,0.0,0.0,0.5,0.0,2
0.15506132,2.0,3.0,4.0,0.9393404,0.7842798,0.625,0.467999,0.59796715,0.0,0.0,0.5,0.0,2
0.3903321,1.0,3.0,4.0,0.7726076,0.6933574,0.73410887,0.5891466,0.65390646,0.0,0.0,0.5,0.0,2
0.11764706,2.0,3.0,4.0,0.16666667,0.6546278,0.73238105,0.78200567,0.7328715,0.0,0.0,0.5,0.0,2
0.22820568,2.0,3.0,4.0,0.8132494,0.4566152,0.63403773,0.13029741,0.3447992,0.0,0.0,0.5,0.0,2
0.027058965,2.0,3.0,4.0,0.5,0.6245348,0.625,0.8348115,0.72359556,0.0,0.0,0.5,0.0,2
0.112055704,2.0,3.0,4.0,0.16666667,0.6186712,0.6726237,0.4744394,0.5634981,0.0,0.0,0.5,0.0,2
0.11764706,1.0,3.0,4.0,0.8333333,0.4737917,0.5913374,0.2963,0.4179269,0.0,0.0,0.5,0.0,2
0.5714207,2.0,3.0,4.0,0.5,0.39111045,0.55476415,0.11640342,0.30034718,0.0,0.0,0.5,0.0,2
0.3262648,1.2732508,3.0,2.0,0.13048892,0.6575602,0.5522645,0.4972922,0.5573645,2.0,0.0,0.0,0.0,2
0.05882353,2.0,3.0,4.0,1.0,0.5683997,0.583043,0.53526676,0.5562483,0.0,0.0,0.5,0.0,2
0.21455279,2.0,3.0,4.0,0.4412329,0.64271003,0.65736985,0.35945082,0.51286215,0.0,0.0,0.5,0.0,2
0.12795366,1.0,3.0,4.0,0.5,0.5705547,0.5868591,0.7212722,0.6453175,0.0,0.0,0.5,0.0,2
0.0,2.0,3.0,4.0,0.5,0.49228495,0.6394574,0.5734951,0.5651252,0.0,0.0,0.5,0.0,2
0.09039449,2.0,3.0,4.0,0.5,0.6831886,0.63841766,0.8545692,0.7533053,0.0,0.0,0.5,0.0,2
0.05615275,1.0,3.0,4.0,0.33333334,0.42441732,0.6215947,0.44612175,0.48102355,0.0,0.0,0.5,0.0,2
0.0,1.0,3.0,4.0,0.28499514,0.34867322,0.475,0.33814487,0.3734437,0.0,0.0,0.5,0.0,2
0.113588825,1.0,3.0,4.0,0.5,0.6765132,0.6034495,0.7062554,0.6733172,0.0,0.0,0.5,0.0,2
0.0,2.0,3.0,4.0,0.33333334,0.42994526,0.6141824,0.43794444,0.4770586,0.0,0.0,0.5,0.0,2
0.08548821,2.0,3.0,4.0,0.8333333,0.7947004,0.84333754,0.8182741,0.8172398,0.0,0.0,0.5,0.0,2
0.09011892,2.0,3.0,4.0,0.5,0.8652783,0.68509835,0.8321439,0.8072954,0.0,0.0,0.5,0.0,2
0.1523783,1.0,3.0,4.0,0.6666667,0.5837577,0.60571766,0.50334954,0.5510875,0.0,0.0,0.5,0.0,2
0.055215828,1.0,3.0,4.0,0.33333334,0.42595991,0.6204002,0.44671172,0.48147383,0.0,0.0,0.5,0.0,2
0.05882353,1.0,3.0,4.0,0.6666667,0.47900826,0.6681088,0.7004986,0.62773603,0.0,0.0,0.5,0.0,2
0.05882353,2.0,3.0,4.0,0.8333333,0.4556476,0.575,0.54530466,0.5259189,0.0,0.0,0.5,0.0,2
0.0,2.0,3.0,4.0,0.8333333,0.51038486,0.605014,0.28887123,0.42840427,0.0,0.0,0.5,0.0,2
0.3289908,1.0,3.0,4.0,0.8333333,0.5913676,0.61991054,0.37791055,0.4976331,0.0,0.0,0.5,0.0,2
0.23529412,2.0,3.0,4.0,0.5,0.6010842,0.67525226,0.5918426,0.61418945,0.0,0.0,0.5,0.0,2
0.084557764,1.0,3.0,4.0,0.8333333,0.4696697,0.5312518,0.2916643,0.4003905,0.0,0.0,0.5,0.0,2
0.0,2.0,3.0,4.0,0.5,0.55851233,0.59258986,0.84750646,0.7025328,0.0,0.0,0.5,0.0,2
0.114594065,2.0,3.0,4.0,0.16666667,0.6752856,0.7435124,0.70562243,0.70561796,0.0,0.0,0.5,0.0,2
0.04758125,2.0,3.0,4.0,0.8333333,0.5891562,0.5845559,0.28922096,0.4469232,0.0,0.0,0.5,0.0,2
0.11764706,2.0,3.0,4.0,0.16666667,0.68220073,0.75,0.7151855,0.71367615,0.0,0.0,0.5,0.0,2
0.11764706,2.0,3.0,4.0,0.5,0.76874053,0.65,0.8690162,0.7879941,0.0,0.0,0.5,0.0,2
0.122240774,1.0,3.0,4.0,0.8333333,0.66539776,0.6320318,0.42071727,0.54240364,0.0,0.0,0.5,0.0,2
0.39198682,1.0,3.0,3.5840561,0.32474184,0.592065,0.568733,0.5105774,0.54822797,2.0,0.0,0.0,0.0,2
0.08930223,2.0,3.0,4.0,0.5,0.5430481,0.6301164,0.2873759,0.4432203,0.0,0.0,0.5,0.0,2
0.16357282,1.0,3.0,4.0,0.6666667,0.62183315,0.74451846,0.45889926,0.5740289,0.0,0.0,0.5,0.0,2
0.064938776,1.0,3.0,4.0,0.6666667,0.5600123,0.6,0.36651936,0.47836772,0.0,0.0,0.5,0.0,2
0.010704309,2.0,3.0,4.0,0.46967113,0.54506415,0.561352,0.85185,0.6932718,0.0,0.0,0.5,0.0,2
0.08856631,1.0,3.0,4.0,0.6666667,0.47709635,0.73735934,0.6943383,0.64056623,0.0,0.0,0.5,0.0,2
0.042856555,2.0,3.0,4.0,0.8333333,0.43526652,0.6021438,0.5455059,0.5264058,0.0,0.0,0.5,0.0,2
0.23529412,2.0,3.0,4.0,0.6666667,0.6665218,0.6468661,0.51852,0.59224457,0.0,0.0,0.5,0.0,2
0.039002076,2.0,3.0,4.0,0.5,0.665125,0.6084241,0.48148,0.5653601,0.0,0.0,0.5,0.0,2
0.17639011,1.0,3.0,4.0,1.0,0.4420309,0.6000114,0.4074438,0.46292883,0.0,0.0,0.5,0.0,2
0.09377934,2.0,3.0,4.0,0.8333333,0.5911949,0.6,0.39238098,0.4997078,0.0,0.0,0.5,0.0,2
0.16350068,1.0,3.0,4.0,0.96325195,0.77032787,0.6305122,0.6459616,0.67890745,0.0,0.0,0.5,0.0,2
0.11764706,1.0,3.0,4.0,0.8333333,0.71402806,0.65,0.7300905,0.70652705,0.0,0.0,0.5,0.0,2
0.20838065,2.0,3.0,4.0,0.8333333,0.58895683,0.6656853,0.44759083,0.5404845,0.0,0.0,0.5,0.0,2
0.335341,2.0,3.0,4.0,1.0,0.5278226,0.625,0.2758822,0.4321229,0.0,0.0,0.5,0.0,2
0.14004058,2.0,3.0,4.0,0.6666667,0.55199564,0.6095173,0.51852,0.54977566,0.0,0.0,0.5,0.0,2
0.034442957,2.0,3.0,4.0,0.8333333,0.6260648,0.71891475,0.4751439,0.5768899,0.0,0.0,0.5,0.0,2
0.11764706,2.0,3.0,4.0,0.5,0.4223242,0.675383,0.33333,0.4399887,0.0,0.0,0.5,0.0,2
0.060039494,2.0,3.0,4.0,0.33333334,0.6427665,0.79896647,0.55402863,0.63776225,0.0,0.0,0.5,0.0,2
0.05882353,2.0,3.0,4.0,0.6666667,0.57517934,0.65,0.6395945,0.623096,0.0,0.0,0.5,0.0,2
0.20691743,2.0,3.0,4.0,0.5,0.44846913,0.72236055,0.24008824,0.4148537,0.0,0.0,0.5,0.0,2
0.13346158,2.0,3.0,4.0,0.8333333,0.77578086,0.76827884,0.7976935,0.7843292,0.0,0.0,0.5,0.0,2
0.065570466,1.0,3.0,4.0,0.33333334,0.48560888,0.65,0.7640172,0.6553071,0.0,0.0,0.5,0.0,2
0.32459605,1.0,3.0,4.0,0.7469779,0.40169078,0.46114007,0.57340354,0.49648094,0.0,0.0,0.5,0.0,2
0.037546456,2.0,3.0,4.0,0.8333333,0.54761213,0.68191445,0.30653813,0.46577117,0.0,0.0,0.5,0.0,2
0.0,2.0,3.0,4.0,1.0,0.51485604,0.62626976,0.4795987,0.52448565,0.0,0.0,0.5,0.0,2
0.11764706,2.0,3.0,4.0,1.0,0.77201414,0.731608,0.83439445,0.79186434,0.0,0.0,0.5,0.0,2
0.1764706,2.0,3.0,4.0,1.0,0.509926,0.5912427,0.33333,0.4459584,0.0,0.0,0.5,0.0,2
0.1835402,1.0,3.0,4.0,0.5,0.4557923,0.625,0.65037584,0.5871748,0.0,0.0,0.5,0.0,2
0.05882353,1.0,3.0,4.0,0.36987802,0.7764132,0.6835549,0.5393166,0.6429861,0.0,0.0,0.5,0.0,2
0.017147666,2.0,3.0,4.0,0.5,0.59299284,0.7,0.52931756,0.5882106,0.0,0.0,0.5,0.0,2
0.1663477,2.0,3.0,4.0,0.9713185,0.78603536,0.625,0.47510582,0.60182756,0.0,0.0,0.5,0.0,2
0.001622353,2.0,3.0,4.0,0.5,0.698468,0.551379,0.47943714,0.56078845,0.0,0.0,0.5,0.0,2
0.1764706,2.0,3.0,4.0,0.6666667,0.66988575,0.6637797,0.7165377,0.69039875,0.0,0.0,0.5,0.0,2
0.05882353,2.0,3.0,4.0,0.33333334,0.5113055,0.72897565,0.641409,0.6237449,0.0,0.0,0.5,0.0,2
0.01059975,2.0,3.0,4.0,0.33333334,0.84829533,0.7274755,0.44444,0.62982154,0.0,0.0,0.5,0.0,2
0.05882353,2.0,3.0,4.0,0.8333333,0.53073853,0.65491176,0.40013275,0.4984942,0.0,0.0,0.5,0.0,2
0.04726577,2.0,3.0,4.0,0.5,0.5478061,0.625,0.4517177,0.52074987,0.0,0.0,0.5,0.0,2
0.12482532,1.0,3.0,4.0,0.33333334,0.6069536,0.63720304,0.6205912,0.62048715,0.0,0.0,0.5,0.0,2
0.05146322,2.0,3.0,4.0,0.6666667,0.4959882,0.65935934,0.3009334,0.44263774,0.0,0.0,0.5,0.0,2
0.05882353,2.0,3.0,4.0,0.6666667,0.5877336,0.7462618,0.7462785,0.69964045,0.0,0.0,0.5,0.0,2
0.1764706,2.0,3.0,4.0,0.6666667,0.83283156,0.79053956,0.75350416,0.78555226,0.0,0.0,0.5,0.0,2
0.11583189,1.0,3.0,4.0,0.6666667,0.5843326,0.6,0.33447298,0.47044265,0.0,0.0,0.5,0.0,2
0.23529412,2.0,3.0,4.0,0.16666667,0.5846529,0.67370266,0.41125387,0.5240079,0.0,0.0,0.5,0.0,2
0.025088903,1.0,3.0,4.0,0.33333334,0.49179566,0.65,0.772514,0.6611246,0.0,0.0,0.5,0.0,2
0.04627098,2.0,3.0,4.0,0.5,0.6213976,0.69633937,0.9392499,0.7886072,0.0,0.0,0.5,0.0,2
0.09794977,1.0,3.0,4.0,0.33333334,0.9417502,0.5835994,0.9133514,0.8441163,0.0,0.0,0.5,0.0,2
0.0,2.0,3.0,4.0,0.16666667,0.43935356,0.6710668,0.33915737,0.44672558,0.0,0.0,0.5,0.0,2
0.0,2.0,3.0,4.0,0.33333334,0.44479156,0.6690563,0.2963,0.42767864,0.0,0.0,0.5,0.0,2
0.01384005,2.0,3.0,4.0,0.5,0.46375266,0.53823596,0.27015793,0.39016858,0.0,0.0,0.5,0.0,2
0.05882353,2.0,3.0,4.0,0.8333333,0.610527,0.66677636,0.5677408,0.60362566,0.0,0.0,0.5,0.0,2
0.05882353,1.0,3.0,4.0,0.5,0.7946423,0.58146757,0.5620977,0.6350492,0.0,0.0,0.5,0.0,2
0.1499594,1.0,3.0,4.0,1.0,0.46405163,0.6225345,0.37037,0.45725834,0.0,0.0,0.5,0.0,2
0.15811859,1.0,3.0,4.0,0.5,0.5359353,0.61720043,0.74074,0.6514353,0.0,0.0,0.5,0.0,2
0.14602944,2.0,3.0,4.0,1.0,0.7847896,0.58618754,0.42398062,0.56826806,0.0,0.0,0.5,0.0,2
0.087842785,2.0,3.0,4.0,0.8333333,0.4859322,0.61266685,0.66667,0.6008043,0.0,0.0,0.5,0.0,2
0.0,2.0,3.0,4.0,0.5,0.5854058,0.6709572,0.48148,0.5566295,0.0,0.0,0.5,0.0,2
0.0,1.0,3.0,4.0,0.4844287,0.60912764,0.6726643,0.7442006,0.68764675,0.0,0.0,0.5,0.0,2
0.0009448156,2.0,3.0,4.0,0.16666667,0.5066729,0.5508031,0.6290351,0.5746335,0.0,0.0,0.5,0.0,2
0.16365714,1.0,3.0,4.0,0.8333333,0.49588713,0.6608914,0.31243458,0.44838005,0.0,0.0,0.5,0.0,2
0.0073166373,2.0,3.0,4.0,0.6666667,0.5693827,0.68432873,0.70830715,0.6618065,0.0,0.0,0.5,0.0,2
0.22338514,1.0,3.0,4.0,0.6666667,0.6379454,0.6550613,0.50352234,0.5787143,0.0,0.0,0.5,0.0,2
0.05882353,2.0,3.0,4.0,0.6666667,0.64367133,0.6346022,0.73510396,0.6845637,0.0,0.0,0.5,0.0,2
0.086480334,1.0,3.0,4.0,0.33333334,0.65556765,0.75,0.78938836,0.7407581,0.0,0.0,0.5,0.0,2
0.05882353,1.0,3.0,4.0,0.6666667,0.5461937,0.5951243,0.37037,0.47496793,0.0,0.0,0.5,0.0,2
0.24223302,2.0,3.0,4.0,0.5,0.45325604,0.74410194,0.27996463,0.44014376,0.0,0.0,0.5,0.0,2
0.088427275,1.0,3.0,4.0,0.91648537,0.48818612,0.6124184,0.12967029,0.34870216,0.0,0.0,0.5,0.0,2
0.0,2.0,3.0,4.0,0.33333334,0.6699741,0.7146903,0.35299993,0.5313292,0.0,0.0,0.5,0.0,2
0.23125994,2.0,3.0,4.0,0.5,0.73595995,0.7982854,0.614925,0.69366264,0.0,0.0,0.5,0.0,2
0.09063145,1.0,3.0,4.0,0.6666667,0.47624025,0.61759186,0.5155024,0.52797186,0.0,0.0,0.5,0.0,2
0.14291741,2.0,3.0,4.0,0.6666667,0.5108774,0.6857399,0.63484555,0.61035526,0.0,0.0,0.5,0.0,2
0.19463733,2.0,3.0,4.0,0.6666667,0.5856398,0.53272086,0.11982382,0.35398763,0.0,0.0,0.5,0.0,2
0.0,1.0,3.0,4.0,0.33333334,0.52135026,0.6102831,0.49934307,0.5319207,0.0,0.0,0.5,0.0,2
0.0,1.0,3.0,4.0,0.51974875,0.5100447,0.7,0.18519,0.40186167,0.0,0.0,0.5,0.0,2
0.2986455,1.0,3.0,4.0,0.5064145,0.55442697,0.62307566,0.40741,0.50139844,0.0,0.0,0.5,0.0,2
0.2520935,2.0,3.0,4.0,0.8333333,0.78257155,0.7071616,0.8624282,0.802408,0.0,0.0,0.5,0.0,2
0.114851005,1.0,3.0,4.0,1.0,0.5029724,0.65,0.25926,0.42288026,0.0,0.0,0.5,0.0,2
0.1952834,1.0,3.0,4.0,0.33333334,0.65736794,0.75,0.8350563,0.76278126,0.0,0.0,0.5,0.0,2
0.11054947,2.0,3.0,4.0,0.8333333,0.809795,0.79008234,0.7867172,0.7942975,0.0,0.0,0.5,0.0,2
0.081318825,1.0,3.0,4.0,0.5,0.81152195,0.55,0.8218924,0.7548708,0.0,0.0,0.5,0.0,2
0.018991034,2.0,3.0,4.0,0.5,0.5704745,0.625,0.46952173,0.53579485,0.0,0.0,0.5,0.0,2
0.03676642,2.0,3.0,4.0,0.33333334,0.7693666,0.6906257,0.736117,0.7351886,0.0,0.0,0.5,0.0,2
0.13626763,1.0,3.0,4.0,0.6666667,0.6592567,0.65791374,0.469755,0.56976545,0.0,0.0,0.5,0.0,2
0.12844643,1.0,3.0,4.0,0.16666667,0.6497778,0.62958974,0.3666128,0.51177347,0.0,0.0,0.5,0.0,2
0.11764706,2.0,3.0,4.0,0.5,0.48173732,0.6,0.3148711,0.4310406,0.0,0.0,0.5,0.0,2
0.0041700928,1.0,3.0,4.0,0.33333334,0.71458226,0.6338614,0.8810133,0.77390385,0.0,0.0,0.5,0.0,2
0.0,2.0,3.0,4.0,0.5,0.63480866,0.75935686,0.8402615,0.76079464,0.0,0.0,0.5,0.0,2
0.11764706,1.0,3.0,4.0,0.16666667,0.577446,0.57823515,0.54597425,0.5628231,0.0,0.0,0.5,0.0,2
0.017567027,2.0,3.0,4.0,0.3084467,0.75926965,0.788801,0.4184701,0.60584104,0.0,0.0,0.5,0.0,2
0.17540622,2.0,3.0,4.0,0.8333333,0.58031994,0.62454766,0.48148,0.54421014,0.0,0.0,0.5,0.0,2
0.05882353,2.0,3.0,4.0,0.16666667,0.50620735,0.6,0.5693354,0.5579816,0.0,0.0,0.5,0.0,2
0.08852822,1.0,3.0,4.0,1.0,0.5526107,0.6123755,0.7037,0.63777137,0.0,0.0,0.5,0.0,2
0.13680176,2.0,3.0,4.0,0.5,0.6602201,0.5203519,0.65460867,0.6246689,0.0,0.0,0.5,0.0,2
0.10665209,2.0,3.0,4.0,0.5,0.6911551,0.6656543,0.67359143,0.67688626,0.0,0.0,0.5,0.0,2
0.17530614,2.0,3.0,4.0,0.33003408,0.9947015,0.8975255,1.0,0.97433347,0.0,0.0,0.5,0.0,2
0.0,2.0,3.0,4.0,0.5,0.8676503,0.7695341,0.7471087,0.7878408,0.0,0.0,0.5,0.0,2
0.10638661,2.0,3.0,4.0,0.6666667,0.46936962,0.675,0.67375857,0.61393327,0.0,0.0,0.5,0.0,2
0.11764706,2.0,3.0,4.0,0.5,0.53116333,0.5705828,0.59259,0.5693442,0.0,0.0,0.5,0.0,2
0.22764641,2.0,3.0,4.0,0.33333334,0.78113765,0.7282503,0.8566656,0.8042337,0.0,0.0,0.5,0.0,2
0.08414943,1.0,3.0,4.0,0.6666667,0.43075496,0.70347303,0.5025728,0.52871937,0.0,0.0,0.5,0.0,2
0.0071773827,2.0,3.0,4.0,0.8333333,0.51971704,0.7658488,0.36585054,0.5052233,0.0,0.0,0.5,0.0,2
0.0,1.0,3.0,4.0,0.33333334,0.5131618,0.55,0.5107042,0.52067333,0.0,0.0,0.5,0.0,2
0.22075696,2.0,3.0,4.0,0.4588114,0.96769524,0.8623566,0.9163488,0.9187475,0.0,0.0,0.5,0.0,2
0.05882353,2.0,3.0,4.0,0.6666667,0.65424633,0.63941455,0.4312627,0.5458209,0.0,0.0,0.5,0.0,2
0.55861664,2.0,3.0,4.0,0.5,0.39262617,0.558392,0.1204343,0.3035433,0.0,0.0,0.5,0.0,2
0.0,2.0,3.0,4.0,0.5,0.604078,0.60832685,0.85185,0.72167593,0.0,0.0,0.5,0.0,2
0.0,2.0,3.0,4.0,0.33333334,0.48632094,0.56612295,0.3345416,0.43367398,0.0,0.0,0.5,0.0,2
0.0545817,1.0,3.0,4.0,0.6666667,0.44837144,0.55360556,0.367699,0.43517026,0.0,0.0,0.5,0.0,2
0.0,1.0,3.0,4.0,0.6666667,0.49130484,0.68459487,0.20801215,0.4034649,0.0,0.0,0.5,0.0,2
0.08126124,2.0,3.0,4.0,0.8333333,0.55346566,0.6713919,0.31920522,0.47097656,0.0,0.0,0.5,0.0,2
0.05882353,1.0,3.0,4.0,0.5,0.7568806,0.6508975,0.7433994,0.72560275,0.0,0.0,0.5,0.0,2
0.092336684,1.0,3.0,4.0,0.8333333,0.6575858,0.65537846,0.7988747,0.72355956,0.0,0.0,0.5,0.0,2
0.01567725,2.0,3.0,4.0,0.8333333,0.5568545,0.66332567,0.27900064,0.45115665,0.0,0.0,0.5,0.0,2
0.006834762,1.0,3.0,4.0,0.8333333,0.5538598,0.7883809,0.44013745,0.5555242,0.0,0.0,0.5,0.0,2
0.0,2.0,3.0,4.0,0.5,0.5681677,0.7030996,0.8229219,0.71979904,0.0,0.0,0.5,0.0,2
0.1764706,1.0,3.0,4.0,0.63087815,0.5846529,0.6857366,0.33333,0.49016842,0.0,0.0,0.5,0.0,2
0.023464547,1.0,3.0,4.0,0.6666667,0.51168394,0.5950827,0.62234855,0.5833797,0.0,0.0,0.5,0.0,2
0.11821401,2.0,3.0,4.0,0.33333334,0.6893784,0.625,0.2973709,0.4897552,0.0,0.0,0.5,0.0,2
0.11764706,2.0,3.0,4.0,0.33333334,0.4184954,0.6674746,0.54261154,0.53548867,0.0,0.0,0.5,0.0,2
0.1141925,2.0,3.0,4.0,0.33333334,0.50899315,0.67940456,0.77342945,0.6735244,0.0,0.0,0.5,0.0,2
0.12266288,2.0,3.0,4.0,0.48578852,0.92167884,0.70426345,0.9598025,0.8884617,0.0,0.0,0.5,0.0,2
0.1764706,1.0,3.0,4.0,0.5,0.56657475,0.625,0.8139596,0.6967453,0.0,0.0,0.5,0.0,2
0.05882353,2.0,3.0,4.0,0.6666667,0.83931774,0.69124126,0.9499876,0.8565533,0.0,0.0,0.5,0.0,2
